claim_id,member_age,payer,claim_type,procedure_category,diagnosis_category,provider_network,prior_auth_required,prior_auth_present,documentation_complete,days_from_service_to_submission,billed_amount,allowed_amount_estimate,historical_provider_denial_rate,duplicate_claim_flag,coding_mismatch_flag,member_coverage_active,denial_reason,denied
CLM000001,42,BlueCross,professional,lab,general,in_network,False,True,True,40,421.55,234.35,0.218,False,False,True,,0
CLM000002,61,BlueCross,outpatient,imaging,oncology,in_network,True,True,True,22,1019.71,655.78,0.073,False,False,True,,0
CLM000003,18,United,professional,therapy,respiratory,in_network,True,False,True,16,416.38,240.44,0.182,False,False,True,,0
CLM000004,38,Humana,professional,imaging,orthopedics,in_network,True,True,True,15,1426.4,923.74,0.098,False,True,False,coverage_inactive,1
CLM000005,50,United,inpatient,imaging,general,in_network,True,True,True,20,1045.85,875.76,0.114,False,False,True,,0
CLM000006,60,Humana,pharmacy,therapy,cardiology,in_network,True,True,True,18,1177.18,882.8,0.11,False,False,True,,1
CLM000007,39,Cigna,professional,evaluation,orthopedics,in_network,False,True,False,31,186.62,112.55,0.063,False,True,True,coding_mismatch,1
CLM000008,48,Humana,professional,evaluation,general,out_of_network,False,True,False,27,231.9,192.19,0.041,False,False,True,network_coverage,1
CLM000009,34,Humana,inpatient,evaluation,oncology,in_network,True,True,True,53,241.62,172.2,0.06,False,False,True,,1
CLM000010,37,Humana,outpatient,evaluation,cardiology,in_network,False,True,True,18,199.65,143.08,0.133,False,True,True,coding_mismatch,1
CLM000011,42,BlueCross,outpatient,evaluation,oncology,in_network,False,True,True,66,163.77,104.96,0.071,False,False,True,,0
CLM000012,57,BlueCross,pharmacy,evaluation,orthopedics,in_network,False,True,False,62,376.46,221.09,0.107,False,False,True,,0
CLM000013,83,Aetna,professional,imaging,oncology,in_network,True,False,True,15,795.78,631.05,0.293,False,False,True,missing_prior_authorization,1
CLM000014,22,BlueCross,professional,therapy,orthopedics,in_network,True,True,True,12,457.75,376.01,0.19,False,False,True,,0
CLM000015,32,United,outpatient,imaging,orthopedics,in_network,True,True,False,40,1082.51,635.67,0.091,False,False,True,,0
CLM000016,27,United,outpatient,imaging,general,out_of_network,True,True,True,30,3381.11,1800.01,0.25,False,False,True,network_coverage,1
CLM000017,30,Aetna,outpatient,imaging,cardiology,in_network,True,True,False,14,766.29,541.88,0.281,False,False,True,incomplete_documentation,1
CLM000018,49,Cigna,inpatient,evaluation,respiratory,out_of_network,True,True,True,30,550.82,461.43,0.047,False,False,True,,0
CLM000019,86,United,professional,evaluation,cardiology,in_network,False,True,True,14,326.08,206.73,0.324,False,False,True,,0
CLM000020,40,Humana,professional,pharmacy,oncology,in_network,False,True,True,27,143.28,105.0,0.201,False,False,True,,0
CLM000021,69,Humana,professional,pharmacy,respiratory,out_of_network,False,True,False,24,251.07,143.26,0.255,False,False,True,network_coverage,1
CLM000022,76,Cigna,outpatient,pharmacy,general,out_of_network,False,True,True,16,315.1,250.05,0.124,False,False,True,,0
CLM000023,31,BlueCross,pharmacy,imaging,orthopedics,in_network,True,True,True,68,681.92,487.88,0.233,False,False,True,,0
CLM000024,32,United,pharmacy,evaluation,cardiology,in_network,False,True,True,71,362.19,257.87,0.214,False,False,True,,0
CLM000025,68,Aetna,professional,evaluation,respiratory,in_network,False,True,True,19,338.69,232.28,0.168,False,False,True,,0
CLM000026,27,United,outpatient,evaluation,general,in_network,False,True,True,58,483.68,365.12,0.308,False,False,True,,0
CLM000027,77,United,outpatient,imaging,oncology,in_network,True,True,True,13,1643.37,1000.03,0.195,False,False,True,,0
CLM000028,22,BlueCross,inpatient,imaging,cardiology,in_network,True,True,True,4,2836.5,2316.32,0.057,False,False,True,,0
CLM000029,60,Cigna,inpatient,pharmacy,oncology,in_network,True,True,True,21,321.13,240.05,0.372,False,False,True,,0
CLM000030,76,United,professional,imaging,orthopedics,in_network,True,False,True,20,1224.01,859.68,0.211,False,False,True,,0
CLM000031,85,Cigna,professional,lab,oncology,out_of_network,False,True,True,8,604.4,511.25,0.041,False,False,True,network_coverage,1
CLM000032,79,BlueCross,pharmacy,lab,cardiology,in_network,False,True,True,14,260.96,189.43,0.319,False,False,True,,0
CLM000033,64,Aetna,outpatient,imaging,orthopedics,in_network,True,True,True,60,2189.05,1837.82,0.059,True,False,True,,0
CLM000034,82,Cigna,outpatient,imaging,general,in_network,True,True,True,26,1313.64,759.79,0.072,False,False,False,,0
CLM000035,54,BlueCross,outpatient,pharmacy,cardiology,out_of_network,False,True,True,62,312.73,176.68,0.071,True,False,True,duplicate_claim,1
CLM000036,81,United,outpatient,evaluation,general,in_network,False,True,True,32,151.81,88.47,0.159,False,False,True,,1
CLM000037,89,United,inpatient,pharmacy,oncology,out_of_network,True,True,False,38,289.12,232.78,0.409,False,False,True,,0
CLM000038,80,BlueCross,outpatient,lab,oncology,in_network,False,True,False,32,311.75,226.12,0.101,False,False,True,incomplete_documentation,1
CLM000039,66,BlueCross,outpatient,surgery,general,in_network,True,True,True,29,12087.82,10371.61,0.131,False,False,True,,0
CLM000040,88,BlueCross,professional,lab,orthopedics,in_network,False,True,True,19,110.27,63.62,0.105,False,False,True,,0
CLM000041,89,Cigna,outpatient,lab,general,in_network,False,True,True,35,201.39,143.23,0.22,False,False,True,,0
CLM000042,46,Humana,professional,imaging,orthopedics,out_of_network,True,True,True,36,1277.56,716.02,0.323,False,False,True,network_coverage,1
CLM000043,39,Aetna,professional,evaluation,orthopedics,in_network,False,True,True,44,329.04,268.96,0.058,False,False,True,,0
CLM000044,65,United,outpatient,pharmacy,oncology,in_network,False,True,False,50,74.04,59.81,0.392,False,False,True,,0
CLM000045,52,Humana,professional,therapy,respiratory,in_network,True,True,True,64,350.4,276.82,0.209,False,False,True,,0
CLM000046,21,Aetna,professional,lab,orthopedics,out_of_network,True,False,True,30,332.87,199.88,0.036,False,False,True,,0
CLM000047,40,BlueCross,outpatient,lab,respiratory,in_network,False,True,True,33,193.17,129.79,0.13,False,False,True,,0
CLM000048,80,Humana,outpatient,imaging,cardiology,in_network,True,False,True,28,2891.38,2353.08,0.177,False,False,True,,0
CLM000049,82,Cigna,professional,surgery,respiratory,in_network,True,True,True,63,7790.22,5733.79,0.341,False,False,True,,0
CLM000050,28,Cigna,inpatient,therapy,respiratory,out_of_network,True,False,True,31,636.27,351.05,0.167,False,False,True,,0
CLM000051,67,Aetna,outpatient,lab,oncology,out_of_network,False,True,False,31,148.97,118.34,0.051,False,False,True,network_coverage,1
CLM000052,67,Cigna,inpatient,therapy,respiratory,out_of_network,True,False,False,34,418.41,271.91,0.152,False,False,True,network_coverage,1
CLM000053,74,Humana,professional,evaluation,respiratory,in_network,False,True,False,34,489.52,272.85,0.236,False,False,True,incomplete_documentation,1
CLM000054,41,Humana,professional,surgery,general,in_network,True,False,True,28,7022.55,4726.6,0.106,False,False,True,missing_prior_authorization,1
CLM000055,73,Cigna,professional,imaging,orthopedics,out_of_network,True,True,True,16,1732.23,933.26,0.202,False,False,True,,0
CLM000056,60,Cigna,professional,imaging,oncology,out_of_network,True,True,True,16,1427.72,776.84,0.12,False,False,True,,0
CLM000057,30,BlueCross,outpatient,imaging,oncology,in_network,True,False,False,8,1839.67,1198.93,0.318,False,False,False,coverage_inactive,1
CLM000058,75,Humana,outpatient,therapy,orthopedics,in_network,True,True,True,21,283.49,226.46,0.166,False,False,True,,0
CLM000059,87,Humana,inpatient,evaluation,general,out_of_network,True,True,True,8,346.8,188.04,0.145,True,False,True,duplicate_claim,1
CLM000060,54,Humana,inpatient,pharmacy,oncology,in_network,True,True,True,3,235.74,156.48,0.108,False,False,True,,0
CLM000061,26,Humana,professional,evaluation,oncology,in_network,True,True,True,47,288.93,206.63,0.013,False,False,True,,0
CLM000062,86,United,outpatient,lab,cardiology,out_of_network,False,False,True,16,134.08,109.7,0.146,False,True,True,,0
CLM000063,29,United,outpatient,imaging,oncology,in_network,True,False,True,2,1299.35,931.41,0.425,False,False,True,,0
CLM000064,40,United,professional,lab,respiratory,in_network,False,True,True,51,110.67,77.37,0.127,False,False,True,,0
CLM000065,38,BlueCross,professional,lab,oncology,in_network,False,True,True,11,230.73,155.42,0.23,False,False,True,,0
CLM000066,58,Aetna,outpatient,evaluation,respiratory,in_network,False,True,True,21,488.0,344.43,0.246,False,True,True,coding_mismatch,1
CLM000067,35,Aetna,outpatient,therapy,cardiology,out_of_network,True,True,True,46,498.47,358.59,0.095,False,False,True,,0
CLM000068,79,Humana,outpatient,surgery,cardiology,in_network,True,False,True,36,14398.19,12223.73,0.065,False,False,True,,0
CLM000069,41,United,inpatient,lab,orthopedics,in_network,True,True,True,7,319.01,216.76,0.061,False,False,True,,0
CLM000070,57,Humana,outpatient,imaging,orthopedics,in_network,True,True,True,9,1946.18,1126.14,0.277,False,False,True,,0
CLM000071,29,Humana,outpatient,pharmacy,general,in_network,False,True,True,24,90.49,59.73,0.133,False,False,True,,0
CLM000072,56,Aetna,outpatient,imaging,general,out_of_network,True,True,True,10,1594.69,1181.46,0.046,False,True,True,coding_mismatch,1
CLM000073,34,Cigna,professional,imaging,oncology,in_network,True,True,False,31,1781.5,1108.25,0.339,False,False,True,incomplete_documentation,1
CLM000074,45,Humana,outpatient,surgery,oncology,in_network,True,True,True,26,7102.96,5589.18,0.096,False,True,True,coding_mismatch,1
CLM000075,54,Aetna,inpatient,evaluation,orthopedics,in_network,True,True,True,69,148.52,122.33,0.069,False,False,False,coverage_inactive,1
CLM000076,73,Humana,outpatient,therapy,oncology,in_network,True,False,True,26,754.76,546.45,0.086,True,False,True,duplicate_claim,1
CLM000077,77,BlueCross,outpatient,therapy,respiratory,in_network,True,True,True,15,722.7,606.71,0.277,False,False,True,,1
CLM000078,43,Aetna,professional,lab,respiratory,in_network,False,True,True,12,430.66,239.38,0.332,False,False,True,,0
CLM000079,42,Humana,outpatient,imaging,general,in_network,True,True,True,15,566.4,368.45,0.158,False,False,True,,0
CLM000080,35,Cigna,professional,evaluation,oncology,in_network,False,True,True,51,300.37,165.08,0.087,False,False,True,,0
CLM000081,82,Cigna,professional,surgery,orthopedics,in_network,True,True,True,25,7423.89,5339.48,0.307,False,False,True,,0
CLM000082,27,Cigna,outpatient,imaging,cardiology,in_network,True,True,True,20,848.27,648.34,0.225,False,False,True,,0
CLM000083,24,Humana,professional,therapy,respiratory,in_network,True,False,False,29,515.24,292.32,0.037,False,False,True,incomplete_documentation,1
CLM000084,48,Cigna,outpatient,imaging,general,in_network,True,True,True,7,1527.4,814.0,0.133,False,False,True,,0
CLM000085,46,United,inpatient,imaging,oncology,in_network,True,True,True,30,1169.06,991.83,0.201,False,False,True,,0
CLM000086,38,United,inpatient,evaluation,general,out_of_network,True,True,True,21,931.32,755.15,0.04,False,False,True,,0
CLM000087,49,Cigna,professional,therapy,orthopedics,in_network,True,True,True,19,194.73,113.8,0.262,False,False,True,,0
CLM000088,89,Aetna,outpatient,surgery,cardiology,in_network,True,True,False,62,10977.6,7268.26,0.101,False,False,True,,0
CLM000089,37,BlueCross,outpatient,lab,respiratory,in_network,False,True,True,20,129.7,69.94,0.222,False,False,True,,0
CLM000090,61,Humana,outpatient,evaluation,cardiology,in_network,False,True,False,22,346.88,216.42,0.15,False,False,True,,0
CLM000091,70,BlueCross,inpatient,imaging,cardiology,in_network,True,True,True,14,1621.86,963.31,0.095,False,False,True,,1
CLM000092,89,Humana,professional,imaging,respiratory,in_network,True,True,True,38,2413.29,1627.12,0.033,False,False,True,,0
CLM000093,79,Humana,outpatient,therapy,oncology,in_network,True,True,True,104,420.97,240.71,0.134,False,True,True,,0
CLM000094,68,Cigna,outpatient,therapy,respiratory,in_network,True,True,True,9,516.29,442.68,0.074,False,False,True,,0
CLM000095,77,Aetna,outpatient,pharmacy,respiratory,in_network,False,True,True,23,69.59,38.82,0.181,False,False,True,,0
CLM000096,79,Cigna,professional,lab,orthopedics,out_of_network,False,True,True,13,531.62,407.79,0.127,False,False,True,,0
CLM000097,74,Humana,outpatient,imaging,respiratory,in_network,True,True,False,48,1742.63,1089.37,0.377,False,False,True,incomplete_documentation,1
CLM000098,26,Aetna,inpatient,therapy,oncology,in_network,True,True,True,49,516.9,424.73,0.215,False,False,True,,0
CLM000099,42,United,inpatient,evaluation,oncology,out_of_network,True,True,True,16,481.5,259.36,0.124,False,False,True,,0
CLM000100,67,Aetna,pharmacy,imaging,respiratory,in_network,True,True,True,29,994.54,795.19,0.144,False,True,True,,0
CLM000101,81,Cigna,pharmacy,therapy,orthopedics,in_network,True,True,True,24,391.82,236.68,0.067,False,False,True,,0
CLM000102,26,Cigna,professional,surgery,oncology,in_network,True,True,False,18,6552.25,5336.13,0.1,False,True,True,coding_mismatch,1
CLM000103,89,Humana,outpatient,evaluation,oncology,in_network,False,True,True,42,222.82,156.49,0.147,False,False,True,,0
CLM000104,28,BlueCross,pharmacy,evaluation,cardiology,in_network,False,True,True,16,361.0,195.27,0.261,False,False,True,,0
CLM000105,32,BlueCross,professional,lab,orthopedics,in_network,False,True,True,32,446.98,252.71,0.148,False,False,True,,0
CLM000106,23,United,professional,pharmacy,cardiology,in_network,False,True,True,11,156.81,120.66,0.067,False,False,True,,0
CLM000107,64,BlueCross,outpatient,pharmacy,cardiology,in_network,False,True,False,88,205.47,141.68,0.241,False,False,True,incomplete_documentation,1
CLM000108,62,Humana,outpatient,imaging,oncology,in_network,True,False,True,24,1241.0,1019.1,0.217,False,False,False,coverage_inactive,1
CLM000109,80,BlueCross,inpatient,lab,general,in_network,True,True,True,16,217.18,143.3,0.064,False,False,True,,0
CLM000110,64,Aetna,pharmacy,therapy,general,out_of_network,True,False,True,17,574.67,484.09,0.228,False,False,True,network_coverage,1
CLM000111,24,Cigna,outpatient,imaging,respiratory,in_network,True,True,True,22,2736.9,1670.46,0.082,False,False,True,,0
CLM000112,38,BlueCross,outpatient,lab,oncology,in_network,True,False,True,22,227.06,142.73,0.392,False,False,True,,0
CLM000113,42,BlueCross,outpatient,surgery,orthopedics,out_of_network,True,True,True,7,18586.42,12871.68,0.105,False,False,True,,0
CLM000114,82,United,outpatient,pharmacy,orthopedics,out_of_network,False,True,True,49,256.73,154.15,0.022,False,False,True,,0
CLM000115,69,Humana,outpatient,lab,respiratory,in_network,True,True,True,16,516.31,324.7,0.222,False,False,True,,0
CLM000116,84,BlueCross,professional,evaluation,general,in_network,False,True,True,76,599.58,370.44,0.042,False,True,True,coding_mismatch,1
CLM000117,77,Cigna,professional,lab,general,in_network,False,True,True,30,341.45,290.05,0.232,False,False,True,,0
CLM000118,75,Humana,professional,imaging,orthopedics,out_of_network,True,True,True,15,2523.06,1964.58,0.089,False,False,True,,0
CLM000119,49,Aetna,outpatient,evaluation,oncology,in_network,False,True,True,37,445.76,248.68,0.037,False,False,True,,0
CLM000120,63,Aetna,professional,imaging,oncology,in_network,True,False,True,24,1088.67,611.64,0.07,False,False,True,,0
CLM000121,73,Cigna,professional,imaging,cardiology,in_network,True,False,True,77,1512.83,1201.7,0.062,False,False,True,missing_prior_authorization,1
CLM000122,61,United,professional,lab,cardiology,in_network,False,True,True,30,683.64,485.71,0.129,False,False,True,,0
CLM000123,47,United,inpatient,evaluation,cardiology,in_network,True,False,False,48,408.19,240.67,0.073,False,True,True,coding_mismatch,1
CLM000124,46,Cigna,outpatient,lab,respiratory,in_network,False,True,False,37,182.0,123.25,0.106,False,False,True,,0
CLM000125,83,Humana,inpatient,imaging,orthopedics,in_network,True,False,True,12,701.22,594.09,0.042,False,False,True,,0
CLM000126,50,Cigna,outpatient,lab,respiratory,in_network,False,True,True,74,191.83,148.48,0.233,False,False,True,,1
CLM000127,46,United,outpatient,surgery,orthopedics,out_of_network,True,True,True,8,7389.3,5469.14,0.045,False,False,True,,0
CLM000128,28,Cigna,inpatient,imaging,respiratory,in_network,True,False,True,22,1597.11,1243.83,0.207,False,True,True,coding_mismatch,1
CLM000129,60,United,inpatient,therapy,cardiology,in_network,True,True,True,31,263.47,221.97,0.314,False,False,True,,0
CLM000130,86,BlueCross,professional,imaging,orthopedics,in_network,True,True,True,3,688.19,496.26,0.126,False,True,True,,0
CLM000131,74,United,outpatient,lab,orthopedics,in_network,False,True,True,15,259.93,199.76,0.033,False,False,True,,0
CLM000132,60,Humana,pharmacy,evaluation,oncology,in_network,True,True,False,28,169.13,115.39,0.068,False,False,True,,0
CLM000133,42,Humana,professional,evaluation,oncology,in_network,False,True,False,29,366.97,289.32,0.037,False,False,True,,0
CLM000134,45,Aetna,outpatient,surgery,cardiology,in_network,True,False,True,83,18857.66,13996.96,0.379,False,False,True,missing_prior_authorization,1
CLM000135,50,United,professional,lab,respiratory,in_network,False,True,True,53,285.19,191.13,0.106,False,False,True,,0
CLM000136,32,Aetna,inpatient,surgery,general,in_network,True,True,True,17,12628.35,10648.4,0.191,False,False,True,,0
CLM000137,71,United,pharmacy,pharmacy,cardiology,in_network,True,True,True,3,254.77,158.74,0.241,False,False,True,,0
CLM000138,47,Aetna,outpatient,surgery,cardiology,in_network,True,True,True,6,3872.8,3227.34,0.276,False,False,True,,1
CLM000139,76,United,professional,surgery,general,in_network,True,True,True,24,3406.95,2002.84,0.332,False,False,True,,0
CLM000140,30,Humana,inpatient,lab,respiratory,in_network,True,True,True,40,290.26,230.52,0.072,False,True,True,coding_mismatch,1
CLM000141,21,BlueCross,outpatient,surgery,general,in_network,True,True,True,14,12488.14,8771.81,0.064,False,False,True,,0
CLM000142,75,United,outpatient,imaging,respiratory,out_of_network,True,False,False,81,2250.21,1614.0,0.073,False,False,True,network_coverage,1
CLM000143,23,BlueCross,pharmacy,imaging,respiratory,in_network,True,True,True,25,1546.92,931.2,0.012,False,False,True,,0
CLM000144,69,Aetna,outpatient,evaluation,cardiology,in_network,False,True,True,21,246.31,167.0,0.139,False,False,True,,0
CLM000145,40,Aetna,outpatient,therapy,oncology,in_network,True,False,False,88,581.72,390.37,0.094,False,False,True,incomplete_documentation,1
CLM000146,71,United,outpatient,evaluation,orthopedics,in_network,False,True,True,78,499.45,403.05,0.118,False,False,True,,0
CLM000147,73,BlueCross,outpatient,evaluation,general,out_of_network,False,True,True,49,364.05,279.6,0.118,False,True,True,coding_mismatch,1
CLM000148,67,United,outpatient,lab,cardiology,out_of_network,False,True,True,19,223.2,155.84,0.143,False,False,True,,0
CLM000149,47,Aetna,outpatient,pharmacy,cardiology,in_network,False,True,True,83,105.42,84.85,0.283,False,False,True,,0
CLM000150,82,Aetna,inpatient,evaluation,oncology,out_of_network,True,True,True,54,250.31,190.64,0.07,False,False,True,,0
CLM000151,52,United,professional,evaluation,general,in_network,False,True,True,24,276.31,235.86,0.065,False,False,True,,0
CLM000152,31,Aetna,pharmacy,evaluation,general,out_of_network,True,True,True,69,490.05,290.02,0.221,False,False,True,network_coverage,1
CLM000153,63,Humana,inpatient,lab,oncology,out_of_network,True,True,True,18,603.22,386.93,0.115,False,False,True,,0
CLM000154,55,BlueCross,outpatient,lab,oncology,in_network,False,True,True,8,182.0,133.23,0.384,False,False,True,,1
CLM000155,19,Cigna,inpatient,lab,orthopedics,in_network,True,True,True,20,138.08,114.42,0.316,False,False,True,,0
CLM000156,62,Aetna,professional,imaging,general,in_network,True,True,True,7,1521.95,1153.11,0.11,False,False,True,,0
CLM000157,24,BlueCross,outpatient,lab,cardiology,in_network,False,True,True,25,186.7,133.11,0.225,False,False,True,,0
CLM000158,88,Humana,professional,imaging,cardiology,in_network,True,True,True,24,2354.55,1458.09,0.103,False,False,True,,0
CLM000159,25,Cigna,professional,imaging,oncology,in_network,True,True,False,15,1871.93,1420.96,0.215,False,False,True,,0
CLM000160,44,Cigna,professional,pharmacy,orthopedics,in_network,False,True,True,54,251.93,189.42,0.198,False,True,True,coding_mismatch,1
CLM000161,45,United,inpatient,evaluation,oncology,in_network,True,True,True,31,178.97,145.17,0.097,False,False,False,,0
CLM000162,37,Cigna,pharmacy,therapy,general,in_network,True,False,False,17,370.12,248.4,0.2,False,False,True,incomplete_documentation,1
CLM000163,49,United,outpatient,lab,orthopedics,in_network,True,True,True,21,375.09,210.53,0.282,False,False,True,,0
CLM000164,22,Humana,inpatient,therapy,general,in_network,True,True,True,42,438.39,247.89,0.211,False,False,True,,0
CLM000165,86,Cigna,outpatient,pharmacy,orthopedics,in_network,False,False,True,52,71.74,57.0,0.086,False,True,False,coverage_inactive,1
CLM000166,87,BlueCross,outpatient,evaluation,orthopedics,in_network,False,True,True,29,710.16,396.16,0.219,False,False,True,,0
CLM000167,25,BlueCross,professional,therapy,cardiology,in_network,True,True,True,13,422.92,300.28,0.02,False,False,True,,0
CLM000168,36,United,professional,lab,respiratory,in_network,False,True,True,22,273.84,182.5,0.346,False,False,True,,1
CLM000169,51,BlueCross,outpatient,lab,general,in_network,False,True,True,39,286.9,179.15,0.238,False,False,True,,0
CLM000170,26,Humana,pharmacy,evaluation,general,in_network,False,True,True,60,316.61,253.19,0.175,False,False,True,,0
CLM000171,39,Aetna,outpatient,pharmacy,cardiology,in_network,False,True,True,19,332.16,183.44,0.315,False,False,False,,0
CLM000172,82,BlueCross,outpatient,lab,respiratory,in_network,False,True,True,11,220.91,157.68,0.039,False,False,True,,0
CLM000173,60,United,outpatient,lab,cardiology,in_network,False,True,True,44,205.98,133.33,0.198,False,False,True,,0
CLM000174,85,Cigna,pharmacy,lab,respiratory,out_of_network,False,True,True,59,969.65,532.24,0.332,False,False,True,network_coverage,1
CLM000175,36,United,outpatient,lab,respiratory,in_network,False,True,False,27,114.48,89.08,0.175,False,False,True,incomplete_documentation,1
CLM000176,56,BlueCross,inpatient,pharmacy,cardiology,out_of_network,True,True,True,14,282.93,184.72,0.059,False,False,True,,0
CLM000177,89,Humana,outpatient,evaluation,cardiology,in_network,False,True,True,19,398.33,243.45,0.439,False,False,True,,0
CLM000178,37,United,pharmacy,lab,cardiology,in_network,False,True,True,28,313.66,245.43,0.143,False,False,True,,0
CLM000179,72,United,pharmacy,lab,respiratory,in_network,False,True,False,16,573.18,330.85,0.281,False,False,True,,0
CLM000180,53,Cigna,professional,lab,respiratory,in_network,False,True,True,9,253.63,212.64,0.147,True,False,True,duplicate_claim,1
CLM000181,40,Humana,pharmacy,imaging,cardiology,in_network,True,True,True,16,823.67,496.33,0.191,False,False,True,,0
CLM000182,26,United,pharmacy,therapy,oncology,in_network,True,True,True,19,544.61,370.45,0.253,False,False,True,,0
CLM000183,86,United,outpatient,evaluation,respiratory,in_network,False,True,True,19,328.02,204.98,0.266,False,False,True,,0
CLM000184,27,United,outpatient,evaluation,orthopedics,in_network,False,True,True,3,569.58,417.17,0.103,False,False,True,,0
CLM000185,26,Aetna,professional,surgery,respiratory,out_of_network,True,True,True,133,17057.32,14151.92,0.056,False,True,True,coding_mismatch,1
CLM000186,52,Cigna,professional,evaluation,orthopedics,in_network,False,True,True,17,306.16,190.41,0.105,False,False,False,,0
CLM000187,25,Humana,outpatient,evaluation,orthopedics,in_network,False,True,True,11,272.32,165.8,0.101,False,False,True,,0
CLM000188,78,Humana,inpatient,surgery,orthopedics,in_network,True,True,True,21,11049.32,7799.82,0.202,False,True,True,,0
CLM000189,71,Aetna,professional,therapy,orthopedics,in_network,True,True,True,55,552.22,330.07,0.011,False,False,True,,0
CLM000190,28,Cigna,outpatient,therapy,oncology,in_network,True,False,True,54,238.3,125.97,0.194,False,True,True,coding_mismatch,1
CLM000191,83,Aetna,pharmacy,evaluation,orthopedics,in_network,False,True,True,48,178.25,140.47,0.145,False,False,True,,0
CLM000192,64,Aetna,outpatient,imaging,orthopedics,in_network,True,True,False,71,1674.18,1289.93,0.221,False,False,True,incomplete_documentation,1
CLM000193,68,Aetna,inpatient,surgery,respiratory,in_network,True,False,True,13,5925.44,4551.56,0.023,False,False,True,missing_prior_authorization,1
CLM000194,41,United,professional,therapy,orthopedics,in_network,True,False,True,9,261.06,192.49,0.224,False,False,True,missing_prior_authorization,1
CLM000195,78,BlueCross,inpatient,imaging,respiratory,in_network,True,True,True,39,1562.01,1283.27,0.126,False,False,True,,0
CLM000196,22,Cigna,outpatient,lab,cardiology,in_network,False,True,True,18,138.31,99.36,0.079,True,False,True,,0
CLM000197,88,BlueCross,professional,evaluation,cardiology,out_of_network,False,True,True,46,400.25,291.2,0.192,False,False,True,network_coverage,1
CLM000198,36,United,professional,imaging,general,in_network,True,False,True,52,1889.41,1497.63,0.053,False,False,True,,0
CLM000199,29,United,outpatient,lab,oncology,in_network,True,True,True,31,141.27,114.98,0.377,False,False,True,,0
CLM000200,22,Humana,outpatient,pharmacy,respiratory,in_network,False,True,True,23,246.33,198.25,0.105,False,False,True,,0
CLM000201,23,United,professional,therapy,respiratory,in_network,True,False,True,65,697.6,522.88,0.107,False,False,True,,0
CLM000202,31,Aetna,pharmacy,therapy,cardiology,in_network,True,True,True,29,306.97,173.22,0.084,False,False,True,,1
CLM000203,56,United,outpatient,therapy,general,in_network,True,False,True,17,959.46,632.08,0.153,False,True,True,coding_mismatch,1
CLM000204,39,Cigna,inpatient,surgery,oncology,in_network,True,True,True,24,6456.89,4346.23,0.089,False,False,True,,0
CLM000205,56,Cigna,inpatient,imaging,general,in_network,True,True,True,27,1551.37,1152.34,0.085,False,False,True,,0
CLM000206,30,Aetna,outpatient,evaluation,oncology,in_network,False,True,True,4,208.04,158.3,0.155,True,False,True,,0
CLM000207,76,United,inpatient,lab,oncology,in_network,True,True,True,75,164.25,116.95,0.065,False,False,True,,0
CLM000208,47,Aetna,professional,lab,respiratory,out_of_network,False,True,False,14,613.67,333.28,0.07,False,False,True,,0
CLM000209,58,United,inpatient,imaging,cardiology,in_network,True,True,False,6,2915.04,1663.68,0.116,False,False,True,,0
CLM000210,18,Humana,outpatient,evaluation,respiratory,in_network,False,True,True,29,509.95,273.13,0.152,False,False,True,,0
CLM000211,42,Humana,professional,imaging,general,in_network,True,True,True,32,1081.94,898.34,0.046,False,False,True,,0
CLM000212,20,Aetna,professional,evaluation,respiratory,in_network,False,True,True,15,209.21,117.79,0.053,False,False,True,,0
CLM000213,43,Humana,outpatient,lab,cardiology,in_network,False,True,True,19,104.34,69.21,0.107,False,False,True,,0
CLM000214,73,United,professional,therapy,respiratory,in_network,True,True,False,29,528.62,297.96,0.095,False,False,True,incomplete_documentation,1
CLM000215,51,BlueCross,professional,surgery,cardiology,in_network,True,False,True,28,4127.89,2738.39,0.203,False,False,True,,0
CLM000216,73,Cigna,professional,imaging,cardiology,in_network,True,True,True,45,1141.81,602.21,0.181,False,False,True,,0
CLM000217,23,Aetna,inpatient,therapy,orthopedics,in_network,True,True,True,29,602.96,424.55,0.326,False,False,True,,0
CLM000218,45,Cigna,inpatient,evaluation,orthopedics,in_network,True,True,False,5,217.51,158.98,0.356,False,True,True,coding_mismatch,1
CLM000219,18,Humana,pharmacy,surgery,cardiology,in_network,True,True,True,23,8750.17,6746.39,0.036,False,False,True,,0
CLM000220,88,BlueCross,outpatient,lab,cardiology,in_network,False,True,False,37,190.63,99.43,0.086,False,False,True,incomplete_documentation,1
CLM000221,87,Humana,outpatient,lab,respiratory,in_network,True,True,True,16,292.74,245.84,0.186,False,False,True,,0
CLM000222,37,Aetna,outpatient,surgery,oncology,in_network,True,False,True,22,9069.11,5718.04,0.141,False,False,True,missing_prior_authorization,1
CLM000223,71,Humana,professional,therapy,cardiology,in_network,True,False,True,43,353.93,185.16,0.071,False,False,True,missing_prior_authorization,1
CLM000224,71,Cigna,pharmacy,imaging,oncology,in_network,True,True,True,28,721.74,541.71,0.278,False,False,True,,1
CLM000225,45,BlueCross,outpatient,therapy,respiratory,in_network,True,True,True,37,1156.25,918.68,0.223,False,False,True,,1
CLM000226,49,BlueCross,pharmacy,imaging,respiratory,in_network,True,True,True,31,1000.48,677.87,0.032,False,False,True,,0
CLM000227,89,BlueCross,inpatient,therapy,orthopedics,in_network,True,True,True,21,321.66,254.4,0.126,False,False,True,,0
CLM000228,42,Humana,outpatient,lab,cardiology,in_network,False,True,True,90,402.26,212.72,0.119,False,False,True,,0
CLM000229,49,Humana,professional,lab,general,in_network,False,True,True,12,221.02,129.45,0.07,False,False,False,coverage_inactive,1
CLM000230,38,Cigna,inpatient,lab,respiratory,in_network,True,True,False,7,362.16,244.83,0.13,False,False,True,,0
CLM000231,47,Aetna,inpatient,pharmacy,general,in_network,True,False,True,26,193.13,130.71,0.144,False,False,True,missing_prior_authorization,1
CLM000232,34,BlueCross,outpatient,therapy,orthopedics,out_of_network,True,True,False,22,729.85,551.25,0.14,False,False,True,,0
CLM000233,20,United,pharmacy,evaluation,cardiology,in_network,False,True,True,26,413.98,280.79,0.336,False,False,True,,0
CLM000234,65,Cigna,professional,surgery,orthopedics,in_network,True,True,True,49,8954.53,7630.33,0.253,False,False,True,,1
CLM000235,39,Cigna,pharmacy,lab,orthopedics,in_network,False,True,True,13,150.28,95.42,0.14,False,False,True,,1
CLM000236,20,BlueCross,professional,imaging,respiratory,out_of_network,True,True,True,3,1480.76,796.89,0.328,False,True,True,coding_mismatch,1
CLM000237,25,United,outpatient,lab,respiratory,in_network,False,True,True,118,89.34,69.93,0.091,False,False,True,timely_filing,1
CLM000238,83,BlueCross,professional,evaluation,cardiology,in_network,False,True,False,22,449.6,311.79,0.276,False,False,True,,0
CLM000239,50,Humana,inpatient,evaluation,oncology,in_network,True,True,True,36,238.25,152.79,0.154,False,False,True,,1
CLM000240,36,Humana,inpatient,therapy,orthopedics,in_network,True,True,True,23,277.15,214.61,0.05,False,True,True,,0
CLM000241,41,BlueCross,professional,evaluation,respiratory,in_network,False,True,True,19,443.93,236.47,0.297,False,False,True,,1
CLM000242,52,Aetna,professional,imaging,orthopedics,in_network,True,True,False,23,1334.49,1057.71,0.157,False,False,True,,0
CLM000243,39,BlueCross,outpatient,imaging,oncology,in_network,True,True,True,38,2241.56,1227.62,0.271,False,True,True,,0
CLM000244,46,BlueCross,outpatient,evaluation,respiratory,out_of_network,False,True,True,47,173.41,105.49,0.141,False,False,True,,0
CLM000245,48,Humana,professional,imaging,orthopedics,out_of_network,True,False,True,64,1547.98,1093.45,0.282,False,False,True,network_coverage,1
CLM000246,86,Cigna,professional,imaging,cardiology,out_of_network,True,True,False,41,1391.02,754.97,0.223,False,False,True,,0
CLM000247,41,Cigna,professional,pharmacy,respiratory,in_network,False,True,True,22,275.73,195.21,0.111,False,False,True,,0
CLM000248,30,Cigna,outpatient,pharmacy,general,in_network,False,True,True,88,210.97,114.23,0.054,False,False,True,,1
CLM000249,52,United,outpatient,therapy,oncology,in_network,True,True,True,37,1005.54,553.72,0.066,False,False,True,,1
CLM000250,44,United,outpatient,lab,general,in_network,False,True,True,41,511.13,268.3,0.244,False,False,True,,0
CLM000251,63,Aetna,professional,evaluation,cardiology,in_network,False,False,True,64,457.04,269.88,0.392,False,False,True,,1
CLM000252,65,United,professional,surgery,general,in_network,True,True,True,25,10442.12,7864.19,0.114,False,False,True,,0
CLM000253,50,BlueCross,outpatient,lab,general,out_of_network,False,True,False,61,171.34,98.85,0.055,False,True,True,coding_mismatch,1
CLM000254,38,Humana,outpatient,lab,orthopedics,in_network,False,True,True,6,309.31,169.2,0.206,False,False,False,coverage_inactive,1
CLM000255,68,United,outpatient,pharmacy,cardiology,in_network,False,True,True,24,506.05,432.31,0.115,False,False,True,,0
CLM000256,57,Cigna,professional,pharmacy,respiratory,in_network,False,True,False,69,350.4,297.2,0.272,False,False,True,incomplete_documentation,1
CLM000257,40,Humana,professional,evaluation,general,in_network,False,True,True,53,262.16,157.41,0.353,False,False,False,coverage_inactive,1
CLM000258,19,Cigna,inpatient,imaging,cardiology,in_network,True,True,True,33,1190.49,664.04,0.296,False,False,True,,0
CLM000259,20,Aetna,inpatient,therapy,respiratory,in_network,True,True,True,10,1088.95,878.52,0.144,False,False,True,,0
CLM000260,82,Aetna,professional,surgery,general,in_network,True,False,False,5,5539.15,4071.3,0.046,False,True,True,coding_mismatch,1
CLM000261,63,BlueCross,inpatient,pharmacy,cardiology,in_network,True,True,True,25,219.45,115.59,0.092,False,True,True,coding_mismatch,1
CLM000262,78,United,professional,imaging,oncology,out_of_network,True,True,True,23,1357.52,1063.56,0.158,False,False,True,,0
CLM000263,47,BlueCross,outpatient,imaging,cardiology,in_network,True,False,True,47,1096.14,866.6,0.102,False,False,True,,0
CLM000264,26,Cigna,inpatient,evaluation,cardiology,in_network,True,True,True,29,402.6,209.81,0.14,False,False,True,,0
CLM000265,89,Cigna,pharmacy,lab,oncology,in_network,False,True,True,51,310.59,198.24,0.242,False,False,True,,0
CLM000266,70,BlueCross,outpatient,evaluation,orthopedics,in_network,False,True,True,32,270.25,174.03,0.019,False,False,True,,0
CLM000267,66,Cigna,outpatient,imaging,cardiology,in_network,True,True,True,12,2003.66,1092.65,0.359,False,False,True,,0
CLM000268,22,Humana,inpatient,evaluation,general,in_network,True,False,True,36,466.83,320.72,0.076,False,False,True,,0
CLM000269,22,United,inpatient,imaging,orthopedics,in_network,True,True,True,27,1918.27,1095.65,0.159,False,False,False,coverage_inactive,1
CLM000270,84,Humana,inpatient,imaging,general,in_network,True,True,True,25,1492.27,783.33,0.146,False,False,True,,0
CLM000271,79,United,inpatient,lab,cardiology,in_network,True,True,False,28,467.69,248.5,0.101,False,False,True,,0
CLM000272,26,Cigna,outpatient,surgery,oncology,in_network,True,False,True,33,5875.06,4351.52,0.373,False,True,True,coding_mismatch,1
CLM000273,58,Humana,inpatient,therapy,respiratory,in_network,True,True,True,26,527.78,422.75,0.294,False,False,True,,0
CLM000274,43,Aetna,professional,imaging,oncology,in_network,True,True,True,7,1153.62,648.56,0.171,False,False,True,,0
CLM000275,63,Aetna,professional,imaging,oncology,in_network,True,True,True,9,1585.16,919.24,0.062,False,False,True,,0
CLM000276,79,United,outpatient,evaluation,respiratory,out_of_network,False,True,True,19,748.47,533.2,0.266,False,False,True,network_coverage,1
CLM000277,63,Humana,outpatient,surgery,cardiology,in_network,True,True,True,58,5130.52,3335.93,0.406,False,False,True,,0
CLM000278,32,Aetna,outpatient,evaluation,general,in_network,False,True,True,30,336.71,214.87,0.224,False,False,True,,0
CLM000279,46,Cigna,professional,evaluation,respiratory,out_of_network,False,True,True,25,354.56,239.33,0.212,False,False,True,network_coverage,1
CLM000280,84,United,professional,imaging,respiratory,out_of_network,True,True,True,86,3132.45,2193.41,0.037,False,False,True,network_coverage,1
CLM000281,22,Aetna,inpatient,evaluation,oncology,in_network,True,True,True,32,682.98,540.63,0.221,False,False,True,,0
CLM000282,66,Cigna,outpatient,surgery,orthopedics,in_network,True,True,True,26,5488.59,4352.9,0.116,False,False,True,,0
CLM000283,53,United,outpatient,lab,oncology,out_of_network,False,True,True,20,421.67,309.09,0.174,False,False,True,network_coverage,1
CLM000284,52,United,outpatient,imaging,respiratory,in_network,True,True,False,18,6076.04,3511.74,0.169,False,False,True,,0
CLM000285,19,BlueCross,outpatient,evaluation,general,in_network,False,True,True,6,369.87,212.57,0.217,False,False,True,,0
CLM000286,26,United,outpatient,therapy,general,in_network,True,True,True,25,481.58,348.36,0.061,False,False,True,,0
CLM000287,50,Humana,inpatient,therapy,cardiology,out_of_network,True,True,True,9,793.85,557.97,0.122,False,False,True,,0
CLM000288,65,Cigna,outpatient,pharmacy,cardiology,in_network,False,True,True,14,295.04,180.11,0.086,False,False,True,,0
CLM000289,29,Humana,outpatient,lab,general,in_network,False,True,False,9,447.89,330.15,0.19,False,False,False,coverage_inactive,1
CLM000290,60,United,inpatient,pharmacy,orthopedics,in_network,True,True,True,82,395.58,269.84,0.25,False,False,True,,0
CLM000291,82,BlueCross,professional,evaluation,oncology,in_network,False,True,False,31,215.34,135.28,0.178,False,False,True,,0
CLM000292,48,Aetna,inpatient,pharmacy,cardiology,in_network,True,True,True,60,332.14,256.45,0.188,False,False,True,,0
CLM000293,69,Humana,pharmacy,pharmacy,cardiology,in_network,False,False,True,44,190.64,143.31,0.135,False,False,True,,0
CLM000294,47,Aetna,inpatient,pharmacy,oncology,in_network,True,True,True,22,180.39,126.9,0.336,False,False,True,,0
CLM000295,23,Humana,professional,imaging,respiratory,out_of_network,True,False,True,16,1625.74,1371.08,0.282,False,False,True,network_coverage,1
CLM000296,60,BlueCross,pharmacy,evaluation,respiratory,in_network,False,False,True,21,470.18,349.69,0.35,False,False,True,,0
CLM000297,23,Humana,pharmacy,evaluation,general,in_network,False,True,True,12,266.56,227.25,0.189,False,False,True,,1
CLM000298,47,Humana,professional,evaluation,cardiology,in_network,False,True,False,3,620.05,432.24,0.188,False,False,True,incomplete_documentation,1
CLM000299,39,Aetna,professional,surgery,orthopedics,in_network,True,False,True,6,8610.96,6077.38,0.208,False,False,True,missing_prior_authorization,1
CLM000300,67,Aetna,professional,pharmacy,oncology,out_of_network,False,True,True,39,379.94,245.83,0.12,False,True,True,coding_mismatch,1
CLM000301,20,Humana,professional,surgery,oncology,in_network,True,False,True,7,11878.8,6421.1,0.11,False,False,True,missing_prior_authorization,1
CLM000302,49,Cigna,inpatient,therapy,cardiology,in_network,True,True,False,14,310.53,263.52,0.135,False,False,True,,0
CLM000303,25,Aetna,outpatient,therapy,oncology,in_network,True,True,True,21,325.34,233.06,0.181,False,False,True,,0
CLM000304,88,United,outpatient,imaging,general,in_network,True,True,True,10,1829.26,1149.85,0.101,False,False,True,,0
CLM000305,67,BlueCross,professional,evaluation,cardiology,in_network,False,True,True,37,181.69,98.7,0.262,False,False,True,,0
CLM000306,57,United,outpatient,imaging,general,in_network,True,True,True,50,1445.11,820.13,0.148,False,True,True,coding_mismatch,1
CLM000307,81,Aetna,outpatient,evaluation,oncology,in_network,False,True,True,7,272.0,231.26,0.078,False,False,True,,0
CLM000308,28,BlueCross,professional,evaluation,oncology,out_of_network,False,True,True,7,376.62,243.33,0.203,False,False,True,,0
CLM000309,64,Cigna,outpatient,lab,respiratory,in_network,False,True,True,16,282.76,226.27,0.251,False,False,True,,0
CLM000310,87,Cigna,inpatient,evaluation,respiratory,in_network,True,True,True,41,608.43,359.86,0.041,False,False,True,,0
CLM000311,52,Humana,outpatient,imaging,respiratory,in_network,True,True,True,41,1726.88,952.31,0.183,False,False,True,,0
CLM000312,88,Aetna,outpatient,evaluation,cardiology,out_of_network,False,True,True,6,245.44,196.42,0.073,False,False,False,,0
CLM000313,79,BlueCross,outpatient,pharmacy,orthopedics,in_network,False,True,True,33,199.35,149.98,0.146,False,False,True,,0
CLM000314,89,BlueCross,outpatient,imaging,general,in_network,True,True,True,21,1980.41,1660.8,0.057,False,False,True,,0
CLM000315,28,Cigna,outpatient,evaluation,cardiology,in_network,False,True,False,55,289.85,228.36,0.275,False,True,True,coding_mismatch,1
CLM000316,40,United,outpatient,therapy,respiratory,in_network,True,False,True,11,465.53,324.29,0.08,False,False,True,,0
CLM000317,74,Cigna,outpatient,therapy,oncology,in_network,True,True,True,9,380.92,284.6,0.281,False,False,True,,0
CLM000318,42,United,professional,evaluation,cardiology,in_network,True,True,True,42,554.06,442.84,0.202,False,False,True,,0
CLM000319,69,BlueCross,outpatient,therapy,cardiology,in_network,True,False,True,6,309.52,261.96,0.053,False,False,True,,0
CLM000320,18,BlueCross,pharmacy,therapy,general,in_network,True,True,False,27,404.43,258.36,0.261,False,False,True,incomplete_documentation,1
CLM000321,62,Aetna,pharmacy,surgery,cardiology,in_network,True,True,True,23,5730.35,4593.08,0.044,False,False,True,,0
CLM000322,81,BlueCross,outpatient,lab,cardiology,in_network,False,True,True,17,340.02,210.52,0.208,False,False,True,,1
CLM000323,37,BlueCross,outpatient,evaluation,cardiology,in_network,False,True,False,19,211.16,151.76,0.165,False,False,True,incomplete_documentation,1
CLM000324,69,BlueCross,outpatient,imaging,respiratory,in_network,True,True,True,27,968.41,707.83,0.05,False,False,True,,0
CLM000325,25,Humana,professional,therapy,general,out_of_network,True,True,True,3,570.4,297.01,0.06,False,False,True,network_coverage,1
CLM000326,38,Cigna,professional,surgery,cardiology,in_network,True,True,True,12,9723.56,7237.65,0.224,False,False,True,,0
CLM000327,30,Humana,professional,evaluation,respiratory,in_network,False,True,True,4,281.94,194.8,0.052,False,False,True,,0
CLM000328,31,Aetna,outpatient,therapy,respiratory,in_network,True,True,True,1,488.32,313.23,0.154,False,False,True,,0
CLM000329,53,United,professional,lab,orthopedics,in_network,False,True,True,6,100.39,76.79,0.088,False,False,True,,0
CLM000330,82,Aetna,outpatient,surgery,cardiology,in_network,True,False,True,22,12495.74,9338.68,0.17,False,False,True,,0
CLM000331,25,Aetna,professional,lab,oncology,out_of_network,False,True,True,37,371.39,274.1,0.031,False,False,True,network_coverage,1
CLM000332,43,Cigna,outpatient,pharmacy,cardiology,in_network,False,False,True,50,200.97,134.38,0.057,False,False,True,,0
CLM000333,21,Humana,professional,therapy,cardiology,in_network,True,True,True,47,158.53,91.42,0.084,False,False,False,,0
CLM000334,58,BlueCross,professional,lab,oncology,in_network,False,True,True,28,241.71,182.95,0.235,False,False,True,,0
CLM000335,63,Aetna,inpatient,evaluation,general,in_network,True,True,True,3,246.48,208.82,0.14,False,False,False,,0
CLM000336,29,United,professional,lab,general,in_network,False,True,True,6,178.25,139.62,0.225,False,False,True,,0
CLM000337,34,United,inpatient,lab,respiratory,in_network,True,False,False,36,235.85,145.44,0.449,False,False,True,incomplete_documentation,1
CLM000338,30,Humana,professional,lab,orthopedics,in_network,False,True,True,10,408.33,264.68,0.11,False,False,True,,0
CLM000339,22,BlueCross,inpatient,imaging,orthopedics,out_of_network,True,False,True,49,4183.29,2938.2,0.117,False,False,True,network_coverage,1
CLM000340,45,Cigna,pharmacy,evaluation,respiratory,in_network,False,True,True,13,577.05,480.01,0.41,False,False,True,,0
CLM000341,39,Humana,inpatient,evaluation,cardiology,in_network,True,False,True,34,316.45,255.98,0.259,False,False,True,,0
CLM000342,36,Cigna,pharmacy,pharmacy,oncology,out_of_network,True,True,True,33,545.52,330.77,0.045,False,False,True,,0
CLM000343,79,Aetna,professional,pharmacy,respiratory,in_network,False,True,True,57,379.6,233.55,0.2,False,False,True,,0
CLM000344,34,United,professional,lab,general,in_network,False,True,True,23,246.28,199.99,0.179,False,False,True,,0
CLM000345,36,United,professional,lab,cardiology,in_network,False,True,True,24,103.53,78.34,0.228,False,False,True,,0
CLM000346,47,Aetna,professional,evaluation,orthopedics,out_of_network,False,True,True,26,309.04,245.42,0.024,False,False,True,,0
CLM000347,79,Humana,pharmacy,pharmacy,orthopedics,in_network,False,True,True,47,73.24,39.36,0.234,False,False,True,,1
CLM000348,33,United,outpatient,evaluation,oncology,in_network,False,True,True,11,271.86,204.53,0.137,False,False,True,,0
CLM000349,60,Cigna,professional,therapy,cardiology,in_network,True,True,True,20,503.65,414.76,0.147,False,True,True,,0
CLM000350,85,Aetna,inpatient,evaluation,general,in_network,True,True,True,24,155.59,109.65,0.05,False,False,True,,0
CLM000351,78,Humana,professional,evaluation,general,in_network,False,True,True,6,501.66,389.99,0.071,False,False,True,,1
CLM000352,60,United,outpatient,pharmacy,orthopedics,in_network,False,True,True,18,211.84,118.2,0.048,False,True,True,coding_mismatch,1
CLM000353,70,BlueCross,outpatient,evaluation,oncology,out_of_network,False,True,True,33,198.8,158.76,0.205,False,False,True,network_coverage,1
CLM000354,21,Aetna,outpatient,lab,oncology,in_network,False,True,True,8,262.88,141.43,0.055,False,False,True,,0
CLM000355,68,BlueCross,outpatient,surgery,cardiology,in_network,True,True,True,41,4127.67,2877.57,0.16,False,False,False,coverage_inactive,1
CLM000356,33,United,outpatient,therapy,general,in_network,True,True,True,26,1244.67,731.64,0.151,False,False,True,,0
CLM000357,38,Cigna,professional,lab,respiratory,in_network,False,True,True,53,133.87,115.08,0.117,True,False,True,,0
CLM000358,50,Aetna,professional,pharmacy,orthopedics,in_network,False,True,True,52,127.54,93.75,0.126,False,False,True,,0
CLM000359,76,Cigna,outpatient,therapy,oncology,in_network,True,True,True,67,398.3,342.1,0.043,False,False,False,,0
CLM000360,48,United,professional,lab,orthopedics,in_network,False,True,True,26,250.67,194.28,0.028,False,True,False,coverage_inactive,1
CLM000361,32,Aetna,pharmacy,lab,orthopedics,out_of_network,False,True,True,38,266.86,182.92,0.106,False,False,True,,0
CLM000362,67,Cigna,inpatient,evaluation,orthopedics,in_network,True,True,True,28,164.92,136.81,0.157,False,False,True,,0
CLM000363,61,BlueCross,inpatient,therapy,cardiology,in_network,True,True,True,20,504.57,307.08,0.219,False,False,True,,0
CLM000364,73,Aetna,inpatient,imaging,general,out_of_network,True,True,True,22,1401.71,1193.94,0.117,False,False,True,network_coverage,1
CLM000365,54,Cigna,professional,evaluation,respiratory,in_network,False,True,True,15,255.32,145.76,0.128,False,False,True,,0
CLM000366,59,Humana,outpatient,lab,general,out_of_network,False,True,False,9,657.22,455.72,0.027,False,False,True,,0
CLM000367,23,Humana,professional,lab,cardiology,in_network,False,True,True,24,198.02,161.78,0.166,False,False,True,,1
CLM000368,43,Aetna,professional,surgery,respiratory,in_network,True,False,True,29,7883.9,5757.2,0.103,False,False,True,,0
CLM000369,20,Aetna,outpatient,therapy,oncology,in_network,True,False,True,16,519.63,413.18,0.348,False,False,True,,0
CLM000370,31,Cigna,pharmacy,evaluation,respiratory,in_network,False,True,True,17,417.99,300.91,0.131,False,False,True,,0
CLM000371,76,BlueCross,professional,pharmacy,general,out_of_network,False,True,True,68,296.28,202.91,0.37,False,False,True,network_coverage,1
CLM000372,20,BlueCross,outpatient,imaging,orthopedics,in_network,True,True,True,19,465.2,368.53,0.099,False,False,True,,0
CLM000373,38,Cigna,outpatient,pharmacy,cardiology,out_of_network,False,True,True,7,228.42,147.69,0.164,False,False,True,,0
CLM000374,22,Humana,outpatient,evaluation,cardiology,in_network,False,True,True,24,280.5,212.25,0.049,False,False,True,,0
CLM000375,49,Cigna,inpatient,lab,oncology,in_network,True,True,True,23,138.16,74.59,0.079,False,False,True,,0
CLM000376,47,United,inpatient,surgery,cardiology,in_network,True,True,True,23,5146.26,3162.29,0.133,False,False,True,,0
CLM000377,71,Aetna,pharmacy,lab,cardiology,out_of_network,False,True,True,25,527.25,443.75,0.267,False,False,True,,0
CLM000378,18,Cigna,outpatient,evaluation,cardiology,in_network,False,True,True,18,354.06,236.91,0.086,False,False,True,,0
CLM000379,27,Cigna,outpatient,lab,orthopedics,in_network,False,True,True,13,185.96,137.42,0.131,True,False,True,duplicate_claim,1
CLM000380,42,Humana,professional,lab,cardiology,out_of_network,False,True,True,3,371.98,210.46,0.158,False,False,True,,0
CLM000381,22,Cigna,outpatient,evaluation,oncology,in_network,False,True,True,9,578.05,306.08,0.181,False,False,True,,0
CLM000382,18,United,pharmacy,evaluation,respiratory,in_network,False,True,True,34,422.68,276.63,0.15,False,False,True,,0
CLM000383,59,United,professional,evaluation,orthopedics,out_of_network,False,True,True,67,832.07,485.14,0.08,False,False,True,,0
CLM000384,79,Humana,outpatient,evaluation,cardiology,out_of_network,False,True,True,13,508.94,337.45,0.251,False,False,True,network_coverage,1
CLM000385,23,BlueCross,outpatient,imaging,oncology,in_network,True,False,True,18,1838.03,1193.43,0.01,False,False,True,missing_prior_authorization,1
CLM000386,33,BlueCross,pharmacy,evaluation,cardiology,in_network,False,True,True,23,302.38,218.07,0.486,False,False,True,,0
CLM000387,81,Cigna,professional,surgery,respiratory,in_network,True,False,True,82,15782.57,12198.9,0.122,False,False,True,,0
CLM000388,65,Cigna,pharmacy,imaging,orthopedics,in_network,True,True,False,23,2891.49,1880.79,0.328,False,False,True,,0
CLM000389,39,Aetna,inpatient,pharmacy,oncology,in_network,True,True,True,87,212.22,154.67,0.144,False,False,True,,0
CLM000390,82,BlueCross,professional,surgery,orthopedics,in_network,True,True,True,3,5162.15,2835.43,0.284,False,False,True,,0
CLM000391,58,United,professional,imaging,orthopedics,in_network,True,True,True,4,1431.44,859.8,0.366,False,False,False,coverage_inactive,1
CLM000392,82,Cigna,inpatient,therapy,cardiology,in_network,True,True,True,61,467.79,373.86,0.103,False,False,True,,1
CLM000393,50,United,professional,lab,oncology,out_of_network,True,True,True,10,435.65,345.51,0.216,False,False,True,network_coverage,1
CLM000394,77,BlueCross,professional,imaging,cardiology,in_network,True,False,True,20,1154.86,705.28,0.225,False,True,True,coding_mismatch,1
CLM000395,44,United,inpatient,therapy,respiratory,in_network,True,True,False,19,510.66,431.29,0.09,False,False,True,,0
CLM000396,63,United,outpatient,evaluation,orthopedics,out_of_network,False,True,True,5,593.53,494.91,0.237,False,False,True,,0
CLM000397,34,BlueCross,professional,evaluation,oncology,out_of_network,False,True,True,21,337.61,268.32,0.185,False,False,True,network_coverage,1
CLM000398,33,Humana,outpatient,imaging,oncology,in_network,True,True,True,101,1562.21,964.08,0.399,False,False,True,timely_filing,1
CLM000399,25,United,outpatient,therapy,respiratory,out_of_network,True,True,True,46,731.58,454.14,0.216,True,False,True,duplicate_claim,1
CLM000400,48,Humana,outpatient,evaluation,respiratory,in_network,False,True,True,6,123.86,87.53,0.096,False,False,True,,1
CLM000401,31,United,outpatient,imaging,oncology,in_network,True,True,True,5,1271.37,767.95,0.122,False,False,True,,0
CLM000402,47,Aetna,pharmacy,surgery,general,in_network,True,False,False,35,4744.13,3445.3,0.373,False,False,True,incomplete_documentation,1
CLM000403,51,Aetna,professional,imaging,orthopedics,in_network,True,True,True,70,2524.82,1684.08,0.062,False,False,True,,0
CLM000404,60,Aetna,inpatient,therapy,respiratory,in_network,True,True,True,85,371.76,242.0,0.154,False,False,False,,0
CLM000405,25,BlueCross,pharmacy,surgery,orthopedics,in_network,True,True,True,33,7488.07,5739.51,0.018,False,True,True,,0
CLM000406,45,Humana,professional,evaluation,respiratory,out_of_network,True,True,False,6,648.88,458.87,0.105,False,False,True,,0
CLM000407,82,United,outpatient,pharmacy,oncology,in_network,False,True,False,33,66.32,38.94,0.02,False,False,True,,0
CLM000408,24,Cigna,professional,surgery,general,in_network,True,False,True,10,5416.32,3330.71,0.057,False,False,True,,0
CLM000409,84,Cigna,inpatient,evaluation,orthopedics,in_network,True,True,False,29,596.08,442.42,0.241,False,False,True,incomplete_documentation,1
CLM000410,21,United,pharmacy,surgery,oncology,in_network,True,True,True,40,8945.88,4713.8,0.145,False,False,True,,0
CLM000411,87,Cigna,professional,imaging,cardiology,out_of_network,True,True,False,13,938.72,799.49,0.087,False,False,True,,0
CLM000412,47,Cigna,professional,evaluation,respiratory,in_network,False,True,True,57,236.45,159.32,0.074,False,False,True,,0
CLM000413,67,Aetna,inpatient,lab,cardiology,in_network,True,True,True,21,129.66,105.7,0.13,False,False,True,,0
CLM000414,80,BlueCross,pharmacy,pharmacy,oncology,in_network,False,True,True,20,143.74,115.89,0.149,False,False,True,,0
CLM000415,73,Humana,inpatient,therapy,cardiology,in_network,True,False,True,13,408.7,309.06,0.234,False,False,True,,0
CLM000416,68,Humana,outpatient,imaging,orthopedics,in_network,True,True,True,35,2966.89,2402.51,0.293,False,False,True,,0
CLM000417,23,Cigna,inpatient,lab,oncology,in_network,True,True,False,39,145.37,84.74,0.252,False,False,True,incomplete_documentation,1
CLM000418,40,Humana,professional,surgery,orthopedics,out_of_network,True,True,True,1,6620.02,5103.12,0.122,False,False,True,,0
CLM000419,80,Humana,outpatient,evaluation,orthopedics,in_network,False,True,True,60,293.29,194.78,0.192,False,False,True,,0
CLM000420,85,Aetna,pharmacy,evaluation,cardiology,in_network,False,True,True,19,339.08,264.61,0.116,False,False,True,,0
CLM000421,38,United,professional,lab,respiratory,in_network,False,True,True,28,203.73,166.74,0.051,False,True,True,,0
CLM000422,65,Humana,inpatient,therapy,respiratory,in_network,True,False,True,20,472.06,298.32,0.153,False,False,True,missing_prior_authorization,1
CLM000423,50,BlueCross,inpatient,evaluation,oncology,in_network,True,False,True,31,692.78,446.6,0.19,False,False,True,missing_prior_authorization,1
CLM000424,78,BlueCross,inpatient,evaluation,cardiology,in_network,True,True,True,42,203.04,148.15,0.05,False,False,True,,0
CLM000425,80,United,professional,imaging,cardiology,in_network,True,True,True,24,1232.55,765.99,0.296,False,False,True,,0
CLM000426,77,BlueCross,professional,imaging,respiratory,in_network,True,True,True,19,2548.21,1911.57,0.169,False,False,True,,0
CLM000427,73,Aetna,outpatient,imaging,general,out_of_network,True,False,True,23,3967.1,2447.04,0.137,False,False,True,,0
CLM000428,62,Aetna,professional,lab,general,in_network,False,True,True,32,277.47,189.49,0.248,False,False,True,,0
CLM000429,89,BlueCross,inpatient,lab,oncology,in_network,True,False,True,24,105.56,90.25,0.226,False,False,True,missing_prior_authorization,1
CLM000430,85,Humana,professional,imaging,oncology,in_network,True,True,True,31,1929.2,1377.56,0.243,False,False,True,,0
CLM000431,46,Cigna,pharmacy,lab,cardiology,in_network,False,True,True,28,348.7,245.68,0.171,False,False,True,,0
CLM000432,50,Humana,professional,lab,cardiology,in_network,False,True,True,24,279.79,197.9,0.343,False,False,True,,0
CLM000433,45,BlueCross,professional,imaging,respiratory,out_of_network,True,True,False,23,1512.54,1097.19,0.193,False,False,True,network_coverage,1
CLM000434,74,BlueCross,professional,pharmacy,oncology,in_network,False,True,True,23,141.28,99.66,0.208,False,False,True,,0
CLM000435,81,Cigna,inpatient,therapy,oncology,in_network,True,True,True,19,741.7,460.48,0.202,False,True,True,,0
CLM000436,32,Humana,outpatient,lab,orthopedics,in_network,False,True,True,14,288.32,178.82,0.253,False,False,False,,0
CLM000437,53,Cigna,inpatient,therapy,orthopedics,in_network,True,False,True,20,803.55,661.98,0.021,False,False,True,,0
CLM000438,85,Humana,outpatient,lab,general,in_network,False,True,True,24,212.23,128.27,0.117,False,True,True,coding_mismatch,1
CLM000439,33,Aetna,professional,evaluation,general,out_of_network,False,True,False,38,562.96,337.59,0.012,False,False,True,network_coverage,1
CLM000440,70,Cigna,professional,therapy,respiratory,in_network,True,False,False,40,304.95,170.1,0.235,False,False,True,incomplete_documentation,1
CLM000441,76,Cigna,professional,therapy,orthopedics,in_network,True,True,True,64,983.78,772.26,0.15,False,True,True,,0
CLM000442,37,Aetna,inpatient,pharmacy,respiratory,out_of_network,True,True,True,30,591.41,425.68,0.015,True,False,True,duplicate_claim,1
CLM000443,33,BlueCross,professional,evaluation,orthopedics,in_network,False,True,True,3,333.45,188.19,0.237,False,False,True,,0
CLM000444,60,BlueCross,outpatient,evaluation,oncology,in_network,False,True,False,22,150.17,110.53,0.076,False,False,True,,0
CLM000445,76,Cigna,outpatient,surgery,cardiology,out_of_network,True,False,False,22,21596.28,14818.14,0.052,False,False,True,network_coverage,1
CLM000446,19,Aetna,professional,imaging,respiratory,in_network,True,False,False,18,3450.27,2348.37,0.484,False,False,True,,0
CLM000447,88,BlueCross,pharmacy,evaluation,cardiology,in_network,False,True,True,3,289.28,190.22,0.031,False,False,True,,1
CLM000448,55,United,professional,lab,respiratory,in_network,False,True,True,39,204.19,171.12,0.177,False,False,True,,0
CLM000449,26,Aetna,inpatient,evaluation,respiratory,out_of_network,True,True,True,28,389.08,216.13,0.111,False,True,False,coverage_inactive,1
CLM000450,72,United,professional,evaluation,cardiology,in_network,False,True,True,17,296.09,175.68,0.01,False,False,True,,0
CLM000451,55,Cigna,inpatient,lab,oncology,in_network,True,True,True,9,393.09,208.99,0.087,False,False,True,,0
CLM000452,44,Aetna,pharmacy,lab,orthopedics,in_network,False,True,True,23,299.85,252.0,0.275,False,False,True,,0
CLM000453,41,Cigna,professional,therapy,oncology,out_of_network,True,True,True,96,406.78,245.32,0.194,False,False,True,,0
CLM000454,71,Cigna,outpatient,surgery,cardiology,in_network,True,True,True,28,8139.64,4392.55,0.064,False,False,True,,0
CLM000455,48,BlueCross,inpatient,evaluation,respiratory,in_network,True,False,True,25,384.66,317.9,0.054,False,False,True,,0
CLM000456,70,BlueCross,outpatient,evaluation,oncology,out_of_network,False,True,True,10,341.15,288.61,0.071,False,False,True,,0
CLM000457,76,Humana,pharmacy,lab,orthopedics,in_network,False,True,True,33,290.43,226.78,0.01,False,False,True,,1
CLM000458,85,Aetna,outpatient,evaluation,general,in_network,False,True,True,16,355.03,261.96,0.202,False,False,False,,0
CLM000459,83,United,professional,therapy,respiratory,in_network,True,True,True,34,805.81,490.79,0.132,False,False,True,,0
CLM000460,87,BlueCross,professional,evaluation,respiratory,in_network,False,True,True,4,471.23,290.12,0.097,False,False,False,,0
CLM000461,65,BlueCross,outpatient,surgery,cardiology,in_network,True,False,True,11,7518.72,4931.61,0.363,False,False,True,,0
CLM000462,32,Aetna,inpatient,evaluation,oncology,in_network,True,False,True,15,342.34,243.5,0.16,False,False,True,,0
CLM000463,20,United,pharmacy,evaluation,respiratory,in_network,False,True,True,19,237.89,160.9,0.286,False,False,True,,0
CLM000464,41,BlueCross,outpatient,surgery,general,in_network,True,True,False,62,23309.09,18716.82,0.252,False,False,True,incomplete_documentation,1
CLM000465,53,United,outpatient,therapy,respiratory,in_network,True,True,False,51,661.84,454.06,0.318,False,False,True,,0
CLM000466,34,BlueCross,professional,evaluation,cardiology,in_network,False,True,False,31,179.36,135.71,0.175,False,False,True,,0
CLM000467,73,Aetna,professional,surgery,respiratory,out_of_network,True,True,True,10,11179.43,7125.18,0.127,False,False,True,network_coverage,1
CLM000468,46,Cigna,pharmacy,evaluation,cardiology,in_network,False,True,True,10,161.57,104.32,0.02,False,False,True,,0
CLM000469,85,Cigna,inpatient,pharmacy,orthopedics,in_network,True,True,True,48,161.01,128.04,0.098,False,False,True,,0
CLM000470,20,Cigna,outpatient,evaluation,general,in_network,False,True,False,18,347.6,250.62,0.019,False,False,True,,0
CLM000471,26,United,outpatient,lab,general,in_network,False,True,True,14,351.23,238.76,0.063,False,False,True,,0
CLM000472,52,Cigna,outpatient,therapy,general,in_network,True,False,True,17,765.83,416.59,0.112,False,False,True,missing_prior_authorization,1
CLM000473,38,Humana,inpatient,pharmacy,orthopedics,in_network,True,True,True,22,105.27,87.7,0.029,False,True,True,,0
CLM000474,81,BlueCross,inpatient,therapy,respiratory,out_of_network,True,True,True,29,712.23,510.17,0.135,False,False,True,,0
CLM000475,54,Aetna,outpatient,imaging,respiratory,in_network,True,False,True,21,1564.25,1125.56,0.085,False,False,True,missing_prior_authorization,1
CLM000476,70,Cigna,outpatient,imaging,orthopedics,in_network,True,True,True,3,1407.33,907.72,0.215,False,True,True,,0
CLM000477,68,Cigna,outpatient,evaluation,general,in_network,False,True,True,26,170.65,130.53,0.062,False,False,True,,1
CLM000478,58,Cigna,professional,lab,general,in_network,False,True,True,30,165.19,110.05,0.172,False,False,True,,0
CLM000479,65,Humana,professional,surgery,cardiology,in_network,True,False,False,29,8469.18,5108.96,0.239,False,True,True,coding_mismatch,1
CLM000480,35,United,outpatient,lab,respiratory,in_network,False,True,True,21,337.6,248.82,0.166,False,False,True,,0
CLM000481,47,Aetna,outpatient,evaluation,oncology,in_network,False,True,True,9,221.02,161.23,0.279,False,False,True,,0
CLM000482,35,Aetna,outpatient,lab,respiratory,in_network,False,True,True,6,185.52,106.03,0.185,False,False,True,,1
CLM000483,81,BlueCross,professional,evaluation,oncology,in_network,False,True,True,17,298.19,211.42,0.283,False,False,True,,0
CLM000484,23,Cigna,outpatient,evaluation,orthopedics,in_network,False,True,True,39,160.91,133.55,0.145,False,True,True,,0
CLM000485,79,Aetna,inpatient,pharmacy,cardiology,in_network,True,True,True,14,163.22,107.25,0.078,False,False,True,,0
CLM000486,23,Aetna,outpatient,pharmacy,oncology,out_of_network,False,False,True,129,312.22,218.18,0.155,False,True,False,coverage_inactive,1
CLM000487,49,Cigna,outpatient,surgery,general,in_network,True,True,True,44,5930.93,3459.48,0.122,False,True,False,coverage_inactive,1
CLM000488,73,BlueCross,outpatient,evaluation,general,in_network,False,True,True,18,269.93,206.19,0.051,False,False,True,,0
CLM000489,51,United,outpatient,imaging,orthopedics,in_network,True,True,True,16,1037.3,612.54,0.346,False,False,True,,0
CLM000490,85,Cigna,outpatient,pharmacy,general,out_of_network,False,False,True,19,350.53,256.61,0.145,False,False,True,,0
CLM000491,80,United,professional,surgery,orthopedics,in_network,True,True,True,24,4353.38,3531.15,0.079,False,False,True,,0
CLM000492,78,Humana,professional,evaluation,oncology,in_network,False,True,True,8,260.61,176.86,0.256,False,False,True,,1
CLM000493,69,Cigna,professional,evaluation,orthopedics,out_of_network,False,True,True,15,897.81,555.74,0.245,False,False,True,network_coverage,1
CLM000494,85,United,outpatient,imaging,oncology,in_network,True,False,True,61,2236.85,1814.84,0.228,False,False,True,missing_prior_authorization,1
CLM000495,42,United,professional,evaluation,oncology,in_network,False,True,True,33,536.96,309.55,0.221,False,False,True,,0
CLM000496,23,Cigna,outpatient,imaging,respiratory,in_network,True,True,True,19,2496.42,1575.96,0.138,False,False,True,,0
CLM000497,55,United,outpatient,lab,oncology,in_network,False,True,True,30,153.97,82.56,0.304,False,False,True,,0
CLM000498,43,BlueCross,professional,lab,oncology,in_network,False,True,True,20,421.94,281.85,0.174,False,False,True,,0
CLM000499,23,BlueCross,outpatient,lab,respiratory,in_network,False,True,True,41,92.65,50.51,0.125,False,False,True,,0
CLM000500,35,Humana,outpatient,therapy,oncology,in_network,True,True,True,75,379.0,241.69,0.168,False,False,True,,1
CLM000501,22,Humana,professional,pharmacy,oncology,in_network,False,True,True,23,258.12,190.43,0.061,False,False,True,,0
CLM000502,25,BlueCross,pharmacy,lab,cardiology,out_of_network,False,True,True,8,350.44,261.05,0.055,False,False,True,,0
CLM000503,75,Humana,pharmacy,therapy,general,in_network,True,True,True,10,538.24,442.28,0.205,False,False,True,,1
CLM000504,35,Cigna,outpatient,evaluation,cardiology,out_of_network,False,True,True,47,292.85,239.54,0.185,False,False,True,,0
CLM000505,56,Cigna,outpatient,evaluation,general,in_network,False,True,True,73,93.91,73.63,0.106,False,False,True,,0
CLM000506,64,United,professional,imaging,respiratory,in_network,True,True,True,14,1606.05,1024.25,0.287,False,False,True,,0
CLM000507,39,Aetna,outpatient,pharmacy,general,out_of_network,False,True,True,14,413.72,219.68,0.059,False,False,True,,0
CLM000508,52,Cigna,professional,imaging,cardiology,in_network,True,True,True,34,1418.05,944.0,0.097,False,False,False,,0
CLM000509,51,BlueCross,outpatient,therapy,orthopedics,in_network,True,True,True,8,542.8,360.9,0.097,False,False,True,,0
CLM000510,83,Cigna,inpatient,therapy,cardiology,in_network,True,True,True,34,573.8,315.3,0.142,False,False,True,,1
CLM000511,86,Aetna,inpatient,evaluation,oncology,in_network,True,True,True,37,228.8,119.93,0.306,False,False,True,,0
CLM000512,27,Aetna,professional,imaging,general,in_network,True,True,True,13,1258.31,851.66,0.161,False,False,True,,0
CLM000513,69,Humana,inpatient,imaging,respiratory,out_of_network,True,False,False,4,1066.35,882.83,0.231,False,False,True,,0
CLM000514,67,Aetna,outpatient,evaluation,respiratory,in_network,False,True,True,12,530.37,373.99,0.268,False,False,True,,0
CLM000515,86,Cigna,outpatient,imaging,general,in_network,True,True,False,39,474.5,296.67,0.524,False,False,True,,0
CLM000516,60,United,outpatient,lab,cardiology,in_network,False,True,True,31,210.04,134.71,0.048,False,False,True,,0
CLM000517,49,United,outpatient,evaluation,respiratory,in_network,False,True,True,21,729.99,617.99,0.026,False,False,True,,0
CLM000518,71,Aetna,professional,evaluation,orthopedics,in_network,False,True,True,49,413.45,354.94,0.238,False,False,True,,0
CLM000519,67,United,inpatient,surgery,respiratory,in_network,True,True,True,30,5490.63,4644.79,0.066,False,False,True,,0
CLM000520,51,BlueCross,professional,lab,respiratory,in_network,False,True,True,27,287.68,242.5,0.162,False,False,True,,0
CLM000521,69,Aetna,professional,pharmacy,respiratory,in_network,False,False,False,6,278.81,203.56,0.134,False,False,True,incomplete_documentation,1
CLM000522,20,Cigna,outpatient,lab,oncology,in_network,False,True,True,31,255.69,165.37,0.117,False,False,False,,0
CLM000523,86,Cigna,inpatient,imaging,respiratory,in_network,True,True,False,39,1744.37,1027.76,0.11,False,False,True,,0
CLM000524,46,BlueCross,professional,surgery,oncology,in_network,True,False,False,72,5273.52,4362.98,0.1,False,False,True,incomplete_documentation,1
CLM000525,39,Cigna,inpatient,lab,respiratory,in_network,True,True,True,15,173.82,121.47,0.403,False,True,True,coding_mismatch,1
CLM000526,33,Aetna,outpatient,pharmacy,oncology,in_network,False,True,False,21,226.05,172.5,0.109,False,False,True,incomplete_documentation,1
CLM000527,27,BlueCross,pharmacy,lab,orthopedics,in_network,False,False,True,55,205.35,137.94,0.044,False,False,True,,0
CLM000528,40,Aetna,pharmacy,imaging,orthopedics,in_network,True,False,True,36,1107.05,589.91,0.201,False,False,True,missing_prior_authorization,1
CLM000529,19,United,professional,therapy,orthopedics,in_network,True,False,True,34,307.59,236.67,0.027,False,False,True,,0
CLM000530,34,Cigna,outpatient,imaging,respiratory,in_network,True,True,True,10,2531.69,1955.51,0.189,False,False,True,,0
CLM000531,68,Cigna,professional,surgery,general,out_of_network,True,False,True,21,12959.46,10547.27,0.065,False,False,True,network_coverage,1
CLM000532,63,Cigna,professional,pharmacy,cardiology,out_of_network,False,True,False,38,407.42,334.59,0.214,False,False,True,network_coverage,1
CLM000533,53,United,outpatient,evaluation,cardiology,in_network,False,True,False,12,125.3,72.68,0.139,False,False,True,,0
CLM000534,84,Humana,professional,imaging,oncology,out_of_network,True,True,True,26,2781.16,2315.83,0.029,False,False,True,network_coverage,1
CLM000535,72,Humana,inpatient,lab,respiratory,in_network,True,False,True,20,142.72,117.94,0.2,False,False,True,missing_prior_authorization,1
CLM000536,28,BlueCross,outpatient,imaging,cardiology,in_network,True,True,True,36,1195.13,868.2,0.258,False,False,True,,0
CLM000537,58,BlueCross,outpatient,imaging,orthopedics,in_network,True,True,True,30,1472.64,793.31,0.156,False,False,True,,0
CLM000538,45,United,outpatient,therapy,cardiology,in_network,True,True,True,3,1185.46,1002.99,0.229,False,False,True,,1
CLM000539,52,United,outpatient,therapy,cardiology,in_network,True,True,True,21,1102.12,840.38,0.141,False,False,True,,0
CLM000540,38,BlueCross,professional,evaluation,cardiology,out_of_network,False,True,True,66,438.97,245.97,0.369,False,False,True,network_coverage,1
CLM000541,88,BlueCross,pharmacy,pharmacy,respiratory,in_network,False,True,False,45,235.54,185.06,0.591,False,False,True,incomplete_documentation,1
CLM000542,26,BlueCross,outpatient,surgery,general,in_network,True,True,True,20,7021.71,4868.2,0.213,False,False,True,,0
CLM000543,25,Humana,professional,pharmacy,oncology,in_network,False,False,True,41,198.55,162.93,0.174,False,False,True,,0
CLM000544,46,United,pharmacy,therapy,cardiology,in_network,True,True,True,17,482.74,276.3,0.043,False,False,True,,0
CLM000545,79,United,inpatient,surgery,general,in_network,True,True,True,35,10643.19,7392.0,0.01,False,False,True,,0
CLM000546,75,United,outpatient,evaluation,orthopedics,in_network,False,True,True,14,260.91,213.68,0.024,False,False,True,,0
CLM000547,43,BlueCross,outpatient,imaging,cardiology,in_network,True,True,True,78,1689.47,1246.49,0.147,False,False,True,,0
CLM000548,37,BlueCross,inpatient,therapy,cardiology,in_network,True,True,False,21,574.81,376.05,0.252,False,False,True,incomplete_documentation,1
CLM000549,41,United,professional,evaluation,orthopedics,in_network,False,True,True,25,207.25,125.9,0.118,False,False,True,,0
CLM000550,36,BlueCross,outpatient,surgery,respiratory,in_network,True,True,False,49,8769.96,6735.57,0.322,False,False,True,incomplete_documentation,1
CLM000551,60,BlueCross,outpatient,evaluation,orthopedics,in_network,True,True,True,25,264.45,172.85,0.054,False,False,True,,0
CLM000552,84,United,inpatient,surgery,oncology,in_network,True,True,True,28,23035.57,17159.71,0.092,False,False,True,,0
CLM000553,61,Cigna,outpatient,evaluation,orthopedics,in_network,False,True,False,27,597.36,392.05,0.183,False,False,True,,0
CLM000554,64,Aetna,pharmacy,imaging,general,in_network,True,True,True,31,2108.35,1442.41,0.083,False,False,True,,0
CLM000555,42,United,inpatient,imaging,respiratory,in_network,True,False,False,10,1082.64,601.1,0.203,False,False,True,incomplete_documentation,1
CLM000556,38,BlueCross,outpatient,lab,respiratory,in_network,False,True,True,33,546.38,445.34,0.096,False,False,True,,0
CLM000557,25,BlueCross,outpatient,evaluation,oncology,out_of_network,False,True,True,17,388.43,304.25,0.111,False,False,True,,0
CLM000558,20,Cigna,outpatient,imaging,oncology,in_network,True,True,True,15,983.87,836.84,0.095,False,False,True,,0
CLM000559,49,BlueCross,professional,evaluation,general,in_network,False,True,True,20,931.37,657.85,0.053,False,False,True,,0
CLM000560,89,United,outpatient,surgery,respiratory,out_of_network,True,True,False,8,16787.86,12938.08,0.101,False,False,True,,0
CLM000561,73,Humana,inpatient,lab,general,in_network,True,True,True,19,167.39,92.84,0.157,False,False,True,,0
CLM000562,88,Cigna,outpatient,lab,cardiology,out_of_network,False,True,True,9,270.42,172.39,0.164,False,False,True,,0
CLM000563,39,BlueCross,professional,imaging,general,in_network,True,True,True,3,1923.84,1130.41,0.092,False,False,True,,0
CLM000564,66,Cigna,professional,pharmacy,general,out_of_network,False,True,True,41,229.91,138.35,0.155,False,False,True,,0
CLM000565,61,BlueCross,professional,lab,respiratory,in_network,False,True,True,19,229.01,132.39,0.167,False,False,True,,0
CLM000566,26,United,professional,evaluation,general,out_of_network,True,True,True,29,966.42,631.17,0.192,False,False,True,,0
CLM000567,19,Humana,professional,therapy,oncology,in_network,True,False,False,36,362.26,224.06,0.14,False,False,True,,0
CLM000568,70,Aetna,inpatient,therapy,orthopedics,in_network,True,False,True,56,395.49,271.1,0.206,False,False,True,missing_prior_authorization,1
CLM000569,36,Cigna,outpatient,therapy,respiratory,in_network,True,False,True,20,1716.58,1404.8,0.164,False,False,True,,0
CLM000570,50,Humana,outpatient,pharmacy,respiratory,in_network,False,True,True,24,241.85,136.27,0.098,True,False,True,duplicate_claim,1
CLM000571,75,Cigna,outpatient,evaluation,cardiology,in_network,False,True,True,34,421.62,252.26,0.261,False,False,True,,0
CLM000572,21,Aetna,professional,therapy,orthopedics,out_of_network,True,False,True,6,1318.49,995.63,0.125,False,False,True,network_coverage,1
CLM000573,30,Aetna,outpatient,evaluation,orthopedics,in_network,False,True,False,18,435.93,250.17,0.138,False,False,True,,0
CLM000574,27,Humana,professional,therapy,oncology,in_network,True,True,True,23,886.06,556.86,0.462,False,False,True,,0
CLM000575,61,Cigna,professional,lab,cardiology,in_network,False,True,False,15,126.81,79.37,0.089,False,False,False,coverage_inactive,1
CLM000576,20,Cigna,outpatient,therapy,respiratory,in_network,True,True,True,15,609.75,518.47,0.355,False,False,True,,0
CLM000577,67,BlueCross,pharmacy,lab,cardiology,out_of_network,False,True,True,13,299.54,194.5,0.066,False,False,True,,0
CLM000578,26,BlueCross,professional,evaluation,general,in_network,False,True,True,118,424.27,354.78,0.103,False,False,True,,0
CLM000579,57,Cigna,professional,pharmacy,respiratory,in_network,False,True,True,23,72.62,44.54,0.121,False,False,True,,0
CLM000580,57,Cigna,outpatient,pharmacy,orthopedics,in_network,False,True,True,12,102.6,58.07,0.078,True,False,True,,0
CLM000581,73,Cigna,outpatient,evaluation,orthopedics,in_network,False,True,True,20,329.73,237.32,0.161,False,False,True,,0
CLM000582,70,United,outpatient,therapy,respiratory,in_network,True,True,True,11,684.48,543.19,0.081,False,False,True,,0
CLM000583,49,Aetna,inpatient,evaluation,cardiology,in_network,True,True,True,25,187.11,135.84,0.114,False,False,False,coverage_inactive,1
CLM000584,88,Cigna,outpatient,imaging,respiratory,in_network,True,True,True,29,1059.98,658.48,0.192,False,False,True,,1
CLM000585,35,BlueCross,pharmacy,lab,oncology,in_network,False,True,True,57,280.64,223.94,0.395,False,False,True,,0
CLM000586,88,Aetna,professional,surgery,orthopedics,in_network,True,True,False,7,8837.23,7134.47,0.036,False,False,True,incomplete_documentation,1
CLM000587,89,Cigna,outpatient,imaging,general,in_network,True,True,True,45,2162.32,1470.36,0.064,False,False,True,,0
CLM000588,76,Aetna,outpatient,pharmacy,respiratory,in_network,True,True,True,24,326.57,271.77,0.063,False,False,True,,0
CLM000589,56,BlueCross,outpatient,evaluation,cardiology,in_network,True,True,True,39,209.5,174.66,0.199,False,False,True,,0
CLM000590,21,Humana,inpatient,therapy,respiratory,in_network,True,False,True,46,470.28,347.62,0.119,False,False,True,missing_prior_authorization,1
CLM000591,50,BlueCross,pharmacy,surgery,oncology,in_network,True,False,True,52,7290.47,4401.38,0.203,False,False,True,missing_prior_authorization,1
CLM000592,50,Humana,outpatient,evaluation,respiratory,in_network,True,True,True,9,595.34,467.9,0.051,False,False,True,,0
CLM000593,46,BlueCross,outpatient,lab,oncology,in_network,False,True,True,36,358.24,293.42,0.165,False,False,True,,0
CLM000594,21,Cigna,professional,evaluation,general,in_network,False,True,True,12,221.08,139.31,0.243,False,True,True,coding_mismatch,1
CLM000595,84,United,inpatient,pharmacy,general,in_network,True,True,True,12,363.25,205.45,0.064,False,False,True,,0
CLM000596,63,BlueCross,outpatient,lab,cardiology,in_network,False,True,True,32,131.74,88.36,0.382,False,False,True,,0
CLM000597,21,Cigna,professional,surgery,oncology,in_network,True,True,True,33,7501.93,5364.67,0.046,False,False,True,,0
CLM000598,29,Humana,professional,surgery,orthopedics,in_network,True,True,True,38,5662.82,3883.84,0.236,False,False,True,,1
CLM000599,76,BlueCross,pharmacy,imaging,oncology,in_network,True,True,False,17,1107.84,950.11,0.132,False,False,True,,0
CLM000600,65,BlueCross,professional,lab,cardiology,in_network,False,True,True,29,87.32,69.63,0.213,False,False,True,,0
CLM000601,30,Humana,outpatient,imaging,oncology,in_network,True,True,True,31,1353.07,1148.79,0.126,False,False,True,,0
CLM000602,36,Aetna,professional,imaging,cardiology,in_network,True,False,True,20,626.17,364.48,0.106,False,False,True,missing_prior_authorization,1
CLM000603,26,BlueCross,pharmacy,surgery,respiratory,in_network,True,False,True,49,7415.52,4453.75,0.193,False,False,True,,0
CLM000604,64,Cigna,professional,imaging,oncology,in_network,True,True,True,5,2278.73,1198.74,0.126,True,False,True,,0
CLM000605,22,BlueCross,pharmacy,evaluation,general,in_network,False,True,True,11,361.24,281.58,0.046,False,False,True,,0
CLM000606,70,Cigna,professional,imaging,general,in_network,True,True,False,49,3699.13,2808.95,0.045,False,False,True,incomplete_documentation,1
CLM000607,45,Humana,professional,evaluation,respiratory,in_network,False,True,False,32,546.19,355.13,0.017,False,False,False,coverage_inactive,1
CLM000608,38,United,inpatient,surgery,oncology,in_network,True,True,True,89,14800.04,9793.79,0.1,False,False,False,,0
CLM000609,46,Humana,professional,imaging,respiratory,in_network,True,True,True,37,1057.82,695.75,0.162,True,False,True,,0
CLM000610,89,Cigna,outpatient,imaging,respiratory,in_network,True,True,True,14,1196.47,678.0,0.069,False,False,True,,0
CLM000611,48,Humana,outpatient,evaluation,cardiology,in_network,False,True,True,46,426.39,288.98,0.125,False,False,True,,0
CLM000612,34,BlueCross,professional,surgery,orthopedics,in_network,True,False,False,52,7352.57,5830.55,0.299,False,False,True,incomplete_documentation,1
CLM000613,88,Cigna,pharmacy,therapy,general,in_network,True,False,True,30,490.73,326.8,0.03,False,False,True,,0
CLM000614,25,United,pharmacy,imaging,orthopedics,in_network,True,True,True,10,2253.61,1393.3,0.196,False,False,True,,0
CLM000615,37,Aetna,outpatient,pharmacy,cardiology,in_network,False,False,True,29,207.93,146.59,0.091,False,False,False,coverage_inactive,1
CLM000616,60,BlueCross,professional,imaging,general,in_network,True,True,True,18,705.74,425.46,0.061,False,False,True,,0
CLM000617,58,BlueCross,professional,lab,general,out_of_network,False,True,True,15,439.53,251.85,0.143,False,False,True,network_coverage,1
CLM000618,47,United,outpatient,evaluation,respiratory,in_network,False,True,True,27,277.77,194.87,0.249,False,False,True,,0
CLM000619,42,BlueCross,inpatient,surgery,respiratory,in_network,True,False,True,5,7267.54,5305.89,0.177,False,False,True,missing_prior_authorization,1
CLM000620,77,BlueCross,inpatient,surgery,orthopedics,in_network,True,True,True,22,27453.64,15123.21,0.046,False,False,True,,1
CLM000621,22,United,professional,evaluation,orthopedics,out_of_network,False,False,True,15,485.14,314.55,0.133,False,False,True,network_coverage,1
CLM000622,55,United,outpatient,surgery,general,in_network,True,True,False,11,23686.31,18392.33,0.136,False,False,True,,0
CLM000623,67,Aetna,pharmacy,imaging,general,in_network,True,True,True,19,967.55,771.71,0.224,False,False,True,,0
CLM000624,36,United,outpatient,lab,oncology,in_network,False,False,True,17,176.52,109.7,0.244,False,False,True,,0
CLM000625,74,Humana,pharmacy,imaging,orthopedics,in_network,True,False,True,46,1094.77,827.73,0.07,False,False,True,,0
CLM000626,55,United,outpatient,pharmacy,cardiology,in_network,False,True,True,23,186.59,149.05,0.146,False,False,True,,0
CLM000627,48,Aetna,professional,evaluation,cardiology,in_network,False,True,True,32,293.55,209.79,0.128,False,False,True,,0
CLM000628,80,Aetna,inpatient,therapy,oncology,in_network,True,True,True,55,312.31,242.81,0.136,False,False,True,,1
CLM000629,25,BlueCross,outpatient,surgery,oncology,in_network,True,True,True,15,14079.12,7997.14,0.08,False,False,True,,0
CLM000630,35,United,professional,evaluation,respiratory,in_network,True,True,True,24,351.5,270.86,0.192,False,False,True,,1
CLM000631,76,Cigna,pharmacy,evaluation,general,in_network,False,True,True,35,491.49,380.72,0.058,False,False,True,,0
CLM000632,26,Humana,professional,imaging,orthopedics,in_network,True,False,True,26,1567.47,1154.68,0.087,False,False,True,missing_prior_authorization,1
CLM000633,19,BlueCross,inpatient,pharmacy,cardiology,in_network,True,True,False,22,617.14,389.52,0.235,False,False,True,,0
CLM000634,80,BlueCross,outpatient,therapy,general,out_of_network,True,True,False,20,705.01,497.5,0.219,False,False,True,network_coverage,1
CLM000635,18,United,inpatient,evaluation,respiratory,in_network,True,True,True,31,523.24,304.87,0.184,False,False,True,,0
CLM000636,80,Cigna,inpatient,surgery,oncology,out_of_network,True,True,True,13,22329.35,15670.93,0.183,False,False,True,,0
CLM000637,75,Humana,professional,imaging,cardiology,in_network,True,True,True,12,803.51,644.79,0.274,False,False,True,,0
CLM000638,79,Humana,professional,evaluation,oncology,in_network,False,True,True,62,209.83,150.91,0.147,False,False,False,coverage_inactive,1
CLM000639,21,Aetna,professional,evaluation,respiratory,in_network,False,True,True,4,215.15,131.72,0.08,False,False,True,,0
CLM000640,37,United,professional,lab,general,in_network,False,True,False,13,202.6,134.63,0.141,False,False,True,,0
CLM000641,31,United,professional,imaging,oncology,in_network,True,False,False,37,1185.28,840.78,0.164,False,False,True,,0
CLM000642,75,Humana,professional,evaluation,oncology,in_network,False,True,True,46,375.0,272.09,0.15,False,False,True,,0
CLM000643,37,Cigna,inpatient,surgery,orthopedics,in_network,True,False,True,8,18952.34,13418.42,0.07,False,False,True,missing_prior_authorization,1
CLM000644,36,Cigna,outpatient,lab,oncology,in_network,False,True,True,50,116.58,93.8,0.196,False,False,True,,0
CLM000645,60,BlueCross,professional,therapy,cardiology,out_of_network,True,True,False,126,329.8,178.19,0.282,False,True,True,coding_mismatch,1
CLM000646,62,Humana,professional,imaging,cardiology,in_network,True,False,True,57,1047.33,760.63,0.137,False,False,True,,0
CLM000647,53,BlueCross,inpatient,imaging,respiratory,in_network,True,False,False,22,876.22,592.56,0.453,False,False,True,incomplete_documentation,1
CLM000648,26,Aetna,outpatient,imaging,orthopedics,in_network,True,True,True,22,689.58,393.84,0.056,False,False,True,,0
CLM000649,48,Aetna,professional,pharmacy,general,in_network,False,True,True,28,168.02,90.52,0.165,False,True,True,,0
CLM000650,48,Cigna,inpatient,lab,orthopedics,in_network,True,True,True,11,265.31,213.68,0.117,False,False,True,,0
CLM000651,55,United,outpatient,evaluation,general,in_network,False,True,True,17,325.51,272.07,0.198,False,False,True,,0
CLM000652,83,Humana,pharmacy,pharmacy,cardiology,in_network,False,True,False,22,152.03,109.05,0.079,False,False,True,,0
CLM000653,43,United,professional,evaluation,cardiology,out_of_network,False,True,True,40,456.7,392.03,0.192,False,False,True,,0
CLM000654,19,Humana,outpatient,therapy,oncology,in_network,True,True,False,38,224.67,136.32,0.314,False,False,True,,0
CLM000655,25,United,professional,therapy,general,in_network,True,True,True,10,670.63,365.57,0.109,False,False,True,,0
CLM000656,29,Humana,outpatient,lab,cardiology,in_network,False,True,True,20,239.03,192.52,0.272,True,False,True,,0
CLM000657,80,United,professional,therapy,oncology,in_network,True,False,True,9,574.93,351.66,0.042,False,False,True,,0
CLM000658,64,Cigna,outpatient,pharmacy,orthopedics,in_network,False,True,True,52,201.93,142.98,0.147,False,False,True,,0
CLM000659,39,Aetna,professional,evaluation,respiratory,in_network,False,True,True,20,163.52,102.72,0.06,False,False,True,,0
CLM000660,75,BlueCross,outpatient,lab,oncology,in_network,False,True,False,30,196.09,124.69,0.124,False,False,True,,0
CLM000661,88,United,outpatient,lab,respiratory,out_of_network,False,True,True,24,599.58,493.81,0.087,False,False,True,network_coverage,1
CLM000662,49,Humana,pharmacy,pharmacy,orthopedics,in_network,False,True,True,37,256.44,176.4,0.324,False,False,True,,0
CLM000663,74,Aetna,outpatient,imaging,orthopedics,out_of_network,True,False,True,10,1673.55,903.33,0.089,False,False,True,,0
CLM000664,72,Aetna,inpatient,evaluation,respiratory,in_network,True,True,True,6,487.65,357.14,0.168,False,False,True,,0
CLM000665,37,Humana,outpatient,surgery,orthopedics,in_network,True,True,True,7,14643.88,12465.36,0.078,False,False,True,,0
CLM000666,88,United,professional,evaluation,respiratory,in_network,True,True,True,10,631.1,378.28,0.248,False,False,True,,1
CLM000667,85,Humana,professional,evaluation,cardiology,in_network,False,True,True,9,483.3,364.77,0.11,False,False,True,,0
CLM000668,68,United,pharmacy,lab,orthopedics,out_of_network,False,True,True,14,629.58,419.45,0.202,False,False,True,,0
CLM000669,87,Aetna,outpatient,surgery,cardiology,in_network,True,True,False,15,9515.2,5857.68,0.027,False,False,True,,0
CLM000670,49,United,outpatient,evaluation,cardiology,in_network,False,True,False,5,514.37,428.03,0.047,False,True,True,coding_mismatch,1
CLM000671,68,Aetna,inpatient,lab,orthopedics,out_of_network,True,False,True,24,205.66,109.74,0.284,False,False,True,,0
CLM000672,63,United,outpatient,lab,oncology,in_network,False,True,True,31,342.18,286.65,0.086,False,False,True,,0
CLM000673,61,United,pharmacy,therapy,cardiology,in_network,True,False,False,9,536.76,294.48,0.088,False,False,True,,0
CLM000674,40,Cigna,professional,lab,cardiology,in_network,False,True,True,25,315.32,239.9,0.2,False,False,True,,0
CLM000675,43,Cigna,professional,evaluation,general,in_network,False,True,True,11,593.79,309.11,0.139,False,False,False,,0
CLM000676,24,Cigna,outpatient,imaging,oncology,in_network,True,True,True,48,905.53,741.65,0.087,False,False,True,,0
CLM000677,53,Cigna,pharmacy,lab,respiratory,in_network,True,False,True,30,460.51,354.58,0.093,False,False,True,,0
CLM000678,28,United,outpatient,pharmacy,respiratory,in_network,False,True,True,54,266.08,142.18,0.077,False,False,True,,0
CLM000679,54,BlueCross,inpatient,imaging,cardiology,in_network,True,True,True,63,1553.99,1179.03,0.343,False,False,True,,1
CLM000680,49,BlueCross,outpatient,lab,respiratory,in_network,False,True,True,3,139.6,105.22,0.157,False,False,True,,0
CLM000681,27,United,inpatient,evaluation,general,in_network,True,True,True,23,257.34,173.94,0.099,True,False,True,,0
CLM000682,38,United,outpatient,pharmacy,oncology,in_network,False,True,True,51,299.31,247.29,0.104,False,False,True,,0
CLM000683,81,Cigna,inpatient,therapy,general,in_network,True,False,True,44,490.55,407.57,0.485,False,False,True,missing_prior_authorization,1
CLM000684,21,BlueCross,outpatient,evaluation,general,in_network,False,True,True,13,573.04,393.68,0.119,False,False,True,,0
CLM000685,33,United,professional,surgery,oncology,in_network,True,True,True,16,13436.2,6989.15,0.165,False,True,True,,0
CLM000686,45,United,outpatient,lab,cardiology,in_network,False,True,True,22,171.4,130.8,0.133,False,False,True,,1
CLM000687,70,BlueCross,outpatient,pharmacy,respiratory,out_of_network,False,True,False,56,261.07,189.01,0.074,False,False,True,network_coverage,1
CLM000688,79,Cigna,pharmacy,pharmacy,general,in_network,False,True,True,44,187.49,131.76,0.219,False,False,True,,0
CLM000689,73,Cigna,professional,therapy,oncology,in_network,True,True,True,60,734.65,500.27,0.23,False,True,True,coding_mismatch,1
CLM000690,23,United,outpatient,lab,general,out_of_network,False,True,True,49,335.83,221.7,0.131,False,False,True,network_coverage,1
CLM000691,44,Humana,outpatient,lab,oncology,in_network,False,True,True,24,234.4,156.32,0.162,False,False,True,,0
CLM000692,82,Cigna,pharmacy,imaging,oncology,in_network,True,False,True,80,1671.53,919.56,0.11,False,False,True,missing_prior_authorization,1
CLM000693,70,United,outpatient,pharmacy,general,in_network,False,True,True,8,174.83,96.37,0.073,False,False,True,,0
CLM000694,29,Humana,outpatient,evaluation,cardiology,in_network,True,True,True,21,489.03,266.9,0.222,False,False,False,coverage_inactive,1
CLM000695,47,Cigna,pharmacy,lab,oncology,out_of_network,False,True,True,21,351.2,211.21,0.098,False,False,True,,0
CLM000696,51,United,outpatient,surgery,cardiology,in_network,True,True,True,48,16288.96,8748.99,0.111,False,False,True,,0
CLM000697,33,Cigna,professional,lab,respiratory,out_of_network,False,True,True,17,463.47,397.79,0.091,False,False,True,network_coverage,1
CLM000698,82,Cigna,professional,imaging,general,in_network,True,False,True,70,1499.98,1145.67,0.163,False,False,True,,0
CLM000699,71,BlueCross,professional,evaluation,general,in_network,True,True,True,35,657.28,454.47,0.279,False,False,True,,0
CLM000700,23,BlueCross,outpatient,therapy,orthopedics,in_network,True,True,True,19,381.15,237.12,0.133,False,False,True,,0
CLM000701,34,BlueCross,outpatient,surgery,respiratory,out_of_network,True,True,True,10,13590.79,11168.55,0.057,False,False,True,,0
CLM000702,60,Aetna,outpatient,therapy,general,out_of_network,True,True,True,3,708.0,442.96,0.178,False,False,True,network_coverage,1
CLM000703,69,Humana,inpatient,pharmacy,general,in_network,True,True,True,3,237.64,202.46,0.085,False,False,True,,0
CLM000704,72,Cigna,professional,imaging,oncology,out_of_network,True,True,True,21,1448.34,1043.84,0.138,False,False,True,,0
CLM000705,85,United,outpatient,lab,cardiology,in_network,False,True,False,98,256.64,159.97,0.122,False,False,True,incomplete_documentation,1
CLM000706,59,Humana,outpatient,therapy,oncology,in_network,True,False,True,34,380.69,209.26,0.099,False,False,True,missing_prior_authorization,1
CLM000707,31,Aetna,professional,imaging,respiratory,in_network,True,True,True,41,725.19,550.64,0.253,False,False,True,,0
CLM000708,20,Humana,professional,therapy,respiratory,out_of_network,True,True,True,13,623.65,354.2,0.13,False,False,True,,0
CLM000709,22,Aetna,outpatient,therapy,orthopedics,in_network,True,False,True,13,557.26,355.06,0.025,False,False,True,,0
CLM000710,57,Aetna,outpatient,imaging,orthopedics,in_network,True,True,True,4,863.33,738.32,0.206,False,False,True,,0
CLM000711,63,Humana,pharmacy,imaging,respiratory,out_of_network,True,True,True,49,1578.53,851.94,0.087,False,False,True,,0
CLM000712,28,Aetna,professional,evaluation,oncology,in_network,False,True,True,2,433.0,245.09,0.187,False,False,False,coverage_inactive,1
CLM000713,46,Cigna,professional,lab,oncology,in_network,False,True,True,27,325.81,217.27,0.049,False,False,True,,0
CLM000714,47,United,pharmacy,evaluation,general,in_network,False,True,True,23,477.87,260.17,0.141,False,False,True,,1
CLM000715,42,BlueCross,professional,therapy,cardiology,in_network,True,True,True,24,312.42,228.9,0.317,False,False,True,,0
CLM000716,34,Humana,outpatient,evaluation,orthopedics,in_network,False,True,True,56,933.69,753.08,0.096,False,False,True,,0
CLM000717,39,BlueCross,outpatient,evaluation,general,in_network,False,True,True,25,170.32,115.87,0.13,False,False,True,,0
CLM000718,72,Aetna,inpatient,evaluation,general,out_of_network,True,True,True,12,419.65,298.14,0.364,False,False,True,,0
CLM000719,67,Aetna,professional,therapy,orthopedics,in_network,True,True,True,44,173.62,121.02,0.088,False,False,True,,0
CLM000720,76,Aetna,pharmacy,lab,general,in_network,False,True,True,48,153.26,100.36,0.243,False,True,True,,0
CLM000721,82,Aetna,outpatient,lab,orthopedics,out_of_network,False,True,True,13,217.32,181.8,0.32,False,False,True,network_coverage,1
CLM000722,32,Aetna,outpatient,lab,cardiology,in_network,False,False,True,11,422.35,230.06,0.213,False,False,True,,0
CLM000723,44,United,inpatient,lab,orthopedics,out_of_network,True,True,True,17,689.63,548.17,0.075,False,False,True,,0
CLM000724,64,United,pharmacy,imaging,oncology,in_network,True,True,True,15,1508.26,1175.49,0.366,False,False,True,,0
CLM000725,58,BlueCross,inpatient,lab,cardiology,out_of_network,True,True,True,35,260.43,177.84,0.278,False,False,True,,0
CLM000726,76,Humana,inpatient,lab,cardiology,in_network,True,True,True,18,74.98,59.43,0.033,False,False,True,,0
CLM000727,85,BlueCross,outpatient,imaging,respiratory,in_network,True,True,False,27,944.16,500.9,0.133,False,False,True,,0
CLM000728,49,Humana,inpatient,surgery,respiratory,in_network,True,True,True,96,4051.29,2542.77,0.3,False,False,True,timely_filing,1
CLM000729,64,BlueCross,outpatient,evaluation,respiratory,out_of_network,False,True,True,21,335.86,279.42,0.133,False,False,True,,0
CLM000730,84,Humana,outpatient,therapy,general,out_of_network,True,True,True,16,569.91,455.8,0.074,False,False,True,,0
CLM000731,56,BlueCross,outpatient,evaluation,orthopedics,in_network,False,True,True,58,369.71,311.81,0.072,False,False,True,,0
CLM000732,33,United,inpatient,therapy,general,in_network,True,True,True,100,447.47,335.7,0.062,False,False,True,,0
CLM000733,75,United,inpatient,evaluation,orthopedics,in_network,True,True,True,62,273.41,154.55,0.309,False,False,True,,1
CLM000734,27,BlueCross,outpatient,evaluation,general,in_network,False,True,True,22,268.01,226.88,0.326,False,True,True,,0
CLM000735,67,Aetna,inpatient,imaging,respiratory,out_of_network,True,True,True,43,1716.64,1166.27,0.222,False,False,True,,0
CLM000736,29,BlueCross,professional,pharmacy,orthopedics,in_network,False,True,True,67,318.55,273.28,0.12,False,False,True,,0
CLM000737,37,BlueCross,outpatient,imaging,orthopedics,in_network,True,True,True,16,1839.76,1355.09,0.131,False,True,True,,0
CLM000738,83,Cigna,outpatient,therapy,oncology,out_of_network,True,True,True,28,488.1,385.02,0.198,False,False,True,,0
CLM000739,33,Cigna,outpatient,evaluation,oncology,in_network,False,True,True,14,289.22,175.55,0.043,False,False,False,coverage_inactive,1
CLM000740,62,United,outpatient,lab,orthopedics,in_network,False,False,True,9,575.88,371.5,0.192,False,False,True,,1
CLM000741,53,Aetna,inpatient,therapy,orthopedics,in_network,True,True,True,38,372.22,193.83,0.29,False,True,True,,0
CLM000742,26,Cigna,inpatient,lab,general,in_network,True,True,True,21,319.57,250.46,0.261,False,False,True,,0
CLM000743,61,Aetna,professional,imaging,respiratory,in_network,True,False,True,11,2110.8,1361.51,0.12,False,False,True,,0
CLM000744,46,Cigna,inpatient,imaging,cardiology,in_network,True,True,False,11,1369.11,742.04,0.127,False,False,True,,0
CLM000745,87,Humana,outpatient,imaging,respiratory,in_network,True,True,False,47,1011.59,551.37,0.123,False,True,True,coding_mismatch,1
CLM000746,40,United,outpatient,imaging,cardiology,in_network,True,True,True,38,582.56,363.15,0.133,False,False,True,,0
CLM000747,61,Cigna,outpatient,therapy,oncology,in_network,True,True,True,40,640.35,546.98,0.192,False,False,True,,0
CLM000748,81,Aetna,outpatient,therapy,cardiology,in_network,True,False,False,16,540.39,283.4,0.12,False,False,True,incomplete_documentation,1
CLM000749,52,United,professional,lab,respiratory,in_network,False,True,True,56,172.05,116.55,0.177,False,False,True,,0
CLM000750,43,Cigna,professional,evaluation,cardiology,in_network,True,True,True,50,428.89,331.34,0.18,False,False,True,,0
CLM000751,45,Cigna,outpatient,imaging,orthopedics,in_network,True,True,True,59,1442.47,901.44,0.085,False,False,True,,1
CLM000752,24,Humana,outpatient,surgery,cardiology,in_network,True,True,True,9,6506.11,4253.33,0.092,False,False,True,,0
CLM000753,72,BlueCross,outpatient,evaluation,cardiology,in_network,False,True,True,33,176.78,112.38,0.081,False,False,True,,1
CLM000754,18,United,outpatient,pharmacy,cardiology,in_network,False,True,True,33,160.76,86.25,0.116,False,False,True,,0
CLM000755,74,Aetna,professional,lab,oncology,in_network,False,True,True,14,453.89,242.87,0.199,True,False,True,duplicate_claim,1
CLM000756,59,Aetna,outpatient,imaging,general,in_network,True,True,True,22,1836.68,1443.36,0.131,False,False,True,,0
CLM000757,18,United,outpatient,evaluation,orthopedics,in_network,False,True,False,30,399.41,318.54,0.123,False,False,True,,0
CLM000758,28,Cigna,pharmacy,pharmacy,respiratory,in_network,False,True,True,57,236.62,146.95,0.136,False,False,True,,0
CLM000759,24,United,inpatient,lab,oncology,in_network,True,True,False,27,162.76,139.11,0.046,False,False,True,,0
CLM000760,89,United,outpatient,surgery,orthopedics,in_network,True,False,True,36,7418.96,4052.28,0.331,False,False,True,missing_prior_authorization,1
CLM000761,23,United,professional,imaging,cardiology,in_network,True,True,False,6,1394.77,1040.18,0.123,False,False,False,coverage_inactive,1
CLM000762,83,Humana,inpatient,therapy,respiratory,out_of_network,True,False,True,18,640.49,404.57,0.187,False,False,False,coverage_inactive,1
CLM000763,19,Humana,inpatient,pharmacy,cardiology,in_network,True,True,True,20,121.06,82.03,0.095,False,False,True,,0
CLM000764,55,Humana,inpatient,evaluation,oncology,in_network,True,True,True,52,203.4,131.59,0.183,False,False,True,,0
CLM000765,58,Humana,pharmacy,lab,cardiology,in_network,False,True,False,7,229.83,122.6,0.175,False,True,True,coding_mismatch,1
CLM000766,68,BlueCross,inpatient,evaluation,respiratory,in_network,True,True,True,53,269.01,217.82,0.121,False,False,True,,0
CLM000767,50,United,outpatient,evaluation,general,in_network,False,True,True,9,296.41,234.33,0.073,False,False,True,,0
CLM000768,32,Aetna,inpatient,lab,orthopedics,out_of_network,True,False,False,15,294.63,159.25,0.508,False,True,True,coding_mismatch,1
CLM000769,37,Cigna,inpatient,evaluation,orthopedics,in_network,True,True,True,32,630.48,472.84,0.137,False,False,True,,0
CLM000770,19,BlueCross,professional,lab,oncology,in_network,True,True,False,22,194.31,123.95,0.026,False,False,True,,0
CLM000771,78,Humana,outpatient,lab,oncology,out_of_network,False,True,True,19,400.58,233.39,0.149,False,False,True,,0
CLM000772,19,BlueCross,outpatient,therapy,orthopedics,in_network,True,False,True,17,302.83,181.95,0.467,True,True,True,duplicate_claim,1
CLM000773,62,BlueCross,professional,lab,orthopedics,in_network,True,True,True,30,444.34,245.0,0.123,False,False,True,,0
CLM000774,58,United,professional,pharmacy,cardiology,in_network,True,False,False,30,430.01,245.3,0.085,False,False,True,incomplete_documentation,1
CLM000775,39,Cigna,inpatient,therapy,orthopedics,in_network,True,True,True,16,408.82,277.9,0.087,False,False,True,,0
CLM000776,30,Humana,professional,lab,oncology,out_of_network,False,True,True,18,183.07,146.36,0.162,False,False,True,,0
CLM000777,60,United,professional,lab,respiratory,in_network,False,False,True,22,109.49,77.17,0.245,False,False,True,,0
CLM000778,69,United,outpatient,therapy,respiratory,out_of_network,True,False,True,26,714.81,503.72,0.033,False,True,True,coding_mismatch,1
CLM000779,52,BlueCross,professional,lab,oncology,in_network,False,True,True,2,208.23,165.55,0.129,False,False,True,,0
CLM000780,68,Aetna,professional,evaluation,respiratory,in_network,False,True,True,13,631.49,514.19,0.242,False,False,True,,0
CLM000781,62,United,outpatient,lab,oncology,in_network,False,True,False,15,272.25,199.54,0.11,False,False,True,,0
CLM000782,87,BlueCross,pharmacy,lab,orthopedics,in_network,False,True,False,22,175.49,118.7,0.134,False,False,True,,0
CLM000783,37,Humana,outpatient,therapy,orthopedics,in_network,True,True,True,30,734.68,440.15,0.301,False,False,True,,0
CLM000784,73,Humana,professional,imaging,oncology,in_network,True,False,True,14,528.69,297.56,0.202,False,False,True,,0
CLM000785,45,Cigna,pharmacy,evaluation,orthopedics,in_network,False,True,False,21,331.77,243.05,0.119,False,False,True,,0
CLM000786,58,Aetna,outpatient,therapy,respiratory,in_network,True,False,True,4,505.88,413.25,0.193,False,False,True,,0
CLM000787,52,Cigna,professional,lab,cardiology,out_of_network,False,True,True,59,402.13,329.21,0.182,False,False,True,,0
CLM000788,42,Aetna,outpatient,evaluation,cardiology,in_network,False,True,True,8,263.48,174.94,0.239,False,False,True,,0
CLM000789,67,BlueCross,professional,evaluation,oncology,in_network,False,True,True,76,313.87,180.66,0.139,False,False,True,,0
CLM000790,86,BlueCross,professional,evaluation,cardiology,in_network,False,True,True,28,265.9,220.35,0.171,False,False,True,,0
CLM000791,49,Cigna,outpatient,lab,cardiology,in_network,False,True,True,43,299.46,214.92,0.219,True,False,True,,0
CLM000792,31,Aetna,outpatient,lab,orthopedics,out_of_network,False,True,True,23,449.92,290.21,0.144,False,False,True,,0
CLM000793,50,United,outpatient,evaluation,cardiology,out_of_network,False,True,True,30,310.06,173.97,0.111,False,False,True,,0
CLM000794,32,Aetna,inpatient,therapy,orthopedics,in_network,True,True,True,30,675.32,493.49,0.059,False,False,True,,0
CLM000795,55,United,inpatient,evaluation,oncology,in_network,True,True,True,46,195.71,119.37,0.201,False,False,False,,0
CLM000796,63,BlueCross,outpatient,therapy,orthopedics,in_network,True,True,True,33,435.44,326.31,0.123,False,False,True,,0
CLM000797,51,Cigna,inpatient,evaluation,general,in_network,True,False,True,7,501.71,389.87,0.196,False,False,True,,0
CLM000798,89,United,outpatient,surgery,cardiology,in_network,True,False,True,5,7461.3,4480.91,0.259,False,False,True,missing_prior_authorization,1
CLM000799,35,Humana,professional,therapy,respiratory,in_network,True,True,True,10,392.11,246.15,0.101,False,False,True,,0
CLM000800,23,Aetna,professional,imaging,oncology,out_of_network,True,False,True,23,1994.2,1357.71,0.081,False,False,True,,0
CLM000801,68,Humana,professional,lab,respiratory,in_network,False,True,True,47,60.5,42.46,0.12,False,False,True,,0
CLM000802,89,Cigna,outpatient,evaluation,respiratory,in_network,False,True,True,14,244.49,186.07,0.403,True,False,True,,0
CLM000803,21,United,pharmacy,therapy,cardiology,in_network,True,True,True,7,408.97,222.44,0.104,False,False,True,,0
CLM000804,46,Cigna,professional,lab,respiratory,out_of_network,False,True,True,10,290.89,224.77,0.133,False,False,True,,0
CLM000805,58,United,inpatient,pharmacy,orthopedics,in_network,True,True,True,80,214.33,178.38,0.279,False,False,True,,0
CLM000806,64,Cigna,inpatient,evaluation,respiratory,in_network,True,False,True,45,329.54,243.64,0.019,False,False,True,,0
CLM000807,80,Aetna,professional,therapy,orthopedics,out_of_network,True,True,True,10,1140.07,710.99,0.06,False,False,True,,0
CLM000808,67,Cigna,outpatient,pharmacy,orthopedics,in_network,False,True,False,19,428.27,329.38,0.202,False,False,True,,0
CLM000809,83,United,outpatient,lab,respiratory,in_network,False,True,True,25,227.22,142.78,0.099,False,False,True,,1
CLM000810,58,Aetna,pharmacy,evaluation,general,in_network,False,False,False,33,249.64,136.22,0.07,False,False,True,incomplete_documentation,1
CLM000811,33,BlueCross,inpatient,imaging,general,in_network,True,False,True,117,2374.43,1424.25,0.127,False,False,True,missing_prior_authorization,1
CLM000812,84,Aetna,inpatient,lab,respiratory,in_network,True,True,True,24,212.01,163.54,0.291,False,False,True,,0
CLM000813,45,United,pharmacy,lab,oncology,in_network,False,True,True,12,178.87,115.44,0.17,False,False,True,,0
CLM000814,41,Cigna,professional,imaging,oncology,out_of_network,True,True,False,61,2630.19,2215.78,0.086,False,False,True,network_coverage,1
CLM000815,66,Humana,inpatient,therapy,general,in_network,True,False,True,86,491.21,389.46,0.085,False,False,True,missing_prior_authorization,1
CLM000816,70,United,pharmacy,surgery,orthopedics,in_network,True,False,True,21,13493.63,7817.94,0.08,False,False,True,missing_prior_authorization,1
CLM000817,68,United,pharmacy,evaluation,general,in_network,False,True,True,35,244.08,195.0,0.052,False,False,True,,0
CLM000818,57,Cigna,outpatient,surgery,respiratory,in_network,True,True,True,23,8110.73,6902.13,0.061,False,False,True,,0
CLM000819,68,United,professional,imaging,respiratory,in_network,True,True,True,35,1979.58,1576.57,0.152,False,False,True,,0
CLM000820,73,Cigna,outpatient,pharmacy,oncology,in_network,False,True,True,42,72.12,55.78,0.341,False,False,True,,0
CLM000821,33,United,inpatient,evaluation,general,in_network,True,False,True,30,272.05,157.93,0.108,False,False,True,,0
CLM000822,80,United,professional,pharmacy,respiratory,in_network,False,True,True,56,307.38,174.54,0.286,False,True,True,,0
CLM000823,57,BlueCross,outpatient,therapy,cardiology,in_network,True,True,True,29,435.53,296.98,0.096,False,False,True,,0
CLM000824,46,Humana,professional,imaging,respiratory,in_network,True,True,True,12,2193.63,1340.05,0.184,False,False,True,,0
CLM000825,43,Humana,professional,therapy,respiratory,in_network,True,True,True,53,349.55,216.77,0.172,False,False,True,,1
CLM000826,18,Humana,inpatient,therapy,general,in_network,True,False,True,56,544.43,299.16,0.051,False,False,True,missing_prior_authorization,1
CLM000827,52,Aetna,professional,imaging,general,in_network,True,True,True,3,1185.74,773.89,0.204,False,False,True,,0
CLM000828,74,Cigna,outpatient,evaluation,general,out_of_network,False,True,True,91,217.1,133.6,0.343,False,False,True,network_coverage,1
CLM000829,85,Aetna,professional,therapy,cardiology,in_network,True,True,True,11,419.73,347.21,0.048,False,False,False,coverage_inactive,1
CLM000830,27,United,outpatient,evaluation,respiratory,in_network,False,True,True,21,272.66,223.96,0.112,False,False,False,,0
CLM000831,69,United,professional,therapy,general,in_network,True,True,True,18,364.96,295.13,0.148,False,False,True,,0
CLM000832,38,Cigna,outpatient,therapy,general,in_network,True,True,True,13,328.12,235.2,0.054,False,False,True,,0
CLM000833,25,Aetna,outpatient,surgery,oncology,out_of_network,True,True,False,32,23362.54,16378.13,0.077,False,True,True,coding_mismatch,1
CLM000834,59,Humana,professional,pharmacy,general,in_network,False,True,True,8,143.53,82.94,0.179,False,False,True,,0
CLM000835,20,Cigna,professional,lab,general,in_network,False,True,True,27,276.16,154.86,0.138,False,False,True,,0
CLM000836,31,Humana,outpatient,imaging,cardiology,in_network,True,True,True,44,1279.6,833.08,0.207,False,False,True,,0
CLM000837,36,Aetna,professional,imaging,general,in_network,True,True,True,24,1968.4,1214.89,0.115,False,False,True,,0
CLM000838,79,Cigna,pharmacy,evaluation,respiratory,out_of_network,False,True,True,61,989.12,686.2,0.327,False,False,True,,0
CLM000839,29,BlueCross,outpatient,pharmacy,oncology,out_of_network,False,True,True,8,527.88,306.38,0.125,False,False,True,,0
CLM000840,38,United,outpatient,pharmacy,cardiology,in_network,False,True,True,18,153.61,118.8,0.233,False,False,True,,0
CLM000841,87,BlueCross,inpatient,evaluation,general,in_network,True,False,False,12,432.25,364.25,0.148,False,False,True,incomplete_documentation,1
CLM000842,41,United,professional,pharmacy,orthopedics,in_network,False,True,True,41,331.81,188.44,0.173,False,False,True,,0
CLM000843,38,United,outpatient,evaluation,oncology,in_network,False,True,True,25,294.76,216.39,0.284,False,False,True,,0
CLM000844,70,Cigna,outpatient,lab,orthopedics,in_network,False,True,True,19,375.72,290.24,0.094,False,False,True,,0
CLM000845,21,Aetna,inpatient,therapy,general,out_of_network,True,False,True,45,667.41,457.09,0.199,False,False,True,network_coverage,1
CLM000846,26,BlueCross,pharmacy,imaging,oncology,in_network,True,True,True,71,760.62,575.7,0.105,False,False,True,,0
CLM000847,45,Aetna,outpatient,surgery,cardiology,in_network,True,True,False,34,22514.89,13245.59,0.088,False,False,True,,0
CLM000848,65,Humana,professional,lab,cardiology,in_network,True,True,True,50,109.52,80.99,0.244,False,False,True,,0
CLM000849,19,Humana,inpatient,surgery,general,out_of_network,True,False,True,2,6695.41,5108.94,0.101,False,False,True,network_coverage,1
CLM000850,19,BlueCross,pharmacy,pharmacy,orthopedics,out_of_network,False,True,True,35,212.99,163.45,0.106,False,False,True,,0
CLM000851,21,Humana,outpatient,pharmacy,respiratory,in_network,False,True,True,105,294.73,197.94,0.08,False,False,True,,0
CLM000852,67,Cigna,outpatient,lab,cardiology,in_network,False,True,True,35,310.34,198.77,0.195,False,False,True,,0
CLM000853,69,United,professional,evaluation,general,in_network,False,True,True,36,787.61,440.53,0.166,False,False,True,,0
CLM000854,46,Aetna,pharmacy,lab,respiratory,in_network,False,True,True,32,375.24,213.19,0.113,False,False,True,,0
CLM000855,26,Aetna,outpatient,imaging,orthopedics,out_of_network,True,True,False,22,1974.36,1558.25,0.114,False,False,True,network_coverage,1
CLM000856,72,United,outpatient,lab,general,out_of_network,False,True,True,19,555.41,443.23,0.029,False,False,True,,0
CLM000857,69,BlueCross,professional,surgery,orthopedics,in_network,True,True,True,24,8115.38,6802.07,0.093,False,False,True,,0
CLM000858,21,United,professional,lab,general,in_network,False,True,True,34,251.57,197.53,0.056,False,False,True,,0
CLM000859,70,United,outpatient,surgery,oncology,in_network,True,True,True,11,7389.71,6063.13,0.173,False,False,True,,0
CLM000860,83,Aetna,outpatient,imaging,oncology,out_of_network,True,True,True,24,2963.1,1691.74,0.189,False,True,True,coding_mismatch,1
CLM000861,66,Cigna,professional,surgery,cardiology,in_network,True,True,True,49,7838.63,4404.18,0.373,False,False,True,,0
CLM000862,43,Humana,professional,pharmacy,orthopedics,out_of_network,False,True,True,24,144.99,101.42,0.114,False,True,True,,0
CLM000863,33,Aetna,professional,imaging,cardiology,in_network,True,True,True,19,743.03,624.87,0.053,False,False,True,,0
CLM000864,46,United,outpatient,lab,general,out_of_network,False,True,True,34,194.49,158.75,0.259,False,False,True,,0
CLM000865,42,Aetna,inpatient,therapy,cardiology,in_network,True,True,True,6,604.06,318.85,0.223,False,False,True,,0
CLM000866,30,Aetna,pharmacy,lab,cardiology,in_network,False,True,False,22,220.97,181.29,0.107,False,False,False,coverage_inactive,1
CLM000867,86,Cigna,professional,therapy,cardiology,in_network,True,True,False,10,491.75,281.28,0.571,False,False,True,,0
CLM000868,27,BlueCross,professional,imaging,general,in_network,True,True,True,29,1611.21,1340.7,0.29,False,False,True,,1
CLM000869,38,Humana,inpatient,evaluation,general,in_network,True,True,True,17,421.39,304.89,0.118,False,False,True,,0
CLM000870,21,BlueCross,outpatient,therapy,respiratory,out_of_network,True,True,True,34,567.08,400.93,0.249,False,False,True,,0
CLM000871,60,BlueCross,professional,evaluation,cardiology,in_network,False,True,True,22,320.05,199.8,0.124,False,False,True,,0
CLM000872,25,United,inpatient,therapy,oncology,out_of_network,True,True,True,38,533.67,424.65,0.262,False,False,True,,0
CLM000873,72,Aetna,pharmacy,lab,general,in_network,False,True,True,27,279.78,165.07,0.15,False,False,True,,0
CLM000874,57,Cigna,outpatient,lab,cardiology,in_network,False,True,True,9,226.66,164.07,0.192,False,False,True,,0
CLM000875,54,Aetna,professional,surgery,respiratory,out_of_network,True,True,True,10,8328.8,6169.09,0.255,False,False,True,,0
CLM000876,70,Aetna,pharmacy,therapy,cardiology,in_network,True,True,False,7,506.18,295.76,0.288,False,False,True,,0
CLM000877,83,BlueCross,outpatient,imaging,general,out_of_network,True,False,True,31,2467.06,1788.81,0.451,False,False,True,network_coverage,1
CLM000878,25,BlueCross,outpatient,lab,oncology,out_of_network,False,True,True,18,709.04,521.66,0.143,False,True,True,coding_mismatch,1
CLM000879,66,Cigna,professional,evaluation,general,in_network,False,True,True,19,197.16,128.59,0.026,False,False,True,,0
CLM000880,27,Cigna,professional,imaging,oncology,in_network,True,True,True,45,755.9,583.74,0.29,False,False,True,,1
CLM000881,25,Aetna,outpatient,imaging,respiratory,in_network,True,True,True,50,708.72,517.5,0.06,False,False,True,,0
CLM000882,24,Aetna,professional,evaluation,general,in_network,False,False,True,27,251.64,185.53,0.103,False,False,True,,0
CLM000883,36,Aetna,pharmacy,lab,orthopedics,in_network,False,True,True,9,218.11,141.0,0.093,False,False,True,,0
CLM000884,53,Humana,outpatient,evaluation,respiratory,out_of_network,False,True,True,28,368.8,310.55,0.134,False,False,True,network_coverage,1
CLM000885,32,United,outpatient,pharmacy,oncology,in_network,False,True,False,55,101.68,56.97,0.209,False,True,True,coding_mismatch,1
CLM000886,33,Aetna,outpatient,pharmacy,oncology,in_network,False,False,True,14,370.87,305.27,0.01,False,False,True,,0
CLM000887,86,Aetna,outpatient,lab,respiratory,out_of_network,False,True,False,45,138.73,111.37,0.139,False,False,True,network_coverage,1
CLM000888,28,Humana,inpatient,surgery,orthopedics,in_network,True,True,True,51,20403.04,12227.63,0.318,False,False,True,,0
CLM000889,24,Humana,outpatient,therapy,cardiology,out_of_network,True,False,False,57,847.61,442.26,0.233,False,False,True,network_coverage,1
CLM000890,48,Humana,professional,therapy,oncology,in_network,True,True,True,29,926.15,754.16,0.109,False,False,True,,0
CLM000891,67,Aetna,outpatient,therapy,general,in_network,True,False,True,34,311.61,184.84,0.387,False,False,True,missing_prior_authorization,1
CLM000892,60,United,pharmacy,lab,cardiology,in_network,False,True,False,14,202.69,114.23,0.214,False,False,True,incomplete_documentation,1
CLM000893,64,Humana,outpatient,imaging,orthopedics,in_network,True,True,True,16,1232.21,965.2,0.055,False,False,True,,0
CLM000894,30,Aetna,inpatient,surgery,respiratory,in_network,True,True,True,22,7510.07,5502.0,0.108,False,False,True,,0
CLM000895,47,Aetna,professional,imaging,oncology,in_network,True,False,True,3,1508.95,1105.58,0.129,True,True,True,duplicate_claim,1
CLM000896,73,Humana,pharmacy,imaging,respiratory,out_of_network,True,True,True,8,2048.53,1239.23,0.016,False,False,True,,0
CLM000897,42,Humana,outpatient,pharmacy,oncology,in_network,True,True,True,34,130.6,110.48,0.106,False,False,True,,0
CLM000898,60,Humana,outpatient,imaging,general,in_network,True,True,True,53,3175.24,2603.09,0.061,False,False,True,,0
CLM000899,27,Cigna,outpatient,therapy,general,in_network,True,False,True,16,295.21,162.48,0.127,False,False,True,missing_prior_authorization,1
CLM000900,72,Cigna,outpatient,pharmacy,oncology,in_network,False,True,True,6,243.24,205.65,0.192,False,False,True,,1
CLM000901,88,Humana,outpatient,lab,oncology,in_network,False,True,True,31,266.69,168.95,0.088,False,False,True,,1
CLM000902,41,Aetna,outpatient,therapy,orthopedics,in_network,True,False,True,18,552.21,468.16,0.229,True,False,True,duplicate_claim,1
CLM000903,24,BlueCross,inpatient,evaluation,oncology,out_of_network,True,False,True,21,148.2,98.78,0.15,False,False,True,network_coverage,1
CLM000904,46,Aetna,outpatient,lab,general,out_of_network,False,True,True,21,295.83,198.37,0.26,False,False,False,coverage_inactive,1
CLM000905,79,United,pharmacy,lab,oncology,out_of_network,False,True,True,14,296.82,173.89,0.169,False,False,True,,0
CLM000906,88,Humana,professional,evaluation,respiratory,in_network,False,True,True,11,397.92,237.37,0.074,False,True,True,,0
CLM000907,56,Humana,outpatient,evaluation,oncology,in_network,False,True,True,76,184.5,110.57,0.073,False,False,True,,0
CLM000908,61,Cigna,inpatient,evaluation,respiratory,in_network,True,True,False,43,388.34,287.03,0.216,False,False,True,incomplete_documentation,1
CLM000909,65,United,outpatient,pharmacy,respiratory,in_network,False,True,True,40,282.06,209.19,0.015,False,False,True,,1
CLM000910,28,United,outpatient,lab,oncology,in_network,True,True,True,1,321.82,217.94,0.18,False,False,True,,0
CLM000911,32,Humana,professional,evaluation,general,out_of_network,False,True,False,10,461.97,300.96,0.278,False,False,True,,0
CLM000912,69,United,professional,therapy,general,in_network,True,True,False,38,833.57,581.66,0.118,False,False,True,,0
CLM000913,49,Humana,pharmacy,evaluation,cardiology,in_network,False,True,True,6,503.04,334.27,0.035,False,True,True,,0
CLM000914,71,Humana,pharmacy,evaluation,orthopedics,in_network,False,True,True,24,245.62,139.69,0.107,False,False,True,,0
CLM000915,46,BlueCross,pharmacy,evaluation,general,out_of_network,False,True,True,25,496.22,422.15,0.17,False,False,True,,0
CLM000916,87,United,pharmacy,pharmacy,oncology,in_network,False,True,True,17,305.27,225.5,0.38,False,False,True,,1
CLM000917,73,Aetna,inpatient,lab,orthopedics,in_network,True,True,True,31,498.87,292.3,0.284,False,False,True,,0
CLM000918,57,Humana,inpatient,evaluation,respiratory,in_network,True,True,True,15,254.9,153.21,0.152,False,True,True,,0
CLM000919,76,Humana,outpatient,lab,respiratory,in_network,False,True,True,15,161.99,133.39,0.098,False,False,True,,0
CLM000920,60,Aetna,outpatient,therapy,cardiology,out_of_network,True,False,True,9,415.11,242.76,0.284,False,False,True,,0
CLM000921,34,Humana,inpatient,evaluation,cardiology,in_network,True,True,True,57,188.85,139.25,0.177,False,True,True,coding_mismatch,1
CLM000922,39,Aetna,professional,evaluation,general,in_network,True,True,True,10,339.81,246.58,0.166,False,False,True,,0
CLM000923,31,Cigna,professional,lab,respiratory,in_network,False,True,False,16,178.49,123.79,0.015,True,False,True,duplicate_claim,1
CLM000924,58,United,outpatient,therapy,orthopedics,in_network,True,True,True,22,636.54,353.25,0.132,False,False,True,,1
CLM000925,64,Aetna,outpatient,lab,general,in_network,False,True,True,18,182.99,154.19,0.041,False,False,True,,0
CLM000926,20,BlueCross,outpatient,imaging,cardiology,out_of_network,True,True,True,58,1107.68,605.25,0.217,False,False,True,,0
CLM000927,49,Cigna,outpatient,surgery,general,out_of_network,True,False,False,45,19239.89,14969.34,0.436,False,False,True,network_coverage,1
CLM000928,77,United,professional,pharmacy,cardiology,in_network,False,True,True,22,191.93,143.91,0.121,False,False,True,,0
CLM000929,73,BlueCross,professional,lab,respiratory,in_network,True,True,True,22,350.45,225.23,0.228,False,False,True,,0
CLM000930,68,Aetna,professional,pharmacy,general,in_network,False,True,True,13,156.16,130.84,0.096,False,False,True,,1
CLM000931,39,Aetna,outpatient,surgery,respiratory,in_network,True,True,True,2,20203.74,11853.31,0.129,False,False,True,,0
CLM000932,67,Aetna,outpatient,evaluation,respiratory,in_network,False,True,True,6,396.78,310.92,0.134,False,False,True,,0
CLM000933,35,United,outpatient,therapy,orthopedics,in_network,True,True,True,56,297.36,244.12,0.344,False,False,True,,0
CLM000934,67,Humana,professional,evaluation,orthopedics,out_of_network,False,True,True,34,217.73,131.3,0.088,False,False,True,,0
CLM000935,76,Cigna,professional,evaluation,orthopedics,in_network,False,True,True,15,386.33,306.72,0.115,False,False,True,,0
CLM000936,33,United,outpatient,evaluation,cardiology,in_network,False,True,True,31,409.45,252.13,0.125,False,False,True,,0
CLM000937,71,United,pharmacy,pharmacy,orthopedics,out_of_network,False,True,True,91,363.99,224.23,0.09,False,False,True,,0
CLM000938,21,United,inpatient,therapy,orthopedics,in_network,True,True,True,37,218.83,172.82,0.21,False,True,True,,0
CLM000939,64,Aetna,pharmacy,imaging,respiratory,in_network,True,True,True,9,615.66,401.3,0.1,False,True,True,,0
CLM000940,56,Aetna,inpatient,surgery,orthopedics,in_network,True,True,True,20,4096.14,2850.03,0.162,False,False,True,,0
CLM000941,86,Humana,outpatient,evaluation,cardiology,in_network,False,True,True,32,221.67,154.3,0.368,False,False,True,,1
CLM000942,56,BlueCross,professional,therapy,respiratory,in_network,True,True,True,52,642.55,538.81,0.118,False,False,True,,0
CLM000943,20,Aetna,outpatient,therapy,oncology,in_network,True,True,True,24,492.39,395.95,0.124,True,False,True,,0
CLM000944,79,Humana,outpatient,therapy,orthopedics,in_network,True,True,False,20,227.22,137.93,0.072,False,False,True,,0
CLM000945,37,BlueCross,outpatient,lab,respiratory,in_network,False,True,True,15,120.6,69.1,0.074,False,False,True,,0
CLM000946,66,United,outpatient,evaluation,orthopedics,in_network,False,True,True,7,391.72,210.35,0.213,False,False,True,,1
CLM000947,73,Cigna,professional,evaluation,respiratory,in_network,True,True,True,40,563.62,375.42,0.239,False,False,True,,0
CLM000948,41,BlueCross,professional,evaluation,cardiology,in_network,False,True,True,20,423.89,355.98,0.052,False,False,True,,0
CLM000949,20,United,professional,evaluation,oncology,in_network,False,True,True,7,677.82,483.86,0.331,False,False,True,,0
CLM000950,55,Humana,outpatient,pharmacy,oncology,in_network,False,True,False,13,234.06,154.13,0.136,False,False,True,incomplete_documentation,1
CLM000951,47,BlueCross,outpatient,therapy,orthopedics,in_network,True,False,True,28,975.2,721.54,0.176,False,True,True,coding_mismatch,1
CLM000952,56,Aetna,outpatient,pharmacy,respiratory,in_network,False,True,True,24,581.73,390.88,0.245,False,False,True,,0
CLM000953,82,Cigna,outpatient,imaging,orthopedics,in_network,True,False,True,36,1239.35,860.59,0.132,False,False,True,,0
CLM000954,68,Humana,outpatient,evaluation,respiratory,in_network,False,True,True,16,464.37,350.75,0.12,False,False,True,,0
CLM000955,34,United,pharmacy,evaluation,orthopedics,in_network,False,True,True,22,127.55,104.82,0.066,False,False,True,,0
CLM000956,72,Aetna,pharmacy,lab,oncology,out_of_network,False,True,False,5,447.84,304.3,0.127,False,False,True,,0
CLM000957,38,Cigna,professional,lab,respiratory,in_network,False,True,True,14,147.92,94.42,0.207,False,False,True,,0
CLM000958,62,United,outpatient,therapy,general,in_network,True,True,True,45,644.65,538.7,0.255,False,False,True,,0
CLM000959,36,Humana,outpatient,lab,orthopedics,in_network,False,True,True,27,195.33,159.17,0.15,False,False,True,,0
CLM000960,79,Aetna,outpatient,pharmacy,oncology,in_network,True,True,True,18,239.54,192.17,0.13,False,False,True,,0
CLM000961,52,United,outpatient,lab,oncology,in_network,False,True,True,39,140.23,81.74,0.051,False,True,True,,0
CLM000962,40,Humana,outpatient,imaging,general,in_network,True,True,True,29,1156.66,916.08,0.191,False,False,True,,0
CLM000963,88,Cigna,inpatient,therapy,general,in_network,True,True,True,47,686.39,476.06,0.154,False,False,True,,0
CLM000964,77,Humana,inpatient,lab,respiratory,out_of_network,True,True,True,8,378.85,218.69,0.323,False,False,True,,0
CLM000965,31,Humana,pharmacy,imaging,general,in_network,True,False,False,31,567.49,472.42,0.122,False,False,True,incomplete_documentation,1
CLM000966,20,BlueCross,outpatient,therapy,cardiology,in_network,True,True,True,26,457.72,246.01,0.194,False,False,True,,0
CLM000967,79,Humana,pharmacy,therapy,respiratory,in_network,True,True,True,44,367.62,235.17,0.044,False,False,True,,0
CLM000968,78,BlueCross,outpatient,imaging,general,in_network,True,True,True,13,866.29,709.27,0.18,False,False,True,,1
CLM000969,36,BlueCross,outpatient,therapy,respiratory,in_network,True,True,True,33,354.21,298.13,0.097,False,False,True,,0
CLM000970,40,Cigna,outpatient,therapy,oncology,in_network,True,True,True,0,690.6,587.46,0.09,False,False,True,,0
CLM000971,66,Aetna,outpatient,evaluation,general,in_network,False,True,True,42,679.47,429.3,0.233,False,False,True,,0
CLM000972,68,Humana,inpatient,lab,respiratory,in_network,True,True,True,36,314.68,234.98,0.201,False,False,True,,0
CLM000973,50,Cigna,inpatient,surgery,general,in_network,True,False,True,10,6928.05,4300.99,0.182,False,False,False,coverage_inactive,1
CLM000974,69,Humana,pharmacy,pharmacy,cardiology,in_network,False,True,True,22,199.41,153.82,0.097,False,False,False,coverage_inactive,1
CLM000975,39,Aetna,outpatient,therapy,respiratory,in_network,True,True,True,9,497.48,362.78,0.082,False,False,True,,0
CLM000976,45,Cigna,professional,imaging,oncology,in_network,True,True,True,26,2045.73,1610.57,0.082,False,False,True,,1
CLM000977,52,Cigna,outpatient,evaluation,general,in_network,False,True,True,41,339.9,249.81,0.113,True,False,True,,0
CLM000978,34,Aetna,outpatient,surgery,general,out_of_network,True,True,True,39,16399.5,9489.99,0.059,False,False,True,,0
CLM000979,76,Cigna,outpatient,evaluation,general,in_network,False,True,True,30,345.93,192.95,0.127,False,False,True,,0
CLM000980,72,United,outpatient,evaluation,orthopedics,out_of_network,False,True,True,6,577.01,385.75,0.239,False,False,True,network_coverage,1
CLM000981,55,United,pharmacy,pharmacy,oncology,in_network,False,True,True,34,292.38,231.91,0.23,False,False,True,,0
CLM000982,40,Aetna,professional,pharmacy,cardiology,in_network,False,True,True,32,119.73,69.08,0.208,False,False,False,coverage_inactive,1
CLM000983,54,United,professional,surgery,general,in_network,True,True,True,38,8575.96,6173.95,0.099,False,False,True,,0
CLM000984,41,Cigna,outpatient,evaluation,orthopedics,in_network,False,True,True,12,300.29,215.53,0.338,False,False,True,,0
CLM000985,34,Aetna,inpatient,lab,respiratory,in_network,True,True,True,16,337.21,200.35,0.134,False,False,True,,0
CLM000986,64,United,pharmacy,therapy,oncology,in_network,True,True,True,81,483.49,297.31,0.1,False,False,True,,0
CLM000987,32,Cigna,outpatient,therapy,general,in_network,True,True,True,8,349.48,265.3,0.155,False,False,True,,0
CLM000988,67,United,inpatient,imaging,general,in_network,True,True,False,28,1116.87,947.02,0.142,False,True,False,coverage_inactive,1
CLM000989,66,Aetna,outpatient,imaging,respiratory,in_network,True,True,True,11,1444.03,1152.03,0.075,False,False,True,,1
CLM000990,18,Aetna,professional,imaging,respiratory,in_network,True,False,True,20,1775.62,1357.24,0.028,False,False,True,,0
CLM000991,31,United,professional,imaging,cardiology,in_network,True,True,True,22,988.96,703.64,0.12,True,True,True,duplicate_claim,1
CLM000992,54,BlueCross,professional,surgery,general,out_of_network,True,True,True,33,9661.71,5283.43,0.277,False,True,True,coding_mismatch,1
CLM000993,19,Cigna,professional,pharmacy,cardiology,in_network,False,True,True,25,148.9,104.78,0.189,False,False,True,,1
CLM000994,77,Humana,outpatient,therapy,oncology,in_network,True,True,True,3,379.28,289.58,0.053,False,False,True,,0
CLM000995,59,United,pharmacy,evaluation,orthopedics,in_network,False,True,False,13,277.89,167.56,0.342,False,False,True,,0
CLM000996,47,BlueCross,outpatient,evaluation,orthopedics,in_network,True,True,False,19,399.11,237.64,0.157,False,False,True,incomplete_documentation,1
CLM000997,47,Humana,professional,evaluation,general,out_of_network,False,True,True,42,689.59,492.1,0.068,False,False,True,,0
CLM000998,43,Humana,inpatient,lab,orthopedics,in_network,True,True,False,16,183.52,148.5,0.107,True,False,True,duplicate_claim,1
CLM000999,65,Humana,pharmacy,evaluation,oncology,in_network,False,True,True,23,154.19,130.73,0.207,False,False,True,,0
CLM001000,62,Cigna,outpatient,evaluation,orthopedics,in_network,False,True,True,27,382.17,227.42,0.106,False,False,True,,0
CLM001001,21,Aetna,inpatient,evaluation,general,in_network,True,False,True,27,164.61,88.45,0.046,False,False,True,,0
CLM001002,31,BlueCross,outpatient,pharmacy,respiratory,in_network,False,True,False,24,355.14,238.26,0.088,False,False,True,,0
CLM001003,77,Cigna,inpatient,therapy,oncology,in_network,True,False,False,10,468.65,369.65,0.113,False,False,True,incomplete_documentation,1
CLM001004,84,Cigna,inpatient,therapy,cardiology,in_network,True,True,True,16,532.26,395.53,0.031,False,False,True,,0
CLM001005,78,Aetna,professional,pharmacy,cardiology,in_network,False,True,True,40,309.41,179.83,0.087,False,False,True,,0
CLM001006,34,Humana,outpatient,lab,orthopedics,out_of_network,False,True,True,45,285.0,152.48,0.155,False,False,True,,0
CLM001007,79,Cigna,pharmacy,evaluation,oncology,in_network,False,True,True,49,397.66,294.09,0.013,False,False,True,,0
CLM001008,68,Humana,outpatient,imaging,general,in_network,True,False,True,14,1610.48,1092.38,0.079,False,False,True,,0
CLM001009,33,Cigna,professional,imaging,cardiology,in_network,True,False,True,17,2898.37,1631.64,0.138,False,False,True,,0
CLM001010,66,BlueCross,outpatient,therapy,oncology,in_network,True,True,True,30,1225.29,804.65,0.067,False,False,True,,0
CLM001011,73,Aetna,professional,imaging,orthopedics,in_network,True,False,True,69,1320.14,788.59,0.138,False,False,True,missing_prior_authorization,1
CLM001012,69,Aetna,professional,pharmacy,cardiology,in_network,False,True,True,97,381.92,301.15,0.17,True,False,True,,0
CLM001013,86,Cigna,outpatient,imaging,respiratory,in_network,True,True,True,14,525.83,274.48,0.19,False,True,True,coding_mismatch,1
CLM001014,78,BlueCross,pharmacy,evaluation,respiratory,in_network,False,True,False,12,298.92,173.81,0.068,False,False,True,incomplete_documentation,1
CLM001015,69,Humana,outpatient,surgery,general,in_network,True,True,True,7,12237.08,6729.86,0.196,False,False,True,,0
CLM001016,55,Humana,outpatient,pharmacy,oncology,in_network,False,True,True,34,102.89,63.37,0.082,False,False,True,,0
CLM001017,61,BlueCross,professional,lab,orthopedics,in_network,False,True,True,6,627.29,497.12,0.039,False,True,True,,0
CLM001018,83,Humana,professional,imaging,general,in_network,True,True,True,32,2633.03,2194.44,0.053,False,True,True,coding_mismatch,1
CLM001019,46,Cigna,inpatient,imaging,orthopedics,in_network,True,True,True,32,1149.28,781.21,0.044,False,False,True,,1
CLM001020,62,United,outpatient,therapy,respiratory,out_of_network,True,True,True,62,1732.93,1451.48,0.125,False,False,False,coverage_inactive,1
CLM001021,43,United,pharmacy,pharmacy,general,in_network,False,True,True,12,277.84,165.5,0.235,False,False,True,,0
CLM001022,87,United,professional,pharmacy,cardiology,in_network,False,True,True,3,217.14,176.77,0.18,False,True,True,,0
CLM001023,82,Aetna,pharmacy,lab,general,out_of_network,False,True,True,7,393.13,282.28,0.239,False,False,True,network_coverage,1
CLM001024,24,Cigna,outpatient,therapy,orthopedics,in_network,True,True,True,19,346.04,187.94,0.111,False,False,True,,0
CLM001025,29,Aetna,professional,imaging,oncology,out_of_network,True,True,True,12,1970.38,1612.69,0.076,False,False,True,network_coverage,1
CLM001026,78,United,outpatient,therapy,orthopedics,out_of_network,True,False,False,16,456.38,241.47,0.244,False,False,True,network_coverage,1
CLM001027,62,Humana,pharmacy,therapy,cardiology,in_network,True,False,True,39,487.79,311.71,0.163,False,False,True,missing_prior_authorization,1
CLM001028,63,BlueCross,outpatient,surgery,respiratory,out_of_network,True,True,True,17,13030.07,9569.07,0.15,False,False,True,network_coverage,1
CLM001029,29,Humana,professional,therapy,oncology,in_network,True,True,True,17,537.26,420.85,0.262,True,False,True,duplicate_claim,1
CLM001030,81,Cigna,outpatient,pharmacy,oncology,in_network,False,False,True,27,193.87,106.1,0.174,False,False,True,,1
CLM001031,73,Cigna,outpatient,imaging,oncology,out_of_network,True,False,True,14,5268.71,3212.18,0.021,False,False,True,network_coverage,1
CLM001032,43,Cigna,professional,surgery,respiratory,out_of_network,True,False,True,32,6016.67,4700.47,0.098,False,True,True,,0
CLM001033,81,United,outpatient,surgery,general,in_network,True,False,False,41,4091.51,2929.74,0.068,False,False,True,incomplete_documentation,1
CLM001034,65,Humana,pharmacy,imaging,oncology,in_network,True,False,True,12,912.53,648.08,0.26,False,False,True,missing_prior_authorization,1
CLM001035,80,Cigna,outpatient,imaging,cardiology,in_network,True,True,False,59,1343.4,972.46,0.127,False,False,True,,0
CLM001036,54,Humana,professional,therapy,orthopedics,out_of_network,True,True,True,6,550.39,317.46,0.183,False,False,True,network_coverage,1
CLM001037,46,Aetna,outpatient,imaging,oncology,in_network,True,True,True,8,716.5,492.13,0.069,False,False,True,,0
CLM001038,72,BlueCross,outpatient,evaluation,cardiology,in_network,False,True,True,17,792.51,441.17,0.158,False,False,False,coverage_inactive,1
CLM001039,22,Aetna,outpatient,pharmacy,orthopedics,in_network,False,True,True,8,248.56,207.72,0.105,False,True,True,,0
CLM001040,65,United,inpatient,pharmacy,orthopedics,in_network,True,True,False,27,167.88,135.1,0.046,True,False,True,,0
CLM001041,86,Aetna,inpatient,evaluation,general,out_of_network,True,True,True,92,299.25,160.1,0.176,True,False,True,duplicate_claim,1
CLM001042,82,United,professional,surgery,oncology,in_network,True,False,True,18,8156.33,5973.92,0.184,False,False,True,,0
CLM001043,39,United,professional,imaging,general,in_network,True,True,True,17,1077.39,597.59,0.297,True,False,True,duplicate_claim,1
CLM001044,48,United,professional,surgery,oncology,in_network,True,False,True,8,10945.49,9133.1,0.036,False,False,True,,0
CLM001045,34,Humana,inpatient,pharmacy,oncology,in_network,True,False,True,105,108.62,77.05,0.107,False,False,True,,0
CLM001046,59,Cigna,outpatient,pharmacy,general,in_network,False,True,True,58,137.04,86.69,0.093,False,False,True,,0
CLM001047,65,United,outpatient,lab,respiratory,in_network,False,True,True,45,349.78,230.78,0.055,False,False,True,,0
CLM001048,79,United,professional,lab,orthopedics,in_network,False,True,True,20,181.5,104.79,0.083,False,False,True,,0
CLM001049,79,United,professional,therapy,orthopedics,out_of_network,True,False,True,49,874.06,597.04,0.169,False,False,True,network_coverage,1
CLM001050,58,Humana,outpatient,lab,respiratory,in_network,False,True,True,35,230.74,196.66,0.207,False,False,True,,0
CLM001051,38,Humana,professional,pharmacy,cardiology,in_network,False,True,True,14,172.97,143.41,0.123,False,False,True,,0
CLM001052,48,Humana,inpatient,surgery,cardiology,in_network,True,True,True,103,6698.86,5025.05,0.104,False,True,True,,0
CLM001053,45,United,outpatient,lab,cardiology,out_of_network,False,True,True,4,331.74,259.35,0.282,False,False,True,network_coverage,1
CLM001054,51,Cigna,inpatient,lab,respiratory,in_network,True,True,True,19,217.04,149.38,0.229,True,False,True,,0
CLM001055,37,Cigna,outpatient,imaging,oncology,in_network,True,True,True,13,458.56,241.39,0.112,False,True,True,,0
CLM001056,73,United,professional,lab,cardiology,out_of_network,False,True,True,1,531.82,299.65,0.069,False,False,True,network_coverage,1
CLM001057,66,BlueCross,pharmacy,evaluation,respiratory,out_of_network,False,True,True,4,524.89,407.55,0.142,False,False,True,,0
CLM001058,85,Humana,outpatient,imaging,respiratory,in_network,True,False,True,69,710.17,547.7,0.102,False,False,True,,0
CLM001059,22,Aetna,outpatient,therapy,respiratory,in_network,True,True,True,16,447.98,284.59,0.123,True,False,True,,0
CLM001060,32,Cigna,professional,lab,cardiology,in_network,False,True,True,19,204.18,150.32,0.066,False,False,True,,0
CLM001061,18,Aetna,pharmacy,imaging,general,in_network,True,True,True,16,880.17,535.02,0.201,False,False,True,,0
CLM001062,35,United,professional,imaging,cardiology,in_network,True,True,True,17,1811.01,958.88,0.139,False,False,True,,0
CLM001063,26,United,outpatient,surgery,oncology,in_network,True,True,True,3,17371.02,13016.88,0.439,False,True,True,coding_mismatch,1
CLM001064,31,BlueCross,professional,imaging,oncology,in_network,True,True,True,30,1103.2,780.09,0.037,False,True,True,coding_mismatch,1
CLM001065,58,Aetna,outpatient,lab,orthopedics,in_network,False,True,True,33,197.0,154.13,0.233,False,False,True,,1
CLM001066,31,Humana,pharmacy,evaluation,orthopedics,out_of_network,False,False,True,15,296.21,155.98,0.231,False,False,True,,0
CLM001067,59,United,outpatient,evaluation,cardiology,in_network,False,True,True,41,123.33,94.81,0.194,False,False,True,,1
CLM001068,22,BlueCross,professional,pharmacy,oncology,out_of_network,False,True,False,70,318.17,257.75,0.037,False,False,True,,0
CLM001069,66,United,inpatient,lab,respiratory,in_network,True,True,True,4,560.45,333.05,0.192,False,False,True,,0
CLM001070,75,Cigna,outpatient,evaluation,orthopedics,in_network,False,True,True,20,312.8,187.23,0.174,False,False,True,,0
CLM001071,77,Cigna,professional,evaluation,oncology,in_network,False,True,True,30,309.51,207.17,0.162,False,False,True,,0
CLM001072,42,BlueCross,professional,surgery,general,in_network,True,True,True,4,8929.86,5826.64,0.091,False,False,True,,0
CLM001073,41,BlueCross,outpatient,lab,orthopedics,in_network,False,True,True,59,189.41,135.03,0.12,False,False,True,,1
CLM001074,48,BlueCross,pharmacy,therapy,orthopedics,in_network,True,True,True,38,290.97,155.9,0.231,False,False,True,,0
CLM001075,81,Aetna,professional,evaluation,cardiology,in_network,False,True,True,38,1061.99,803.51,0.419,False,False,True,,0
CLM001076,80,BlueCross,outpatient,lab,oncology,in_network,False,False,False,59,293.92,201.25,0.141,False,False,True,,0
CLM001077,55,BlueCross,outpatient,surgery,orthopedics,in_network,True,True,True,20,12011.47,10190.96,0.027,False,False,True,,0
CLM001078,83,Aetna,outpatient,pharmacy,general,in_network,False,True,True,20,538.69,346.93,0.077,False,False,True,,0
CLM001079,38,BlueCross,professional,imaging,orthopedics,in_network,True,True,True,25,1482.24,1257.01,0.019,False,True,True,coding_mismatch,1
CLM001080,57,Aetna,outpatient,pharmacy,respiratory,in_network,False,True,True,32,133.22,90.55,0.075,False,False,False,,0
CLM001081,31,Aetna,outpatient,evaluation,cardiology,in_network,False,True,True,33,205.75,138.95,0.183,False,False,True,,0
CLM001082,25,Humana,pharmacy,evaluation,orthopedics,in_network,True,True,True,11,796.93,591.86,0.123,False,False,True,,0
CLM001083,67,Aetna,pharmacy,evaluation,cardiology,in_network,False,True,True,8,480.68,299.5,0.288,False,False,True,,0
CLM001084,50,BlueCross,professional,surgery,oncology,out_of_network,True,True,False,35,11882.16,8244.52,0.034,False,False,True,,0
CLM001085,59,Humana,pharmacy,evaluation,cardiology,in_network,False,True,True,33,262.45,182.34,0.203,False,False,True,,0
CLM001086,83,Aetna,professional,evaluation,cardiology,in_network,False,True,True,49,295.03,240.43,0.072,False,False,True,,0
CLM001087,53,Humana,professional,evaluation,oncology,in_network,False,True,True,43,401.21,323.87,0.315,False,True,True,coding_mismatch,1
CLM001088,82,Aetna,professional,surgery,oncology,in_network,True,True,True,6,20990.95,13402.59,0.34,False,False,True,,0
CLM001089,59,Aetna,outpatient,surgery,orthopedics,in_network,True,True,True,8,8936.31,5323.91,0.15,False,False,True,,0
CLM001090,41,Aetna,outpatient,lab,oncology,in_network,False,True,False,12,162.01,119.22,0.224,False,True,True,coding_mismatch,1
CLM001091,23,United,outpatient,lab,oncology,in_network,False,True,True,27,133.81,96.23,0.147,False,False,True,,0
CLM001092,87,Aetna,professional,therapy,respiratory,out_of_network,True,True,True,56,873.88,735.99,0.338,False,False,True,network_coverage,1
CLM001093,75,Aetna,outpatient,evaluation,oncology,in_network,False,True,True,27,546.38,346.77,0.058,False,False,True,,0
CLM001094,41,United,outpatient,evaluation,general,in_network,False,True,True,22,768.08,643.36,0.104,False,False,True,,0
CLM001095,69,Humana,professional,evaluation,orthopedics,out_of_network,False,True,True,8,1521.51,992.33,0.18,False,False,True,,0
CLM001096,76,Cigna,outpatient,surgery,cardiology,in_network,True,True,True,21,4678.29,2483.55,0.058,False,False,True,,0
CLM001097,19,Aetna,outpatient,lab,oncology,in_network,False,True,True,38,241.7,151.72,0.208,False,False,True,,0
CLM001098,85,BlueCross,professional,lab,cardiology,in_network,False,True,True,17,199.9,146.49,0.031,True,False,True,,0
CLM001099,27,Cigna,professional,surgery,respiratory,in_network,True,True,False,15,8452.95,5035.1,0.081,False,False,True,incomplete_documentation,1
CLM001100,27,Cigna,outpatient,imaging,orthopedics,out_of_network,True,True,True,47,1258.02,709.21,0.281,False,False,True,network_coverage,1
CLM001101,50,Cigna,inpatient,lab,orthopedics,in_network,True,False,True,32,277.95,230.52,0.218,False,False,True,missing_prior_authorization,1
CLM001102,39,Aetna,outpatient,surgery,oncology,in_network,True,True,True,43,5221.21,3433.94,0.31,False,False,True,,1
CLM001103,45,United,professional,therapy,cardiology,in_network,True,True,True,12,606.84,379.63,0.089,False,False,True,,0
CLM001104,58,Humana,professional,imaging,orthopedics,in_network,True,True,True,67,2289.97,1462.74,0.219,False,False,True,,0
CLM001105,48,BlueCross,inpatient,surgery,general,in_network,True,False,False,15,7313.27,4978.84,0.2,False,False,True,,0
CLM001106,44,United,professional,imaging,respiratory,in_network,True,True,True,19,2257.63,1683.63,0.336,False,False,True,,0
CLM001107,56,BlueCross,inpatient,evaluation,oncology,in_network,True,False,True,35,356.93,232.22,0.21,True,False,True,,0
CLM001108,88,Aetna,outpatient,therapy,oncology,in_network,True,True,True,15,746.28,399.89,0.089,False,False,True,,0
CLM001109,68,United,pharmacy,lab,oncology,out_of_network,False,True,True,29,370.7,233.44,0.101,False,False,False,coverage_inactive,1
CLM001110,47,Aetna,outpatient,imaging,general,out_of_network,True,True,True,30,1204.77,868.16,0.108,False,True,True,coding_mismatch,1
CLM001111,67,Aetna,inpatient,pharmacy,general,out_of_network,True,False,True,20,260.44,151.47,0.133,False,False,True,,0
CLM001112,78,Humana,outpatient,therapy,oncology,in_network,True,True,True,31,399.75,325.36,0.097,False,False,True,,0
CLM001113,21,BlueCross,professional,evaluation,general,in_network,False,True,True,17,490.74,315.79,0.068,False,False,True,,0
CLM001114,32,Aetna,pharmacy,therapy,cardiology,out_of_network,True,True,True,32,591.66,401.32,0.132,False,False,True,,0
CLM001115,89,Aetna,pharmacy,evaluation,orthopedics,in_network,False,True,True,38,540.03,415.81,0.135,False,False,True,,0
CLM001116,88,Aetna,inpatient,pharmacy,orthopedics,in_network,True,True,True,24,246.07,150.62,0.071,False,False,True,,0
CLM001117,68,United,inpatient,lab,respiratory,in_network,True,True,True,41,260.94,216.03,0.231,False,False,True,,0
CLM001118,70,Humana,professional,evaluation,respiratory,out_of_network,False,True,True,13,506.93,384.33,0.115,False,False,True,,0
CLM001119,83,United,outpatient,surgery,oncology,out_of_network,True,True,True,25,19362.85,15390.02,0.093,False,False,True,,0
CLM001120,19,Humana,pharmacy,evaluation,orthopedics,in_network,False,True,True,73,453.36,312.86,0.162,False,False,True,,0
CLM001121,55,Cigna,professional,lab,oncology,in_network,False,True,True,24,366.38,237.75,0.099,False,True,True,coding_mismatch,1
CLM001122,30,BlueCross,inpatient,imaging,orthopedics,out_of_network,True,False,True,21,1148.73,648.22,0.045,False,False,True,,0
CLM001123,86,United,professional,pharmacy,oncology,in_network,False,True,True,9,152.67,81.25,0.101,False,False,True,,0
CLM001124,25,United,outpatient,evaluation,orthopedics,in_network,False,True,True,13,336.68,185.85,0.099,False,False,True,,0
CLM001125,26,Cigna,outpatient,lab,general,in_network,False,True,True,23,211.54,144.47,0.222,False,False,True,,0
CLM001126,60,Aetna,outpatient,pharmacy,respiratory,in_network,False,True,True,47,127.83,97.31,0.117,False,False,True,,0
CLM001127,41,Humana,outpatient,lab,cardiology,out_of_network,False,True,True,39,565.44,471.05,0.301,False,False,True,network_coverage,1
CLM001128,78,BlueCross,professional,lab,general,in_network,False,True,True,11,142.63,122.51,0.208,False,False,True,,0
CLM001129,39,BlueCross,professional,evaluation,respiratory,in_network,False,True,True,30,521.64,358.77,0.22,False,False,True,,0
CLM001130,74,Humana,pharmacy,lab,orthopedics,in_network,False,True,True,24,531.19,322.08,0.167,False,False,True,,0
CLM001131,46,United,pharmacy,lab,oncology,in_network,False,True,False,26,189.94,129.66,0.127,False,False,True,incomplete_documentation,1
CLM001132,59,Humana,outpatient,evaluation,cardiology,out_of_network,False,True,True,38,167.31,141.23,0.155,False,False,True,,0
CLM001133,88,Aetna,inpatient,imaging,cardiology,in_network,True,True,True,35,1092.38,778.86,0.383,False,False,True,,0
CLM001134,62,Humana,professional,lab,oncology,in_network,False,True,True,33,168.62,129.11,0.075,False,False,True,,0
CLM001135,31,United,pharmacy,lab,respiratory,in_network,False,True,True,35,126.52,67.04,0.062,False,False,True,,0
CLM001136,85,Humana,outpatient,evaluation,orthopedics,in_network,False,True,False,4,405.49,215.89,0.28,False,False,True,,0
CLM001137,85,BlueCross,outpatient,imaging,orthopedics,out_of_network,True,True,False,74,2228.87,1812.7,0.131,False,False,True,,0
CLM001138,50,Humana,outpatient,surgery,general,in_network,True,False,True,25,11342.95,8047.78,0.078,False,False,True,,0
CLM001139,45,BlueCross,inpatient,evaluation,general,in_network,True,True,True,39,221.13,127.63,0.171,False,False,True,,1
CLM001140,72,United,professional,imaging,oncology,out_of_network,True,True,True,47,2973.77,1877.28,0.155,False,True,True,coding_mismatch,1
CLM001141,57,United,outpatient,lab,cardiology,in_network,False,True,True,15,177.32,134.01,0.185,False,False,True,,0
CLM001142,24,Cigna,professional,evaluation,respiratory,in_network,False,True,False,22,209.21,111.82,0.074,False,True,True,,0
CLM001143,41,Aetna,professional,evaluation,respiratory,in_network,False,True,True,47,205.76,133.23,0.062,False,False,True,,0
CLM001144,24,Cigna,professional,imaging,general,out_of_network,True,True,True,56,1308.61,754.6,0.338,False,False,True,network_coverage,1
CLM001145,39,Aetna,outpatient,evaluation,general,in_network,False,True,True,24,352.99,185.34,0.27,False,False,True,,0
CLM001146,30,Humana,outpatient,evaluation,respiratory,in_network,False,True,True,6,209.15,133.78,0.079,False,False,True,,1
CLM001147,88,Humana,professional,lab,cardiology,in_network,False,False,True,12,165.22,92.59,0.205,False,False,True,,0
CLM001148,86,BlueCross,professional,evaluation,orthopedics,in_network,False,True,True,17,685.95,428.95,0.106,False,False,True,,0
CLM001149,19,United,outpatient,evaluation,respiratory,in_network,False,True,True,29,251.43,140.88,0.345,False,False,True,,0
CLM001150,72,Humana,pharmacy,therapy,respiratory,in_network,True,True,True,31,724.51,484.22,0.167,False,False,True,,0
CLM001151,76,United,inpatient,therapy,oncology,in_network,True,True,True,40,506.04,295.36,0.158,False,False,True,,1
CLM001152,83,BlueCross,professional,evaluation,oncology,in_network,False,True,True,46,515.93,327.3,0.216,False,False,True,,0
CLM001153,81,Aetna,inpatient,pharmacy,respiratory,in_network,True,True,True,2,214.42,172.39,0.177,False,False,True,,0
CLM001154,42,Cigna,inpatient,therapy,oncology,in_network,True,True,True,19,489.98,299.51,0.036,False,False,True,,0
CLM001155,52,BlueCross,outpatient,evaluation,cardiology,in_network,False,True,True,45,289.69,196.84,0.177,False,False,True,,1
CLM001156,30,Humana,inpatient,evaluation,general,out_of_network,True,True,True,62,317.18,216.5,0.08,False,False,True,network_coverage,1
CLM001157,80,Cigna,inpatient,evaluation,orthopedics,in_network,True,True,True,33,376.64,254.4,0.1,False,False,True,,0
CLM001158,22,Humana,inpatient,pharmacy,orthopedics,out_of_network,True,True,True,10,205.84,126.97,0.153,False,True,True,,0
CLM001159,54,Aetna,outpatient,surgery,cardiology,out_of_network,True,True,True,27,5174.84,4329.53,0.168,True,False,True,duplicate_claim,1
CLM001160,49,Aetna,professional,imaging,oncology,out_of_network,True,True,True,51,2136.16,1401.81,0.019,False,False,True,network_coverage,1
CLM001161,42,United,inpatient,therapy,general,in_network,True,True,True,7,464.69,288.99,0.17,False,False,True,,1
CLM001162,87,Cigna,professional,lab,cardiology,in_network,False,True,True,10,282.56,148.67,0.19,False,False,True,,0
CLM001163,52,Aetna,professional,therapy,orthopedics,in_network,True,False,True,11,487.51,365.84,0.08,False,True,True,coding_mismatch,1
CLM001164,21,United,outpatient,evaluation,cardiology,in_network,False,True,True,35,477.93,271.53,0.1,False,False,True,,0
CLM001165,79,Aetna,inpatient,pharmacy,cardiology,in_network,True,True,True,13,238.87,158.71,0.19,False,False,True,,0
CLM001166,84,United,professional,lab,respiratory,in_network,False,True,True,1,225.01,139.6,0.104,False,False,True,,0
CLM001167,43,BlueCross,professional,evaluation,orthopedics,in_network,False,True,True,51,401.92,228.3,0.026,False,True,True,coding_mismatch,1
CLM001168,37,Cigna,outpatient,surgery,respiratory,in_network,True,True,True,23,16689.68,10978.05,0.091,False,False,True,,0
CLM001169,68,BlueCross,professional,therapy,oncology,in_network,True,False,True,75,332.37,255.91,0.015,True,False,False,duplicate_claim,1
CLM001170,22,Aetna,inpatient,imaging,respiratory,out_of_network,True,True,True,38,746.15,450.95,0.053,True,False,True,,0
CLM001171,65,Cigna,outpatient,therapy,cardiology,in_network,True,True,True,24,747.95,568.91,0.234,False,True,True,,0
CLM001172,30,BlueCross,professional,therapy,orthopedics,in_network,True,True,True,42,642.89,378.55,0.102,False,False,True,,0
CLM001173,33,Cigna,outpatient,evaluation,oncology,in_network,False,True,True,12,1174.9,696.97,0.085,False,False,True,,0
CLM001174,25,Cigna,professional,evaluation,cardiology,in_network,False,True,True,30,352.89,302.65,0.238,False,False,True,,0
CLM001175,63,Humana,outpatient,lab,oncology,out_of_network,True,False,True,30,286.49,194.33,0.105,False,False,True,network_coverage,1
CLM001176,66,Aetna,professional,imaging,oncology,in_network,True,True,True,22,1659.46,1324.09,0.149,False,False,True,,0
CLM001177,51,BlueCross,outpatient,imaging,oncology,in_network,True,True,True,8,1999.58,1151.74,0.1,False,False,True,,0
CLM001178,86,United,outpatient,pharmacy,oncology,in_network,True,False,True,29,257.03,181.46,0.054,False,False,True,missing_prior_authorization,1
CLM001179,23,United,outpatient,pharmacy,respiratory,in_network,False,True,False,28,175.96,126.27,0.165,False,False,True,,0
CLM001180,89,Cigna,outpatient,lab,respiratory,out_of_network,False,True,True,15,573.34,437.31,0.261,False,False,True,,0
CLM001181,76,BlueCross,professional,surgery,cardiology,out_of_network,True,True,True,7,8014.52,6295.31,0.229,False,False,True,network_coverage,1
CLM001182,23,Cigna,inpatient,lab,respiratory,in_network,True,True,True,13,176.54,108.04,0.211,False,False,True,,0
CLM001183,48,Humana,inpatient,evaluation,general,in_network,True,False,True,65,684.91,502.87,0.21,False,False,True,missing_prior_authorization,1
CLM001184,57,BlueCross,outpatient,lab,general,in_network,False,True,True,16,326.44,246.69,0.188,False,False,True,,0
CLM001185,61,United,outpatient,imaging,orthopedics,in_network,True,True,True,29,1121.31,845.62,0.163,False,False,True,,0
CLM001186,49,Aetna,professional,lab,respiratory,in_network,False,True,True,28,253.73,151.02,0.117,False,False,True,,0
CLM001187,39,Humana,outpatient,surgery,general,in_network,True,True,True,21,23384.19,18444.09,0.156,False,False,True,,0
CLM001188,38,Cigna,pharmacy,lab,orthopedics,in_network,False,True,True,68,216.47,161.41,0.212,False,False,True,,0
CLM001189,60,Cigna,inpatient,imaging,general,out_of_network,True,True,True,37,1338.29,714.73,0.185,False,False,True,,0
CLM001190,56,Cigna,professional,evaluation,respiratory,in_network,False,True,True,34,347.33,249.37,0.327,True,False,True,,0
CLM001191,45,Aetna,outpatient,therapy,respiratory,in_network,True,True,True,24,730.28,386.93,0.065,False,True,True,,0
CLM001192,35,BlueCross,outpatient,surgery,respiratory,in_network,True,True,True,15,10950.46,5845.83,0.038,False,False,True,,1
CLM001193,54,BlueCross,professional,therapy,respiratory,out_of_network,True,True,True,25,1061.49,592.27,0.308,False,False,True,network_coverage,1
CLM001194,35,Humana,pharmacy,therapy,general,in_network,True,False,True,37,335.16,255.48,0.229,False,False,True,missing_prior_authorization,1
CLM001195,48,Cigna,professional,evaluation,general,in_network,False,True,True,43,197.83,131.95,0.162,False,False,True,,0
CLM001196,86,Cigna,outpatient,pharmacy,oncology,in_network,False,True,True,37,321.27,239.52,0.09,False,False,True,,0
CLM001197,71,Cigna,outpatient,imaging,oncology,in_network,True,True,True,3,811.65,695.97,0.023,False,False,True,,0
CLM001198,71,Cigna,professional,pharmacy,respiratory,in_network,False,False,True,5,116.34,97.51,0.16,False,False,True,,0
CLM001199,21,Aetna,outpatient,evaluation,general,in_network,False,True,True,20,241.93,191.69,0.133,False,False,True,,0
CLM001200,73,United,professional,evaluation,orthopedics,in_network,False,True,False,5,222.34,138.2,0.114,False,False,True,,0
CLM001201,63,United,outpatient,lab,orthopedics,in_network,False,True,True,11,179.38,140.4,0.065,False,True,True,,0
CLM001202,54,BlueCross,outpatient,lab,respiratory,in_network,False,True,True,9,110.07,71.06,0.251,False,False,True,,0
CLM001203,37,Humana,professional,imaging,general,in_network,True,False,True,21,2545.54,1479.12,0.408,False,False,True,,0
CLM001204,48,BlueCross,professional,pharmacy,general,in_network,False,True,True,24,97.96,75.28,0.228,False,False,True,,1
CLM001205,44,Aetna,inpatient,therapy,cardiology,in_network,True,True,True,8,1362.09,1094.33,0.045,False,False,True,,0
CLM001206,45,United,inpatient,lab,general,in_network,True,True,False,55,346.68,268.42,0.204,False,False,True,,0
CLM001207,76,BlueCross,professional,therapy,respiratory,out_of_network,True,True,True,31,2264.31,1464.76,0.285,False,False,True,network_coverage,1
CLM001208,27,BlueCross,outpatient,imaging,cardiology,in_network,True,True,True,23,984.59,747.23,0.295,False,False,True,,0
CLM001209,63,Cigna,outpatient,imaging,cardiology,in_network,True,True,True,41,1132.99,645.78,0.12,False,False,True,,0
CLM001210,88,Cigna,outpatient,therapy,orthopedics,in_network,True,True,True,23,911.78,678.5,0.117,False,True,True,,0
CLM001211,30,BlueCross,professional,therapy,general,in_network,True,False,True,32,314.93,179.3,0.351,False,False,True,missing_prior_authorization,1
CLM001212,66,United,professional,evaluation,respiratory,in_network,False,True,False,16,492.24,264.98,0.261,False,False,True,,0
CLM001213,25,BlueCross,outpatient,evaluation,oncology,in_network,False,True,True,12,326.18,172.23,0.23,False,False,True,,0
CLM001214,54,Cigna,outpatient,therapy,respiratory,in_network,True,True,False,9,759.76,645.67,0.243,True,False,True,,0
CLM001215,41,Humana,outpatient,evaluation,oncology,in_network,False,True,True,25,634.08,333.65,0.157,False,False,True,,0
CLM001216,63,United,outpatient,imaging,general,in_network,True,False,True,30,1084.3,715.33,0.123,False,False,True,missing_prior_authorization,1
CLM001217,72,Cigna,outpatient,evaluation,cardiology,in_network,False,True,True,83,240.05,187.07,0.187,False,False,True,,0
CLM001218,89,Cigna,outpatient,evaluation,orthopedics,in_network,False,False,True,3,190.06,134.24,0.076,False,False,True,,0
CLM001219,24,United,professional,surgery,orthopedics,in_network,True,False,True,23,4819.48,2658.6,0.046,False,False,True,,0
CLM001220,36,Cigna,inpatient,surgery,general,in_network,True,False,True,42,7309.44,4066.33,0.128,False,False,True,missing_prior_authorization,1
CLM001221,68,BlueCross,inpatient,surgery,oncology,in_network,True,True,True,11,9339.65,5331.82,0.253,False,False,True,,1
CLM001222,81,Aetna,outpatient,surgery,respiratory,in_network,True,False,False,48,7247.18,4271.59,0.35,False,False,False,coverage_inactive,1
CLM001223,45,BlueCross,pharmacy,therapy,general,in_network,True,True,True,42,558.83,452.78,0.137,False,False,True,,0
CLM001224,25,Aetna,professional,imaging,cardiology,out_of_network,True,True,True,50,2582.18,1836.08,0.244,False,False,True,network_coverage,1
CLM001225,24,BlueCross,outpatient,evaluation,general,in_network,False,True,True,33,265.88,166.66,0.04,False,False,True,,0
CLM001226,18,Cigna,pharmacy,imaging,cardiology,in_network,True,True,True,12,1125.28,731.92,0.045,False,False,True,,0
CLM001227,23,Cigna,outpatient,imaging,respiratory,out_of_network,True,True,True,24,3195.13,2336.58,0.061,False,True,True,,0
CLM001228,83,Aetna,outpatient,lab,respiratory,out_of_network,False,True,True,45,386.66,314.85,0.203,True,False,True,duplicate_claim,1
CLM001229,89,Cigna,pharmacy,surgery,general,in_network,True,True,True,13,8627.86,5818.4,0.375,False,False,True,,0
CLM001230,24,Cigna,inpatient,pharmacy,cardiology,out_of_network,True,False,True,6,198.32,151.38,0.052,False,False,True,network_coverage,1
CLM001231,89,Aetna,outpatient,lab,general,in_network,False,True,True,8,360.03,291.54,0.219,False,True,True,,0
CLM001232,67,BlueCross,professional,surgery,respiratory,out_of_network,True,False,False,37,11176.52,7157.08,0.272,False,False,True,network_coverage,1
CLM001233,57,Humana,outpatient,surgery,cardiology,in_network,True,True,True,14,3923.54,2665.94,0.312,False,True,True,coding_mismatch,1
CLM001234,52,Aetna,professional,lab,oncology,in_network,False,True,True,30,96.51,73.98,0.043,False,False,True,,0
CLM001235,36,BlueCross,outpatient,therapy,general,out_of_network,True,True,False,41,464.87,371.23,0.111,False,False,True,network_coverage,1
CLM001236,47,Cigna,inpatient,evaluation,oncology,in_network,True,True,True,17,215.34,137.84,0.146,False,False,True,,0
CLM001237,88,Aetna,outpatient,lab,orthopedics,out_of_network,False,True,False,10,332.41,263.09,0.132,False,False,True,network_coverage,1
CLM001238,89,Humana,outpatient,therapy,orthopedics,in_network,True,True,False,11,212.73,167.27,0.175,False,False,True,,0
CLM001239,65,Humana,outpatient,therapy,oncology,in_network,True,True,True,76,501.83,289.63,0.234,False,False,True,,0
CLM001240,41,BlueCross,inpatient,evaluation,general,out_of_network,True,True,True,11,294.03,217.04,0.261,False,False,True,network_coverage,1
CLM001241,43,BlueCross,professional,therapy,respiratory,in_network,True,False,True,32,781.15,663.65,0.098,False,False,True,missing_prior_authorization,1
CLM001242,24,Humana,outpatient,lab,respiratory,out_of_network,False,True,True,3,229.83,143.06,0.06,False,True,True,,0
CLM001243,36,BlueCross,outpatient,evaluation,respiratory,out_of_network,False,True,True,43,677.74,461.8,0.238,False,False,True,network_coverage,1
CLM001244,35,Aetna,inpatient,evaluation,respiratory,in_network,True,True,True,30,325.6,202.52,0.165,False,False,True,,0
CLM001245,87,Aetna,outpatient,lab,oncology,in_network,False,True,True,21,191.86,146.03,0.167,False,False,True,,0
CLM001246,87,Aetna,outpatient,pharmacy,respiratory,in_network,False,True,True,23,109.82,58.58,0.046,False,False,True,,0
CLM001247,62,United,professional,evaluation,orthopedics,in_network,False,True,True,27,233.72,193.12,0.369,False,False,True,,0
CLM001248,85,United,outpatient,surgery,oncology,in_network,True,True,True,6,17067.26,12117.26,0.06,False,False,False,,0
CLM001249,59,Cigna,pharmacy,evaluation,orthopedics,in_network,True,True,True,35,321.19,209.48,0.064,False,False,True,,0
CLM001250,39,United,pharmacy,therapy,general,in_network,True,True,True,69,330.46,200.16,0.15,False,False,True,,0
CLM001251,55,Humana,inpatient,therapy,respiratory,in_network,True,True,True,0,559.89,408.9,0.03,False,False,True,,0
CLM001252,57,Cigna,inpatient,therapy,oncology,in_network,True,True,True,13,392.05,250.17,0.182,False,False,True,,0
CLM001253,39,Humana,inpatient,evaluation,oncology,in_network,True,True,True,23,243.49,199.99,0.194,False,False,True,,0
CLM001254,60,Cigna,professional,therapy,oncology,in_network,True,True,True,54,401.98,306.31,0.093,False,False,True,,0
CLM001255,82,United,inpatient,therapy,respiratory,in_network,True,False,True,65,748.82,472.81,0.264,False,False,True,missing_prior_authorization,1
CLM001256,88,United,professional,imaging,orthopedics,in_network,True,True,True,2,1329.25,1137.35,0.085,True,False,True,,0
CLM001257,85,United,professional,lab,general,in_network,True,True,True,40,325.51,271.33,0.226,False,False,True,,0
CLM001258,62,Cigna,professional,pharmacy,orthopedics,in_network,True,True,True,61,159.86,97.47,0.097,False,False,False,coverage_inactive,1
CLM001259,62,Cigna,outpatient,evaluation,cardiology,out_of_network,False,True,True,4,342.09,197.07,0.197,False,False,True,,0
CLM001260,79,Aetna,pharmacy,imaging,respiratory,in_network,True,True,True,32,2609.7,1824.81,0.245,False,False,True,,0
CLM001261,40,Humana,inpatient,pharmacy,respiratory,in_network,True,True,False,62,120.26,87.18,0.125,False,False,True,,0
CLM001262,28,Aetna,outpatient,evaluation,orthopedics,out_of_network,False,True,True,18,391.96,256.32,0.182,False,False,True,network_coverage,1
CLM001263,19,Cigna,outpatient,therapy,respiratory,out_of_network,True,True,True,29,1085.45,759.32,0.141,False,False,True,,0
CLM001264,53,Aetna,pharmacy,imaging,respiratory,in_network,True,True,True,17,1097.42,690.87,0.154,False,False,False,coverage_inactive,1
CLM001265,28,Cigna,outpatient,therapy,respiratory,out_of_network,True,True,True,32,1513.32,1056.99,0.094,False,False,True,network_coverage,1
CLM001266,73,Humana,professional,imaging,general,in_network,True,False,False,47,904.92,719.61,0.269,False,False,True,incomplete_documentation,1
CLM001267,33,BlueCross,outpatient,lab,general,in_network,False,True,False,52,316.74,171.2,0.182,False,False,False,coverage_inactive,1
CLM001268,21,Humana,pharmacy,therapy,oncology,in_network,True,False,True,14,1050.28,724.26,0.21,False,False,True,missing_prior_authorization,1
CLM001269,45,BlueCross,outpatient,pharmacy,orthopedics,in_network,False,True,True,8,212.21,118.11,0.141,False,False,True,,0
CLM001270,49,BlueCross,outpatient,lab,cardiology,out_of_network,False,True,True,32,386.25,274.18,0.224,False,False,True,network_coverage,1
CLM001271,56,Aetna,pharmacy,evaluation,oncology,out_of_network,False,True,True,38,657.3,399.08,0.251,False,False,True,network_coverage,1
CLM001272,86,Aetna,outpatient,pharmacy,respiratory,out_of_network,False,True,True,7,83.26,68.7,0.123,False,False,True,,0
CLM001273,54,BlueCross,outpatient,imaging,respiratory,in_network,True,False,True,19,2574.67,2135.65,0.124,False,False,True,missing_prior_authorization,1
CLM001274,74,Aetna,professional,surgery,cardiology,in_network,True,True,False,59,10734.32,6823.16,0.134,False,False,True,,0
CLM001275,71,United,inpatient,evaluation,respiratory,in_network,True,True,False,19,345.09,234.16,0.167,False,False,True,incomplete_documentation,1
CLM001276,28,Humana,outpatient,evaluation,respiratory,in_network,False,True,True,50,360.33,223.77,0.116,False,False,True,,0
CLM001277,34,BlueCross,outpatient,lab,respiratory,in_network,False,True,True,15,94.89,53.39,0.193,False,False,True,,0
CLM001278,53,United,inpatient,evaluation,oncology,out_of_network,True,False,True,50,681.26,408.65,0.058,False,False,True,network_coverage,1
CLM001279,40,BlueCross,professional,therapy,cardiology,in_network,True,False,True,24,577.19,478.49,0.095,False,False,True,missing_prior_authorization,1
CLM001280,51,Cigna,professional,evaluation,oncology,in_network,False,True,True,20,218.35,155.26,0.158,False,False,True,,0
CLM001281,32,Humana,outpatient,evaluation,respiratory,out_of_network,False,True,True,25,545.45,432.66,0.122,False,False,True,,0
CLM001282,26,Humana,outpatient,imaging,oncology,in_network,True,True,False,13,1731.47,964.07,0.01,False,False,True,,0
CLM001283,46,Aetna,outpatient,imaging,oncology,in_network,True,True,True,7,1055.41,813.66,0.198,False,False,True,,0
CLM001284,40,BlueCross,professional,imaging,oncology,in_network,True,True,True,18,2404.96,1571.51,0.154,False,False,True,,0
CLM001285,59,BlueCross,pharmacy,pharmacy,oncology,in_network,False,True,False,38,184.44,127.08,0.349,False,False,False,coverage_inactive,1
CLM001286,31,Cigna,pharmacy,pharmacy,orthopedics,in_network,False,True,True,5,172.05,138.77,0.049,False,False,True,,0
CLM001287,63,United,outpatient,evaluation,respiratory,in_network,False,True,True,53,454.01,244.38,0.034,False,False,True,,0
CLM001288,89,Cigna,outpatient,imaging,orthopedics,in_network,True,True,True,20,915.55,630.9,0.084,False,False,True,,0
CLM001289,49,Cigna,outpatient,therapy,oncology,in_network,True,True,True,38,395.27,313.54,0.221,False,False,True,,0
CLM001290,54,Aetna,outpatient,surgery,oncology,in_network,True,False,True,18,5493.16,3101.44,0.163,False,False,True,missing_prior_authorization,1
CLM001291,23,Cigna,outpatient,lab,respiratory,in_network,False,True,True,36,220.29,164.02,0.078,False,False,True,,0
CLM001292,29,Cigna,professional,surgery,general,in_network,True,False,True,37,7932.16,6611.32,0.143,False,False,True,missing_prior_authorization,1
CLM001293,20,Humana,outpatient,evaluation,respiratory,in_network,False,True,True,59,356.01,221.69,0.021,False,False,True,,0
CLM001294,51,United,outpatient,imaging,cardiology,in_network,True,True,True,5,2142.04,1142.06,0.124,False,False,True,,0
CLM001295,53,Cigna,outpatient,evaluation,respiratory,in_network,False,True,True,22,456.0,386.64,0.122,False,False,True,,1
CLM001296,24,Aetna,outpatient,pharmacy,orthopedics,in_network,False,True,True,47,206.63,119.69,0.122,False,False,True,,0
CLM001297,48,United,inpatient,evaluation,cardiology,in_network,True,True,True,23,599.48,449.36,0.051,False,True,True,,0
CLM001298,78,Cigna,outpatient,imaging,cardiology,out_of_network,True,True,True,20,1381.33,1036.86,0.281,False,False,True,,0
CLM001299,80,Cigna,professional,pharmacy,general,in_network,False,True,True,19,243.64,196.55,0.099,False,False,True,,0
CLM001300,64,United,outpatient,evaluation,oncology,in_network,False,True,True,25,506.94,375.09,0.458,False,False,True,,0
CLM001301,72,Cigna,outpatient,lab,orthopedics,in_network,False,True,True,37,558.53,356.0,0.054,False,False,True,,0
CLM001302,55,Humana,outpatient,evaluation,cardiology,in_network,False,True,True,20,358.65,204.02,0.4,False,False,True,,1
CLM001303,41,United,professional,evaluation,respiratory,in_network,False,True,True,47,282.07,212.1,0.066,False,False,True,,0
CLM001304,70,Cigna,outpatient,lab,respiratory,in_network,True,True,True,29,239.98,176.6,0.062,False,False,True,,0
CLM001305,78,United,professional,therapy,orthopedics,out_of_network,True,False,True,21,677.94,412.37,0.124,False,True,True,coding_mismatch,1
CLM001306,40,Aetna,pharmacy,lab,cardiology,in_network,False,True,True,25,176.05,106.25,0.313,False,False,True,,0
CLM001307,46,United,professional,imaging,orthopedics,in_network,True,True,True,46,1365.99,1071.27,0.171,False,False,True,,0
CLM001308,47,United,professional,evaluation,respiratory,in_network,False,True,True,14,745.81,639.6,0.127,False,False,True,,0
CLM001309,69,Aetna,inpatient,imaging,cardiology,out_of_network,True,True,True,19,859.22,720.9,0.101,False,False,True,,0
CLM001310,24,Aetna,pharmacy,lab,orthopedics,out_of_network,False,True,True,15,108.16,87.39,0.073,False,False,True,,0
CLM001311,71,Aetna,outpatient,lab,cardiology,in_network,False,True,True,19,120.43,68.2,0.176,False,True,True,coding_mismatch,1
CLM001312,35,BlueCross,pharmacy,lab,oncology,in_network,False,True,True,24,156.66,121.49,0.213,False,False,True,,0
CLM001313,51,United,outpatient,lab,cardiology,out_of_network,False,True,True,46,188.15,132.42,0.132,False,False,True,,0
CLM001314,20,Aetna,inpatient,therapy,cardiology,out_of_network,True,True,True,37,457.58,320.64,0.078,False,False,True,,0
CLM001315,76,Aetna,inpatient,lab,cardiology,in_network,True,True,False,24,149.73,83.8,0.123,False,False,True,,0
CLM001316,25,Cigna,professional,imaging,respiratory,out_of_network,True,True,True,23,2239.1,1276.82,0.133,False,False,True,,0
CLM001317,35,BlueCross,outpatient,evaluation,oncology,in_network,False,True,True,33,219.53,131.78,0.163,False,False,True,,0
CLM001318,65,Humana,inpatient,pharmacy,general,in_network,True,True,True,18,115.98,65.12,0.072,False,False,True,,0
CLM001319,42,Humana,professional,lab,orthopedics,in_network,False,True,True,14,98.83,64.75,0.212,False,False,False,coverage_inactive,1
CLM001320,34,United,professional,lab,orthopedics,in_network,True,True,True,33,372.93,317.08,0.121,False,False,True,,1
CLM001321,57,Cigna,outpatient,imaging,orthopedics,in_network,True,True,True,14,2474.31,2121.12,0.095,False,False,True,,0
CLM001322,18,Cigna,outpatient,imaging,general,in_network,True,False,True,12,1518.36,1237.89,0.061,False,False,True,,0
CLM001323,44,Aetna,inpatient,lab,oncology,in_network,True,True,True,87,252.37,182.68,0.571,False,False,True,,0
CLM001324,32,United,professional,pharmacy,orthopedics,in_network,True,False,True,4,262.23,194.13,0.381,False,False,True,,0
CLM001325,57,BlueCross,outpatient,evaluation,respiratory,in_network,False,True,True,3,484.35,413.84,0.14,False,False,True,,0
CLM001326,40,Cigna,professional,lab,oncology,in_network,False,True,True,23,141.73,101.14,0.163,False,False,True,,0
CLM001327,66,United,outpatient,pharmacy,cardiology,in_network,False,True,False,35,174.37,90.89,0.117,True,False,True,,0
CLM001328,28,Humana,outpatient,lab,respiratory,in_network,False,True,True,21,370.31,267.63,0.01,False,False,True,,0
CLM001329,23,Humana,outpatient,surgery,cardiology,in_network,True,False,True,18,7210.48,3762.77,0.046,False,False,True,missing_prior_authorization,1
CLM001330,33,Aetna,outpatient,lab,cardiology,in_network,False,True,True,72,255.86,203.21,0.252,False,False,True,,0
CLM001331,80,Humana,professional,surgery,respiratory,in_network,True,True,False,15,15886.68,12728.32,0.018,False,False,True,,0
CLM001332,88,Aetna,outpatient,pharmacy,oncology,in_network,False,True,True,24,572.23,398.42,0.214,False,False,True,,0
CLM001333,22,Humana,outpatient,lab,orthopedics,out_of_network,False,True,False,20,501.33,291.42,0.288,False,True,True,coding_mismatch,1
CLM001334,19,Cigna,pharmacy,evaluation,cardiology,in_network,False,True,True,27,189.8,129.89,0.06,True,False,True,,0
CLM001335,29,Cigna,pharmacy,lab,oncology,in_network,False,True,True,20,174.33,139.46,0.201,False,False,True,,0
CLM001336,58,Humana,professional,pharmacy,respiratory,in_network,False,True,True,32,336.47,257.74,0.13,False,False,True,,0
CLM001337,84,Humana,outpatient,evaluation,orthopedics,in_network,False,True,True,25,239.97,144.19,0.383,False,False,True,,0
CLM001338,74,BlueCross,professional,therapy,oncology,out_of_network,True,True,True,18,973.89,537.44,0.045,False,False,True,,0
CLM001339,35,BlueCross,professional,imaging,orthopedics,in_network,True,True,True,8,2938.66,2289.48,0.227,False,False,True,,0
CLM001340,88,Cigna,outpatient,pharmacy,general,in_network,False,True,True,1,315.31,218.75,0.187,False,False,True,,0
CLM001341,37,Aetna,inpatient,therapy,respiratory,in_network,True,True,True,34,1092.43,662.74,0.039,False,False,True,,0
CLM001342,43,BlueCross,professional,lab,orthopedics,in_network,False,False,True,12,142.76,107.49,0.334,False,False,False,,0
CLM001343,76,Aetna,outpatient,evaluation,oncology,in_network,True,True,False,25,140.31,94.07,0.104,False,False,True,,0
CLM001344,39,Cigna,outpatient,imaging,general,in_network,True,True,True,8,950.57,762.23,0.065,False,True,True,coding_mismatch,1
CLM001345,71,BlueCross,pharmacy,lab,orthopedics,in_network,False,True,False,41,238.82,155.19,0.02,False,False,True,,0
CLM001346,48,BlueCross,professional,therapy,cardiology,in_network,True,True,True,40,323.2,267.87,0.086,False,False,True,,0
CLM001347,78,United,outpatient,lab,orthopedics,in_network,False,True,True,12,167.83,129.98,0.111,False,False,False,,0
CLM001348,63,Aetna,outpatient,lab,respiratory,out_of_network,False,True,True,37,301.63,248.23,0.155,False,False,True,network_coverage,1
CLM001349,84,Aetna,outpatient,surgery,general,out_of_network,True,False,True,41,10090.2,7423.04,0.196,False,False,True,network_coverage,1
CLM001350,49,BlueCross,inpatient,imaging,orthopedics,in_network,True,True,True,55,1970.66,1651.12,0.144,False,False,True,,0
CLM001351,44,Aetna,professional,imaging,cardiology,in_network,True,False,True,9,1362.85,1111.86,0.145,False,False,True,missing_prior_authorization,1
CLM001352,41,United,professional,imaging,cardiology,in_network,True,True,False,18,1036.84,541.99,0.048,False,False,True,incomplete_documentation,1
CLM001353,57,United,outpatient,pharmacy,oncology,in_network,False,True,False,22,299.54,256.05,0.044,False,True,True,coding_mismatch,1
CLM001354,83,United,outpatient,therapy,cardiology,out_of_network,True,True,True,19,2380.73,1517.5,0.095,False,False,True,,0
CLM001355,29,Humana,professional,therapy,cardiology,in_network,True,False,True,61,599.59,444.92,0.02,False,False,True,,0
CLM001356,47,Aetna,inpatient,lab,respiratory,in_network,True,True,True,32,187.22,131.81,0.121,False,False,True,,0
CLM001357,35,Cigna,outpatient,evaluation,general,in_network,False,True,True,11,158.99,111.64,0.104,False,True,True,coding_mismatch,1
CLM001358,31,Aetna,outpatient,imaging,orthopedics,in_network,True,True,True,72,1196.24,766.62,0.157,False,False,True,,0
CLM001359,67,BlueCross,professional,surgery,oncology,in_network,True,True,True,35,5370.88,3388.01,0.161,False,False,True,,0
CLM001360,89,Cigna,outpatient,evaluation,oncology,out_of_network,False,True,True,19,567.52,363.32,0.112,False,False,True,,0
CLM001361,89,Humana,professional,lab,respiratory,in_network,False,True,True,6,505.91,378.96,0.183,False,False,True,,0
CLM001362,58,BlueCross,outpatient,evaluation,general,in_network,False,True,False,20,227.54,187.17,0.127,False,False,True,incomplete_documentation,1
CLM001363,18,BlueCross,professional,pharmacy,general,out_of_network,False,True,True,53,201.94,135.94,0.086,False,False,True,,0
CLM001364,79,United,inpatient,evaluation,orthopedics,in_network,True,True,True,24,462.57,374.77,0.216,False,False,True,,0
CLM001365,68,BlueCross,outpatient,surgery,general,in_network,True,False,True,19,6614.22,3738.18,0.18,False,False,True,missing_prior_authorization,1
CLM001366,41,Cigna,outpatient,imaging,cardiology,in_network,True,False,True,32,613.81,500.37,0.213,False,False,True,missing_prior_authorization,1
CLM001367,81,BlueCross,outpatient,imaging,general,in_network,True,True,True,21,2306.62,1334.02,0.091,False,False,True,,1
CLM001368,34,United,inpatient,evaluation,cardiology,in_network,True,True,True,38,178.28,139.25,0.241,False,False,True,,0
CLM001369,61,Cigna,outpatient,pharmacy,cardiology,in_network,False,True,True,43,186.26,130.69,0.051,False,False,False,,0
CLM001370,31,Aetna,outpatient,pharmacy,cardiology,in_network,False,True,True,12,182.13,98.64,0.065,False,False,True,,0
CLM001371,54,Aetna,inpatient,lab,cardiology,in_network,True,True,True,48,195.12,150.9,0.269,False,False,True,,0
CLM001372,72,United,pharmacy,evaluation,oncology,in_network,True,True,True,12,437.75,368.87,0.031,False,True,True,,0
CLM001373,69,United,outpatient,therapy,respiratory,out_of_network,True,True,True,27,328.38,259.8,0.053,False,False,True,,0
CLM001374,87,Humana,professional,evaluation,respiratory,in_network,False,True,True,63,390.74,239.81,0.18,False,False,True,,1
CLM001375,72,Aetna,pharmacy,therapy,cardiology,in_network,True,True,True,26,328.86,263.66,0.107,False,False,True,,0
CLM001376,85,Humana,inpatient,imaging,orthopedics,in_network,True,False,True,6,1372.32,1163.67,0.103,False,False,True,missing_prior_authorization,1
CLM001377,81,Humana,professional,imaging,cardiology,in_network,True,False,True,28,924.46,668.58,0.081,False,False,True,,0
CLM001378,68,United,professional,pharmacy,cardiology,in_network,False,True,True,39,203.39,160.65,0.024,False,False,True,,0
CLM001379,43,Cigna,professional,lab,respiratory,in_network,False,True,False,40,342.97,259.34,0.104,False,True,False,,0
CLM001380,70,Cigna,outpatient,lab,respiratory,in_network,False,True,True,47,219.1,119.89,0.15,False,False,True,,0
CLM001381,20,Humana,outpatient,lab,orthopedics,out_of_network,False,True,True,27,275.72,153.82,0.178,False,False,True,network_coverage,1
CLM001382,37,Aetna,inpatient,lab,orthopedics,in_network,True,False,True,43,164.8,111.52,0.084,False,False,True,missing_prior_authorization,1
CLM001383,51,Humana,outpatient,pharmacy,general,out_of_network,True,True,False,11,272.52,169.75,0.18,False,False,True,network_coverage,1
CLM001384,45,Cigna,pharmacy,imaging,oncology,in_network,True,True,True,38,2095.09,1796.19,0.109,False,False,True,,1
CLM001385,38,Aetna,pharmacy,imaging,orthopedics,in_network,True,True,True,18,1294.28,719.34,0.087,False,False,True,,0
CLM001386,22,United,inpatient,evaluation,general,in_network,True,True,False,55,622.75,521.71,0.058,False,False,False,coverage_inactive,1
CLM001387,83,BlueCross,professional,therapy,cardiology,in_network,True,False,True,27,429.75,318.0,0.168,False,False,True,missing_prior_authorization,1
CLM001388,58,United,outpatient,imaging,orthopedics,in_network,True,False,True,19,3178.2,2605.88,0.11,False,True,True,,0
CLM001389,49,BlueCross,pharmacy,imaging,respiratory,in_network,True,True,True,43,555.62,298.03,0.189,False,False,True,,1
CLM001390,87,Cigna,inpatient,surgery,oncology,in_network,True,True,True,25,7140.07,4491.11,0.092,False,False,True,,0
CLM001391,72,Cigna,pharmacy,surgery,cardiology,out_of_network,True,True,True,6,8502.08,5171.21,0.22,False,False,True,,0
CLM001392,65,Humana,professional,imaging,general,out_of_network,True,True,True,10,1733.62,1450.25,0.158,False,False,True,network_coverage,1
CLM001393,47,Aetna,inpatient,surgery,orthopedics,in_network,True,True,True,79,11928.33,10226.66,0.069,False,False,True,,0
CLM001394,49,BlueCross,inpatient,evaluation,respiratory,out_of_network,True,True,True,31,1436.57,1107.29,0.013,False,False,True,,0
CLM001395,48,Aetna,professional,evaluation,orthopedics,in_network,False,True,True,28,350.53,248.7,0.111,False,False,True,,0
CLM001396,40,BlueCross,inpatient,pharmacy,respiratory,in_network,True,True,True,21,285.55,162.53,0.146,False,False,True,,0
CLM001397,85,Cigna,outpatient,lab,general,in_network,False,True,False,31,164.96,124.65,0.106,False,False,True,,0
CLM001398,53,Cigna,pharmacy,lab,respiratory,in_network,False,True,True,34,207.12,153.93,0.127,False,True,True,coding_mismatch,1
CLM001399,52,United,outpatient,pharmacy,general,in_network,False,True,False,7,264.61,223.51,0.103,False,True,True,,0
CLM001400,42,Cigna,outpatient,evaluation,oncology,in_network,False,True,False,19,169.67,100.22,0.076,False,False,True,,0
CLM001401,45,Cigna,outpatient,therapy,cardiology,out_of_network,True,False,True,13,393.25,301.89,0.108,False,False,True,network_coverage,1
CLM001402,84,Aetna,inpatient,surgery,oncology,in_network,True,True,True,8,9541.32,5727.71,0.222,False,False,True,,0
CLM001403,74,Aetna,pharmacy,lab,oncology,in_network,False,True,True,3,221.34,189.16,0.026,False,False,True,,0
CLM001404,69,Humana,outpatient,therapy,respiratory,in_network,True,True,True,84,537.48,451.74,0.133,False,False,True,,0
CLM001405,65,Humana,outpatient,therapy,orthopedics,in_network,True,False,True,109,228.61,146.32,0.175,False,False,True,missing_prior_authorization,1
CLM001406,36,Cigna,outpatient,imaging,respiratory,in_network,True,True,True,83,1161.44,771.84,0.069,False,False,True,,0
CLM001407,27,Cigna,pharmacy,pharmacy,oncology,in_network,False,True,False,43,173.79,120.21,0.141,False,False,True,incomplete_documentation,1
CLM001408,49,Cigna,inpatient,therapy,respiratory,in_network,True,True,True,29,531.62,304.76,0.176,False,False,True,,0
CLM001409,63,United,professional,therapy,oncology,in_network,True,False,True,17,713.69,443.71,0.08,False,False,True,,0
CLM001410,18,Aetna,professional,surgery,orthopedics,in_network,True,True,False,19,9397.38,7045.49,0.231,False,False,True,incomplete_documentation,1
CLM001411,18,Cigna,professional,evaluation,orthopedics,in_network,False,True,True,9,204.91,135.91,0.038,False,False,True,,0
CLM001412,19,BlueCross,pharmacy,evaluation,general,in_network,False,True,True,23,388.51,288.04,0.381,False,False,True,,0
CLM001413,19,Aetna,professional,imaging,cardiology,in_network,True,True,True,5,615.56,482.22,0.012,False,False,True,,0
CLM001414,50,Humana,pharmacy,therapy,orthopedics,out_of_network,True,True,False,27,687.61,424.69,0.272,False,True,True,coding_mismatch,1
CLM001415,54,Humana,inpatient,evaluation,oncology,in_network,True,True,True,9,417.23,323.71,0.19,False,False,True,,0
CLM001416,49,United,professional,evaluation,cardiology,in_network,False,True,True,45,326.31,253.3,0.204,False,False,True,,0
CLM001417,24,Aetna,outpatient,surgery,general,in_network,True,False,True,18,12359.2,7273.79,0.091,False,False,True,,0
CLM001418,18,Aetna,outpatient,evaluation,orthopedics,in_network,False,True,True,53,185.24,97.8,0.323,False,False,True,,0
CLM001419,62,Cigna,pharmacy,lab,orthopedics,in_network,False,True,True,54,660.97,537.27,0.041,False,False,True,,0
CLM001420,44,United,pharmacy,imaging,orthopedics,in_network,True,True,True,36,893.62,721.17,0.033,False,False,False,,0
CLM001421,26,United,professional,imaging,cardiology,out_of_network,True,True,True,59,565.7,303.02,0.052,False,False,True,,0
CLM001422,37,Humana,outpatient,surgery,respiratory,in_network,True,False,True,26,5174.46,3099.51,0.062,False,False,True,,0
CLM001423,36,United,outpatient,lab,oncology,in_network,False,True,True,51,892.04,577.02,0.127,False,False,True,,0
CLM001424,38,United,outpatient,therapy,orthopedics,in_network,True,True,True,31,796.12,665.88,0.201,False,False,True,,0
CLM001425,29,BlueCross,outpatient,evaluation,general,in_network,False,True,False,54,189.84,101.35,0.048,False,False,True,incomplete_documentation,1
CLM001426,42,Cigna,outpatient,surgery,respiratory,in_network,True,True,True,29,15620.09,13293.01,0.04,False,False,True,,0
CLM001427,29,Humana,inpatient,pharmacy,oncology,in_network,True,False,True,50,346.65,212.51,0.266,False,False,True,,0
CLM001428,61,BlueCross,inpatient,imaging,oncology,in_network,True,True,True,47,704.42,470.55,0.123,False,True,True,coding_mismatch,1
CLM001429,47,United,professional,therapy,respiratory,in_network,True,False,False,28,844.14,439.79,0.07,False,False,True,incomplete_documentation,1
CLM001430,70,Humana,outpatient,pharmacy,cardiology,in_network,False,True,True,13,161.97,91.34,0.261,False,False,True,,0
CLM001431,73,Cigna,pharmacy,evaluation,general,in_network,False,True,True,50,459.72,271.82,0.106,False,False,True,,0
CLM001432,46,Cigna,professional,evaluation,orthopedics,in_network,False,True,True,28,517.32,441.74,0.23,False,False,True,,0
CLM001433,81,Humana,inpatient,evaluation,cardiology,out_of_network,True,False,True,52,691.36,590.69,0.233,False,False,True,network_coverage,1
CLM001434,88,BlueCross,inpatient,imaging,oncology,out_of_network,True,True,True,17,1669.89,1013.9,0.103,False,False,True,,0
CLM001435,50,BlueCross,outpatient,imaging,general,in_network,True,True,True,5,935.07,765.57,0.137,False,False,True,,0
CLM001436,59,Cigna,pharmacy,lab,respiratory,in_network,False,True,True,4,301.87,168.04,0.066,False,False,True,,1
CLM001437,50,Aetna,outpatient,imaging,orthopedics,in_network,True,True,True,13,1959.15,1298.1,0.43,False,False,True,,0
CLM001438,67,Cigna,outpatient,lab,orthopedics,out_of_network,False,True,True,51,396.86,276.55,0.153,False,False,True,,0
CLM001439,25,Cigna,pharmacy,surgery,oncology,in_network,True,False,True,18,8950.32,5114.69,0.188,False,False,True,missing_prior_authorization,1
CLM001440,50,Cigna,pharmacy,pharmacy,orthopedics,in_network,False,True,True,35,263.86,191.96,0.07,False,False,True,,0
CLM001441,53,Cigna,outpatient,pharmacy,general,in_network,True,True,True,34,93.61,64.11,0.15,False,False,True,,0
CLM001442,85,United,inpatient,evaluation,orthopedics,out_of_network,True,False,True,3,630.0,540.71,0.198,False,False,True,,0
CLM001443,78,BlueCross,inpatient,evaluation,orthopedics,in_network,True,True,True,37,306.19,184.45,0.016,False,True,True,,0
CLM001444,56,Cigna,inpatient,imaging,cardiology,out_of_network,True,True,True,36,3013.99,2540.59,0.05,False,False,True,,0
CLM001445,59,Humana,outpatient,imaging,respiratory,in_network,True,True,True,13,1455.35,949.95,0.1,False,True,False,coverage_inactive,1
CLM001446,71,BlueCross,outpatient,evaluation,cardiology,in_network,False,True,True,31,440.33,370.15,0.141,False,False,True,,0
CLM001447,22,Humana,pharmacy,evaluation,general,in_network,False,True,True,59,436.63,306.51,0.23,False,False,True,,1
CLM001448,55,United,outpatient,lab,general,in_network,False,True,True,26,201.51,136.52,0.406,False,False,True,,0
CLM001449,52,BlueCross,professional,lab,cardiology,in_network,False,False,True,44,169.99,91.62,0.203,True,False,True,duplicate_claim,1
CLM001450,80,BlueCross,outpatient,therapy,cardiology,in_network,True,True,True,22,742.68,570.26,0.127,False,False,True,,0
CLM001451,70,Aetna,professional,surgery,general,in_network,True,True,True,82,10654.77,6133.61,0.121,False,False,True,,0
CLM001452,73,Aetna,professional,lab,cardiology,in_network,True,True,False,11,269.86,209.4,0.154,False,False,True,,0
CLM001453,23,BlueCross,professional,lab,oncology,in_network,False,True,True,29,360.9,263.78,0.163,False,False,True,,0
CLM001454,77,United,pharmacy,therapy,general,in_network,True,False,True,7,644.15,521.8,0.169,False,False,True,,0
CLM001455,66,BlueCross,outpatient,pharmacy,cardiology,in_network,True,True,True,34,359.58,244.27,0.152,False,False,True,,0
CLM001456,22,United,inpatient,therapy,respiratory,in_network,True,False,True,4,416.36,303.2,0.233,False,False,True,missing_prior_authorization,1
CLM001457,64,United,outpatient,evaluation,orthopedics,in_network,False,True,True,24,427.15,284.48,0.178,False,False,True,,0
CLM001458,59,Humana,outpatient,evaluation,oncology,out_of_network,False,True,True,66,827.06,583.2,0.099,False,False,True,,0
CLM001459,27,United,pharmacy,imaging,general,out_of_network,True,True,True,44,1384.23,906.92,0.206,False,False,True,,0
CLM001460,55,Cigna,outpatient,evaluation,respiratory,in_network,False,True,True,8,217.37,166.6,0.133,False,True,True,,0
CLM001461,77,United,professional,therapy,orthopedics,in_network,True,True,True,56,466.55,331.72,0.035,False,False,True,,0
CLM001462,46,Cigna,outpatient,therapy,general,out_of_network,True,True,True,23,669.03,396.77,0.255,False,False,True,,0
CLM001463,37,Aetna,outpatient,imaging,oncology,in_network,True,True,True,21,1500.48,1261.78,0.091,False,False,True,,0
CLM001464,37,United,outpatient,pharmacy,cardiology,in_network,False,True,True,20,278.33,176.74,0.142,False,False,True,,0
CLM001465,69,United,professional,pharmacy,orthopedics,in_network,True,True,False,19,247.71,184.8,0.042,False,True,True,coding_mismatch,1
CLM001466,76,United,professional,imaging,orthopedics,in_network,True,False,True,11,4389.25,2929.26,0.139,False,False,True,missing_prior_authorization,1
CLM001467,74,Cigna,outpatient,surgery,respiratory,in_network,True,True,True,18,16366.53,13947.52,0.152,False,False,True,,0
CLM001468,38,Aetna,outpatient,surgery,general,out_of_network,True,False,True,23,9463.68,6925.78,0.065,False,False,True,network_coverage,1
CLM001469,49,Cigna,professional,evaluation,cardiology,in_network,False,True,True,3,502.7,327.67,0.06,False,False,True,,0
CLM001470,58,United,outpatient,therapy,respiratory,in_network,True,False,True,14,479.6,338.85,0.09,False,False,True,,0
CLM001471,68,United,pharmacy,imaging,general,in_network,True,True,True,40,1809.87,1531.76,0.062,True,False,True,,0
CLM001472,53,Humana,outpatient,evaluation,general,in_network,False,True,True,23,388.43,291.89,0.074,False,False,True,,0
CLM001473,65,Humana,inpatient,lab,respiratory,in_network,True,True,True,44,107.79,71.01,0.056,False,False,True,,0
CLM001474,54,Aetna,outpatient,lab,orthopedics,out_of_network,False,True,True,6,233.75,150.7,0.121,False,False,True,,0
CLM001475,21,Humana,outpatient,lab,cardiology,in_network,False,True,True,5,255.3,151.05,0.089,False,False,True,,0
CLM001476,85,Aetna,outpatient,therapy,general,in_network,True,True,True,29,684.85,448.31,0.17,False,False,True,,0
CLM001477,38,Humana,outpatient,therapy,oncology,out_of_network,True,True,True,13,400.79,340.63,0.18,False,True,True,coding_mismatch,1
CLM001478,82,Aetna,pharmacy,surgery,orthopedics,in_network,True,True,True,14,17201.54,13201.23,0.244,False,False,True,,0
CLM001479,52,Cigna,outpatient,lab,respiratory,in_network,False,True,True,18,357.38,269.6,0.01,False,False,True,,0
CLM001480,60,United,outpatient,pharmacy,respiratory,in_network,False,True,True,14,125.4,89.03,0.146,False,False,True,,1
CLM001481,81,Aetna,outpatient,therapy,general,in_network,True,True,False,19,486.4,388.87,0.266,False,False,True,,0
CLM001482,32,Cigna,inpatient,pharmacy,general,out_of_network,True,True,True,33,395.49,339.19,0.042,False,False,False,,0
CLM001483,25,Aetna,professional,therapy,general,in_network,True,False,True,107,832.87,692.5,0.139,False,False,True,,0
CLM001484,31,Humana,outpatient,evaluation,cardiology,in_network,True,True,True,15,182.78,106.38,0.3,False,False,True,,0
CLM001485,77,United,professional,lab,cardiology,out_of_network,True,False,True,51,240.11,184.84,0.086,False,False,True,network_coverage,1
CLM001486,25,Aetna,inpatient,evaluation,orthopedics,out_of_network,True,False,False,2,722.85,507.88,0.38,False,False,True,network_coverage,1
CLM001487,63,Cigna,pharmacy,surgery,respiratory,in_network,True,True,True,21,5525.72,3984.99,0.056,False,False,True,,0
CLM001488,51,Humana,outpatient,imaging,oncology,out_of_network,True,True,True,26,2397.04,1691.91,0.068,False,False,True,,0
CLM001489,24,Aetna,pharmacy,imaging,general,in_network,True,True,False,14,1350.13,1121.7,0.175,False,False,True,,0
CLM001490,31,Cigna,outpatient,imaging,general,in_network,True,False,True,20,1234.46,869.08,0.157,False,False,True,,0
CLM001491,76,Aetna,inpatient,pharmacy,general,in_network,True,True,True,23,67.88,37.46,0.365,False,False,True,,0
CLM001492,50,United,professional,pharmacy,cardiology,in_network,False,True,True,11,315.12,250.41,0.228,False,False,True,,0
CLM001493,61,Cigna,professional,evaluation,respiratory,in_network,False,True,True,31,240.99,153.72,0.125,True,False,True,duplicate_claim,1
CLM001494,43,Cigna,professional,imaging,general,in_network,True,True,False,29,1035.62,557.11,0.132,False,False,True,,0
CLM001495,55,United,outpatient,pharmacy,general,in_network,True,True,True,22,242.29,160.83,0.256,False,True,True,,0
CLM001496,20,Humana,professional,evaluation,orthopedics,in_network,True,True,True,21,336.68,268.64,0.173,False,False,True,,0
CLM001497,89,BlueCross,professional,lab,respiratory,in_network,False,True,True,40,238.37,165.23,0.06,False,True,True,coding_mismatch,1
CLM001498,74,Humana,professional,therapy,oncology,in_network,True,False,True,36,456.09,245.18,0.191,False,False,True,missing_prior_authorization,1
CLM001499,61,BlueCross,outpatient,evaluation,cardiology,out_of_network,False,True,True,15,352.87,297.14,0.522,False,False,True,network_coverage,1
CLM001500,86,Cigna,professional,imaging,orthopedics,in_network,True,True,True,52,1023.3,814.83,0.214,False,False,True,,0
CLM001501,87,United,professional,therapy,orthopedics,out_of_network,True,True,True,29,859.54,526.44,0.072,False,False,True,,0
CLM001502,47,United,pharmacy,evaluation,general,in_network,False,True,False,20,219.54,167.8,0.145,False,False,True,,0
CLM001503,87,United,outpatient,surgery,cardiology,in_network,True,True,True,53,6865.36,5826.65,0.385,False,False,True,,0
CLM001504,40,Cigna,outpatient,lab,cardiology,in_network,False,True,True,5,243.69,142.44,0.099,False,False,True,,0
CLM001505,79,United,professional,therapy,oncology,in_network,True,True,True,14,645.08,538.02,0.046,True,False,True,,0
CLM001506,21,United,outpatient,evaluation,oncology,in_network,False,False,True,54,239.07,139.63,0.095,False,False,True,,0
CLM001507,43,Cigna,professional,pharmacy,oncology,in_network,False,True,True,30,134.89,81.07,0.087,False,False,True,,1
CLM001508,19,Aetna,outpatient,evaluation,cardiology,in_network,False,True,False,33,294.45,198.39,0.167,False,False,True,incomplete_documentation,1
CLM001509,77,Aetna,outpatient,therapy,oncology,in_network,True,False,True,23,325.67,170.79,0.061,False,False,True,missing_prior_authorization,1
CLM001510,63,Humana,professional,therapy,general,in_network,True,True,True,12,460.67,317.03,0.085,False,False,True,,0
CLM001511,22,United,inpatient,therapy,cardiology,in_network,True,True,True,22,177.41,111.05,0.138,False,True,False,coverage_inactive,1
CLM001512,56,United,outpatient,therapy,respiratory,in_network,True,True,True,38,957.38,519.46,0.097,False,False,True,,0
CLM001513,34,BlueCross,professional,imaging,cardiology,in_network,True,True,True,22,1310.93,897.4,0.061,False,False,True,,1
CLM001514,74,United,professional,evaluation,orthopedics,in_network,False,True,True,38,149.81,104.51,0.135,False,False,True,,0
CLM001515,32,United,pharmacy,evaluation,general,in_network,False,True,True,31,258.33,206.44,0.292,False,False,True,,0
CLM001516,57,Cigna,outpatient,therapy,orthopedics,in_network,True,True,True,13,498.97,428.53,0.199,True,False,True,,0
CLM001517,66,BlueCross,inpatient,evaluation,oncology,in_network,True,True,True,31,316.64,262.42,0.159,False,False,True,,1
CLM001518,31,Cigna,pharmacy,evaluation,orthopedics,in_network,False,True,True,42,183.89,106.93,0.276,False,False,False,coverage_inactive,1
CLM001519,21,Humana,inpatient,lab,respiratory,in_network,True,True,True,10,413.98,336.38,0.202,False,False,False,,0
CLM001520,80,United,outpatient,imaging,oncology,in_network,True,True,True,18,1981.55,1531.34,0.108,False,False,True,,0
CLM001521,26,Aetna,outpatient,imaging,oncology,out_of_network,True,True,False,21,1009.19,806.88,0.199,False,False,True,network_coverage,1
CLM001522,81,BlueCross,outpatient,lab,general,in_network,False,True,True,28,274.39,166.73,0.328,False,False,True,,0
CLM001523,35,Aetna,pharmacy,lab,oncology,in_network,False,True,True,69,156.45,120.25,0.145,False,False,True,,0
CLM001524,74,United,professional,imaging,oncology,in_network,True,True,False,13,728.35,548.05,0.085,False,False,True,,0
CLM001525,62,Cigna,professional,surgery,general,in_network,True,False,True,20,6043.47,4178.19,0.018,False,False,True,missing_prior_authorization,1
CLM001526,86,BlueCross,outpatient,surgery,oncology,in_network,True,True,True,13,12705.14,10204.64,0.156,False,False,True,,0
CLM001527,48,BlueCross,outpatient,evaluation,general,in_network,False,True,False,5,210.73,129.47,0.23,False,False,True,,0
CLM001528,81,Aetna,outpatient,evaluation,respiratory,in_network,False,True,False,36,374.16,245.6,0.091,False,False,True,incomplete_documentation,1
CLM001529,53,Cigna,inpatient,lab,general,in_network,True,True,True,67,123.61,81.1,0.104,False,True,True,coding_mismatch,1
CLM001530,51,Humana,outpatient,imaging,oncology,in_network,True,False,True,38,1817.65,1297.6,0.148,False,False,True,missing_prior_authorization,1
CLM001531,79,BlueCross,outpatient,imaging,oncology,in_network,True,True,True,11,1170.68,620.71,0.197,False,False,True,,0
CLM001532,78,Cigna,inpatient,imaging,cardiology,in_network,True,True,False,11,1611.68,1096.43,0.2,False,False,True,,0
CLM001533,20,Humana,outpatient,lab,cardiology,in_network,True,True,True,20,134.65,74.3,0.25,True,False,True,,0
CLM001534,70,BlueCross,professional,imaging,cardiology,out_of_network,True,True,True,14,4722.27,2621.58,0.163,False,False,True,,0
CLM001535,81,Humana,inpatient,lab,respiratory,in_network,True,True,True,12,559.12,436.31,0.269,False,False,True,,0
CLM001536,53,BlueCross,outpatient,pharmacy,orthopedics,in_network,False,True,True,44,61.05,38.55,0.027,False,False,True,,0
CLM001537,62,Cigna,professional,therapy,orthopedics,in_network,True,False,False,46,854.45,494.79,0.166,False,False,True,incomplete_documentation,1
CLM001538,47,United,professional,evaluation,respiratory,out_of_network,False,True,True,18,480.44,378.43,0.082,False,False,True,,0
CLM001539,82,United,professional,imaging,orthopedics,in_network,True,True,True,45,1663.84,959.19,0.183,False,False,True,,0
CLM001540,68,Cigna,outpatient,surgery,cardiology,in_network,True,True,True,45,11022.23,7171.64,0.189,False,False,True,,0
CLM001541,75,BlueCross,professional,pharmacy,oncology,out_of_network,False,True,True,10,393.63,304.26,0.331,False,False,True,,0
CLM001542,23,United,outpatient,lab,oncology,in_network,False,True,True,23,180.74,154.26,0.163,False,False,True,,0
CLM001543,28,Cigna,outpatient,evaluation,cardiology,in_network,False,True,False,6,169.36,128.93,0.264,False,False,True,,0
CLM001544,66,BlueCross,outpatient,pharmacy,orthopedics,out_of_network,False,True,True,13,193.86,146.12,0.262,False,False,True,network_coverage,1
CLM001545,24,Cigna,outpatient,therapy,orthopedics,out_of_network,True,True,True,54,457.57,274.46,0.063,False,False,True,network_coverage,1
CLM001546,48,Cigna,outpatient,lab,respiratory,in_network,False,True,True,65,238.86,179.22,0.161,False,False,True,,0
CLM001547,83,United,outpatient,therapy,orthopedics,in_network,True,True,True,31,481.82,407.5,0.35,True,False,True,,0
CLM001548,45,BlueCross,professional,imaging,cardiology,in_network,True,True,True,45,1069.49,575.78,0.051,False,False,True,,0
CLM001549,21,Aetna,outpatient,imaging,orthopedics,in_network,True,True,True,15,986.91,632.55,0.066,False,False,True,,0
CLM001550,51,Cigna,outpatient,imaging,oncology,in_network,True,True,True,15,1825.46,1096.41,0.175,False,False,True,,0
CLM001551,28,United,inpatient,pharmacy,respiratory,in_network,True,False,True,35,120.35,67.67,0.205,False,False,True,missing_prior_authorization,1
CLM001552,85,Aetna,outpatient,evaluation,cardiology,in_network,False,True,True,20,470.92,295.79,0.148,False,False,True,,0
CLM001553,70,United,outpatient,lab,general,in_network,False,True,True,3,232.19,167.35,0.142,False,False,True,,0
CLM001554,88,Aetna,outpatient,surgery,orthopedics,out_of_network,True,False,True,19,9635.91,6219.8,0.132,False,False,True,network_coverage,1
CLM001555,49,Cigna,outpatient,evaluation,orthopedics,out_of_network,False,True,True,50,288.13,218.29,0.066,False,True,True,coding_mismatch,1
CLM001556,88,Cigna,professional,pharmacy,cardiology,in_network,False,True,True,22,364.33,264.1,0.012,False,False,True,,0
CLM001557,73,Aetna,pharmacy,lab,orthopedics,in_network,False,True,True,46,108.61,60.82,0.238,False,False,True,,0
CLM001558,64,Humana,outpatient,lab,oncology,in_network,False,True,True,5,289.33,166.76,0.022,False,False,True,,0
CLM001559,44,Aetna,professional,evaluation,respiratory,in_network,False,True,True,24,315.58,181.5,0.142,False,False,True,,0
CLM001560,76,Cigna,professional,pharmacy,respiratory,in_network,True,True,True,18,172.97,124.15,0.056,False,False,True,,0
CLM001561,88,Cigna,pharmacy,pharmacy,oncology,in_network,False,True,False,8,109.03,92.01,0.158,False,False,True,incomplete_documentation,1
CLM001562,29,Cigna,professional,lab,cardiology,in_network,False,True,True,23,168.24,118.57,0.099,False,False,True,,1
CLM001563,74,Aetna,pharmacy,imaging,orthopedics,in_network,True,True,True,19,3848.85,3047.34,0.272,False,False,True,,0
CLM001564,56,Cigna,pharmacy,lab,respiratory,in_network,False,True,False,59,389.37,272.27,0.33,False,False,True,,0
CLM001565,45,Humana,professional,lab,respiratory,out_of_network,False,True,True,51,505.7,348.42,0.04,False,False,True,,0
CLM001566,40,Cigna,outpatient,pharmacy,oncology,in_network,False,True,True,20,268.4,215.43,0.167,False,False,False,,0
CLM001567,33,Humana,inpatient,imaging,oncology,in_network,True,True,True,21,1524.52,923.34,0.01,False,False,True,,0
CLM001568,30,Humana,inpatient,evaluation,oncology,in_network,True,True,True,14,644.69,367.88,0.224,False,False,True,,0
CLM001569,34,Aetna,outpatient,pharmacy,general,out_of_network,False,True,False,9,291.16,161.89,0.118,False,False,True,network_coverage,1
CLM001570,68,United,outpatient,pharmacy,oncology,in_network,False,True,True,27,566.13,413.44,0.351,False,False,True,,0
CLM001571,39,United,outpatient,evaluation,oncology,in_network,False,True,True,4,598.89,356.25,0.078,False,False,True,,0
CLM001572,18,United,outpatient,pharmacy,orthopedics,in_network,False,True,True,17,230.14,127.3,0.12,False,False,True,,0
CLM001573,31,United,outpatient,imaging,oncology,in_network,True,True,False,9,1826.62,1511.72,0.043,False,False,True,,0
CLM001574,80,BlueCross,professional,lab,respiratory,in_network,False,True,True,32,233.62,122.04,0.242,False,False,True,,0
CLM001575,46,Humana,inpatient,imaging,general,out_of_network,True,True,True,41,4033.04,3031.37,0.073,False,True,True,coding_mismatch,1
CLM001576,89,Cigna,outpatient,pharmacy,respiratory,in_network,False,False,True,22,151.09,118.1,0.172,False,False,True,,0
CLM001577,39,United,professional,pharmacy,respiratory,in_network,False,True,True,19,264.49,188.95,0.094,False,False,False,coverage_inactive,1
CLM001578,41,United,professional,imaging,respiratory,in_network,True,True,True,44,1444.46,1220.78,0.215,False,False,True,,0
CLM001579,52,Aetna,pharmacy,imaging,cardiology,in_network,True,False,True,14,955.78,782.81,0.225,False,False,True,missing_prior_authorization,1
CLM001580,27,United,professional,lab,orthopedics,in_network,False,True,True,43,290.6,236.65,0.116,False,False,True,,0
CLM001581,29,Humana,pharmacy,surgery,orthopedics,in_network,True,True,True,30,2702.38,2215.36,0.433,False,False,True,,0
CLM001582,74,Cigna,outpatient,evaluation,respiratory,out_of_network,False,True,True,23,683.31,508.52,0.123,False,False,True,,0
CLM001583,36,Cigna,outpatient,imaging,respiratory,in_network,True,True,True,58,2745.63,1525.45,0.066,False,False,True,,0
CLM001584,75,Cigna,outpatient,evaluation,cardiology,in_network,False,True,True,43,267.21,165.29,0.198,False,False,True,,0
CLM001585,38,Humana,professional,therapy,cardiology,out_of_network,True,True,True,7,564.39,450.78,0.296,False,False,True,,0
CLM001586,74,Humana,pharmacy,lab,oncology,in_network,False,True,True,17,220.64,158.9,0.118,False,False,False,coverage_inactive,1
CLM001587,33,Cigna,outpatient,imaging,general,in_network,True,False,True,10,2165.15,1278.7,0.281,False,False,True,missing_prior_authorization,1
CLM001588,68,United,outpatient,pharmacy,cardiology,out_of_network,False,True,False,19,528.64,430.25,0.152,False,False,True,network_coverage,1
CLM001589,34,BlueCross,outpatient,therapy,general,in_network,True,True,True,48,886.3,652.94,0.165,True,False,True,,0
CLM001590,74,Cigna,outpatient,lab,cardiology,in_network,False,True,False,39,408.36,239.99,0.387,False,False,True,incomplete_documentation,1
CLM001591,38,Cigna,outpatient,lab,orthopedics,out_of_network,False,True,True,8,384.48,300.06,0.102,False,False,True,network_coverage,1
CLM001592,80,Aetna,inpatient,pharmacy,respiratory,in_network,True,True,True,15,79.31,45.31,0.194,False,False,True,,0
CLM001593,55,Cigna,pharmacy,evaluation,respiratory,in_network,False,True,True,18,308.72,200.26,0.121,False,False,True,,0
CLM001594,20,United,outpatient,evaluation,general,in_network,False,True,True,30,513.02,359.13,0.406,False,False,True,,0
CLM001595,69,Humana,professional,therapy,cardiology,in_network,True,True,True,32,739.36,490.05,0.046,False,False,True,,0
CLM001596,89,Humana,professional,pharmacy,cardiology,in_network,False,True,True,4,179.7,149.36,0.17,False,False,True,,0
CLM001597,33,Aetna,outpatient,lab,oncology,in_network,False,False,False,50,103.44,59.13,0.175,False,False,True,,0
CLM001598,73,Aetna,outpatient,evaluation,oncology,in_network,False,True,True,19,503.31,357.54,0.099,False,False,True,,0
CLM001599,38,Cigna,professional,lab,orthopedics,out_of_network,False,True,True,46,218.07,131.1,0.336,False,False,True,network_coverage,1
CLM001600,57,BlueCross,outpatient,therapy,respiratory,in_network,True,False,True,8,330.93,200.83,0.085,True,False,True,duplicate_claim,1
CLM001601,31,Aetna,pharmacy,pharmacy,orthopedics,in_network,False,True,True,6,311.91,256.44,0.027,False,False,True,,0
CLM001602,46,Cigna,inpatient,pharmacy,general,in_network,True,True,True,31,211.03,149.26,0.08,False,False,True,,0
CLM001603,69,Humana,professional,therapy,cardiology,in_network,True,False,True,16,736.01,465.01,0.412,False,False,True,missing_prior_authorization,1
CLM001604,89,Humana,professional,therapy,respiratory,in_network,True,True,True,20,263.56,204.03,0.106,False,False,True,,0
CLM001605,37,Aetna,outpatient,pharmacy,oncology,in_network,False,True,True,19,188.39,153.19,0.312,False,False,True,,0
CLM001606,24,Humana,outpatient,pharmacy,cardiology,in_network,False,True,True,29,93.04,69.28,0.307,False,False,True,,0
CLM001607,68,BlueCross,pharmacy,evaluation,respiratory,out_of_network,False,True,False,27,722.34,382.13,0.171,False,False,True,network_coverage,1
CLM001608,73,Aetna,outpatient,imaging,cardiology,in_network,True,True,False,35,1963.54,1316.47,0.197,False,False,True,,0
CLM001609,44,Cigna,outpatient,lab,oncology,in_network,False,True,True,55,155.05,116.47,0.218,False,False,True,,1
CLM001610,27,BlueCross,outpatient,pharmacy,respiratory,out_of_network,False,True,False,80,237.14,182.97,0.203,False,False,True,network_coverage,1
CLM001611,35,Humana,outpatient,evaluation,cardiology,in_network,False,True,True,46,443.45,380.82,0.123,False,False,True,,0
CLM001612,58,Humana,professional,evaluation,orthopedics,in_network,False,True,True,40,215.38,118.62,0.076,False,False,True,,0
CLM001613,27,Humana,professional,evaluation,orthopedics,in_network,False,True,True,23,154.94,119.28,0.169,False,False,True,,0
CLM001614,51,Aetna,outpatient,lab,general,in_network,False,True,False,1,234.29,167.46,0.157,False,False,True,,0
CLM001615,40,BlueCross,professional,lab,orthopedics,in_network,False,True,True,15,337.79,180.99,0.077,False,False,True,,0
CLM001616,25,Cigna,outpatient,evaluation,general,out_of_network,False,True,True,31,290.14,164.48,0.168,False,False,True,,0
CLM001617,21,United,inpatient,lab,oncology,in_network,True,True,True,5,436.45,344.22,0.136,False,False,True,,0
CLM001618,30,Cigna,outpatient,evaluation,general,out_of_network,False,True,True,34,543.76,299.54,0.036,False,True,True,coding_mismatch,1
CLM001619,71,Humana,pharmacy,evaluation,general,in_network,False,True,True,6,602.28,444.46,0.04,False,False,True,,0
CLM001620,44,BlueCross,inpatient,evaluation,orthopedics,in_network,True,True,True,14,209.67,137.09,0.053,False,False,True,,0
CLM001621,40,BlueCross,outpatient,lab,oncology,in_network,True,True,True,18,151.65,126.75,0.175,True,False,True,,0
CLM001622,41,Humana,outpatient,evaluation,respiratory,in_network,False,True,True,11,249.21,176.06,0.315,False,False,True,,0
CLM001623,18,United,professional,imaging,cardiology,in_network,True,True,True,14,2616.02,2076.64,0.096,False,False,True,,0
CLM001624,34,Aetna,inpatient,imaging,respiratory,in_network,True,True,False,33,1398.53,865.34,0.283,False,False,False,coverage_inactive,1
CLM001625,77,Cigna,outpatient,lab,oncology,in_network,False,True,True,37,218.51,121.93,0.178,False,False,False,coverage_inactive,1
CLM001626,53,Humana,professional,imaging,cardiology,in_network,True,True,True,37,2508.47,1974.44,0.251,False,True,True,coding_mismatch,1
CLM001627,69,Aetna,outpatient,pharmacy,general,in_network,False,True,True,36,112.7,93.65,0.052,False,False,True,,0
CLM001628,60,Humana,outpatient,pharmacy,orthopedics,in_network,False,False,False,45,219.55,142.62,0.077,False,False,True,,0
CLM001629,19,Cigna,outpatient,imaging,general,in_network,True,True,True,44,1295.97,1035.18,0.14,False,False,True,,0
CLM001630,69,Cigna,outpatient,evaluation,orthopedics,in_network,False,True,True,50,693.49,374.33,0.116,False,False,True,,0
CLM001631,53,Cigna,outpatient,therapy,oncology,in_network,True,True,True,32,747.07,476.11,0.086,False,False,True,,0
CLM001632,41,United,professional,evaluation,orthopedics,in_network,False,True,True,47,269.48,144.74,0.066,False,True,True,coding_mismatch,1
CLM001633,23,Aetna,professional,pharmacy,general,in_network,False,True,True,64,420.77,239.18,0.11,False,False,True,,0
CLM001634,64,BlueCross,professional,therapy,general,in_network,True,True,True,10,529.67,394.67,0.064,False,False,True,,0
CLM001635,59,BlueCross,pharmacy,imaging,respiratory,in_network,True,True,True,37,1760.36,1258.39,0.136,False,False,True,,0
CLM001636,61,United,outpatient,imaging,general,in_network,True,True,True,7,1620.62,1369.2,0.112,False,False,True,,0
CLM001637,60,Cigna,outpatient,therapy,respiratory,out_of_network,True,True,True,29,1420.12,945.34,0.264,False,False,True,,0
CLM001638,68,Aetna,pharmacy,pharmacy,orthopedics,in_network,False,True,True,13,65.78,48.02,0.109,False,False,True,,0
CLM001639,74,Aetna,outpatient,therapy,general,in_network,True,True,True,46,621.03,506.52,0.033,False,False,True,,0
CLM001640,86,United,professional,lab,oncology,in_network,False,True,True,35,661.53,406.91,0.014,False,False,True,,0
CLM001641,87,Aetna,professional,imaging,orthopedics,in_network,True,True,True,39,767.31,610.73,0.197,False,False,True,,0
CLM001642,82,Aetna,inpatient,pharmacy,cardiology,in_network,True,True,True,18,125.74,94.36,0.222,False,False,True,,1
CLM001643,89,Cigna,outpatient,lab,respiratory,in_network,False,True,True,59,265.19,218.98,0.223,False,False,True,,0
CLM001644,78,Cigna,outpatient,evaluation,orthopedics,in_network,False,True,True,21,592.26,474.16,0.352,False,False,True,,1
CLM001645,46,BlueCross,outpatient,evaluation,respiratory,in_network,False,True,True,13,391.19,284.53,0.119,False,True,True,,0
CLM001646,69,Aetna,outpatient,surgery,cardiology,in_network,True,True,True,18,8361.67,6751.07,0.127,False,False,True,,0
CLM001647,58,Aetna,outpatient,imaging,respiratory,in_network,True,True,True,12,1348.24,901.68,0.275,False,False,True,,0
CLM001648,38,Cigna,professional,lab,respiratory,in_network,False,True,False,16,202.37,119.37,0.181,False,False,True,,0
CLM001649,18,United,pharmacy,lab,oncology,out_of_network,False,True,True,21,261.29,153.74,0.194,False,False,True,,0
CLM001650,28,Aetna,professional,evaluation,respiratory,out_of_network,False,True,True,55,245.91,164.06,0.16,False,False,True,network_coverage,1
CLM001651,88,Cigna,outpatient,evaluation,general,in_network,False,True,False,7,873.98,600.46,0.036,False,False,True,incomplete_documentation,1
CLM001652,68,Aetna,outpatient,surgery,general,in_network,True,False,True,16,9975.78,8227.19,0.206,False,False,True,,0
CLM001653,80,Humana,outpatient,therapy,oncology,in_network,True,True,False,37,309.2,252.17,0.272,False,False,True,,0
CLM001654,60,Aetna,inpatient,imaging,general,in_network,True,True,True,26,2246.62,1528.27,0.228,False,False,True,,0
CLM001655,28,BlueCross,pharmacy,surgery,general,in_network,True,False,True,37,3224.08,1750.48,0.195,False,False,True,missing_prior_authorization,1
CLM001656,58,Aetna,outpatient,evaluation,cardiology,in_network,False,True,True,67,187.91,134.99,0.205,False,False,True,,0
CLM001657,84,Humana,outpatient,evaluation,orthopedics,in_network,True,True,True,23,384.62,285.39,0.248,False,False,True,,0
CLM001658,68,Humana,professional,evaluation,respiratory,in_network,False,True,False,12,328.78,243.35,0.317,False,False,True,incomplete_documentation,1
CLM001659,39,Aetna,outpatient,imaging,oncology,in_network,True,True,True,23,1748.08,1084.15,0.234,False,False,True,,0
CLM001660,63,Cigna,inpatient,therapy,cardiology,in_network,True,True,True,18,323.27,231.39,0.092,False,False,True,,0
CLM001661,63,BlueCross,outpatient,lab,oncology,in_network,False,True,True,17,196.26,162.83,0.178,False,False,True,,0
CLM001662,34,Aetna,professional,pharmacy,orthopedics,out_of_network,False,True,True,12,240.83,169.09,0.125,False,False,True,,0
CLM001663,53,Aetna,professional,evaluation,respiratory,in_network,False,True,True,49,232.14,172.2,0.304,False,False,True,,0
CLM001664,83,United,outpatient,pharmacy,oncology,in_network,False,True,True,6,117.82,64.31,0.194,False,False,True,,0
CLM001665,58,Humana,pharmacy,imaging,cardiology,in_network,True,True,True,43,2732.3,1864.22,0.14,False,False,True,,0
CLM001666,81,Humana,professional,lab,cardiology,in_network,False,True,False,37,148.48,102.99,0.314,False,False,True,,0
CLM001667,68,BlueCross,professional,evaluation,orthopedics,in_network,False,True,True,5,298.77,173.67,0.098,False,False,True,,0
CLM001668,27,BlueCross,outpatient,lab,cardiology,in_network,False,True,True,30,154.03,128.37,0.292,False,False,True,,0
CLM001669,57,Humana,inpatient,evaluation,general,in_network,True,False,True,8,254.59,148.33,0.068,False,False,True,missing_prior_authorization,1
CLM001670,60,Cigna,professional,therapy,orthopedics,in_network,True,False,True,22,253.77,194.18,0.21,True,False,True,duplicate_claim,1
CLM001671,65,Aetna,outpatient,pharmacy,respiratory,out_of_network,False,True,True,22,147.22,111.44,0.065,False,True,True,coding_mismatch,1
CLM001672,83,Cigna,professional,imaging,cardiology,out_of_network,True,True,True,14,1550.51,1137.17,0.165,False,False,True,network_coverage,1
CLM001673,44,Cigna,professional,pharmacy,oncology,in_network,True,True,False,21,167.64,92.89,0.185,False,False,True,,0
CLM001674,66,Cigna,inpatient,lab,general,in_network,True,True,True,56,268.4,188.96,0.175,False,False,True,,1
CLM001675,78,Cigna,professional,lab,respiratory,in_network,False,True,True,7,611.77,458.85,0.242,False,False,True,,0
CLM001676,55,United,pharmacy,therapy,orthopedics,out_of_network,True,True,True,20,726.1,615.25,0.078,False,False,True,,0
CLM001677,20,BlueCross,professional,surgery,respiratory,in_network,True,True,False,7,7318.35,5339.05,0.054,False,False,True,,0
CLM001678,83,Cigna,outpatient,pharmacy,oncology,in_network,False,True,True,80,67.16,40.27,0.149,False,False,True,,0
CLM001679,33,United,professional,pharmacy,orthopedics,out_of_network,False,True,True,14,146.11,119.9,0.035,False,False,True,network_coverage,1
CLM001680,73,United,outpatient,pharmacy,general,in_network,False,True,True,13,430.04,316.55,0.194,False,False,True,,0
CLM001681,71,United,professional,pharmacy,general,in_network,False,True,True,88,269.33,230.29,0.167,False,False,True,,0
CLM001682,65,Humana,professional,evaluation,oncology,in_network,True,True,True,33,386.39,281.2,0.162,False,False,True,,0
CLM001683,73,Aetna,professional,lab,cardiology,in_network,False,True,True,45,304.69,257.94,0.034,False,False,True,,0
CLM001684,49,United,outpatient,evaluation,oncology,in_network,False,True,False,3,197.87,123.94,0.09,False,False,True,incomplete_documentation,1
CLM001685,25,Aetna,inpatient,imaging,oncology,in_network,True,True,True,42,1580.18,1122.18,0.036,False,False,True,,0
CLM001686,73,Cigna,outpatient,evaluation,general,in_network,False,True,True,16,301.26,189.27,0.091,False,False,True,,0
CLM001687,57,Cigna,outpatient,therapy,respiratory,out_of_network,True,False,False,37,1083.98,601.63,0.093,False,False,True,network_coverage,1
CLM001688,80,Humana,outpatient,evaluation,orthopedics,in_network,False,True,True,39,312.94,257.41,0.188,False,False,True,,1
CLM001689,40,Humana,professional,lab,oncology,in_network,False,True,True,5,165.16,135.8,0.024,False,False,True,,0
CLM001690,29,Humana,outpatient,lab,cardiology,in_network,False,True,True,7,273.02,147.37,0.104,False,False,True,,0
CLM001691,30,BlueCross,professional,imaging,oncology,in_network,True,True,False,9,1104.7,837.79,0.205,False,False,False,,0
CLM001692,68,Humana,pharmacy,lab,oncology,in_network,False,True,True,40,309.54,213.86,0.159,False,False,True,,0
CLM001693,24,Humana,outpatient,lab,oncology,in_network,False,True,True,8,240.16,144.04,0.053,True,False,True,,0
CLM001694,68,Aetna,professional,surgery,oncology,in_network,True,True,True,5,14285.89,10941.27,0.092,False,False,True,,0
CLM001695,35,Humana,professional,surgery,oncology,out_of_network,True,False,False,11,8120.13,5697.92,0.211,False,True,True,coding_mismatch,1
CLM001696,28,Aetna,outpatient,therapy,respiratory,in_network,True,True,True,4,981.68,515.76,0.101,False,False,True,,0
CLM001697,43,Cigna,outpatient,lab,oncology,in_network,False,True,True,23,284.37,194.96,0.368,False,False,True,,0
CLM001698,79,BlueCross,professional,evaluation,cardiology,in_network,False,True,False,14,339.74,224.23,0.015,False,False,True,,0
CLM001699,22,BlueCross,pharmacy,imaging,respiratory,in_network,True,True,True,11,2118.8,1615.44,0.224,False,False,True,,0
CLM001700,80,BlueCross,professional,therapy,respiratory,out_of_network,True,True,True,53,899.91,557.74,0.102,False,False,True,,0
CLM001701,83,United,pharmacy,imaging,respiratory,in_network,True,True,True,23,1812.65,1390.32,0.05,False,False,True,,0
CLM001702,27,United,pharmacy,therapy,respiratory,in_network,True,True,True,26,596.88,331.64,0.127,False,False,True,,0
CLM001703,43,Humana,outpatient,therapy,cardiology,in_network,True,True,True,21,672.02,571.86,0.182,False,False,True,,0
CLM001704,70,Humana,professional,evaluation,general,in_network,False,True,True,31,300.59,177.12,0.102,False,False,True,,0
CLM001705,51,BlueCross,outpatient,lab,general,in_network,False,False,True,49,310.58,241.01,0.265,False,True,True,coding_mismatch,1
CLM001706,34,Aetna,pharmacy,therapy,cardiology,in_network,True,True,True,24,382.71,252.85,0.129,False,False,True,,0
CLM001707,56,Cigna,inpatient,surgery,orthopedics,in_network,True,True,True,36,6456.22,4303.06,0.139,False,False,True,,0
CLM001708,34,Cigna,outpatient,lab,orthopedics,in_network,True,True,True,24,189.65,161.24,0.231,False,False,True,,0
CLM001709,18,BlueCross,professional,lab,general,in_network,False,True,True,16,109.55,78.07,0.095,False,False,True,,0
CLM001710,27,BlueCross,outpatient,evaluation,general,in_network,False,True,False,30,192.65,150.51,0.287,False,False,True,incomplete_documentation,1
CLM001711,83,Aetna,professional,lab,orthopedics,in_network,False,True,True,60,205.7,162.52,0.03,True,False,False,duplicate_claim,1
CLM001712,67,United,outpatient,evaluation,respiratory,in_network,False,True,True,43,162.57,127.68,0.231,False,False,True,,0
CLM001713,77,BlueCross,pharmacy,lab,orthopedics,in_network,False,True,True,7,199.52,110.09,0.308,False,False,True,,0
CLM001714,83,United,pharmacy,surgery,cardiology,in_network,True,True,False,31,13392.38,9440.54,0.323,False,False,True,,0
CLM001715,30,Humana,outpatient,surgery,orthopedics,in_network,True,True,True,11,7944.98,6498.35,0.069,False,False,True,,0
CLM001716,59,Aetna,professional,imaging,cardiology,in_network,True,True,True,28,1134.29,845.0,0.186,False,False,True,,0
CLM001717,42,Aetna,outpatient,therapy,general,in_network,True,True,True,6,451.47,275.01,0.184,False,False,True,,1
CLM001718,36,Cigna,professional,evaluation,respiratory,in_network,False,True,True,26,102.95,68.55,0.086,False,False,True,,0
CLM001719,43,Aetna,professional,evaluation,cardiology,in_network,True,True,True,12,351.69,219.23,0.025,False,False,True,,0
CLM001720,31,United,professional,lab,oncology,in_network,False,True,False,24,325.82,206.55,0.111,False,False,True,,0
CLM001721,58,United,inpatient,surgery,orthopedics,in_network,True,True,True,17,14025.59,9408.4,0.125,False,False,True,,0
CLM001722,30,Humana,outpatient,evaluation,oncology,in_network,False,True,True,20,268.88,159.08,0.209,False,False,True,,0
CLM001723,26,BlueCross,professional,imaging,general,in_network,True,False,True,62,2615.71,1920.69,0.068,False,False,True,,0
CLM001724,32,United,outpatient,lab,general,in_network,False,True,True,28,265.35,169.68,0.105,False,False,True,,0
CLM001725,62,Humana,outpatient,evaluation,general,in_network,False,True,True,21,521.43,274.39,0.065,False,False,True,,1
CLM001726,57,BlueCross,inpatient,lab,orthopedics,in_network,True,True,True,53,205.21,120.49,0.217,False,False,True,,0
CLM001727,77,United,outpatient,imaging,cardiology,out_of_network,True,True,True,44,3497.85,2992.36,0.243,False,False,True,,0
CLM001728,89,BlueCross,professional,surgery,cardiology,in_network,True,False,True,13,7344.33,5850.13,0.22,False,False,False,coverage_inactive,1
CLM001729,34,Cigna,inpatient,therapy,cardiology,out_of_network,True,True,True,59,771.84,530.42,0.122,False,False,True,,0
CLM001730,85,Humana,outpatient,imaging,respiratory,in_network,True,True,True,6,1366.26,1099.13,0.09,False,False,True,,0
CLM001731,38,United,pharmacy,evaluation,respiratory,in_network,False,True,True,12,191.23,119.85,0.162,False,False,True,,0
CLM001732,24,Aetna,inpatient,lab,general,in_network,True,False,False,29,477.17,305.89,0.067,False,False,True,,0
CLM001733,76,BlueCross,professional,lab,cardiology,in_network,False,True,True,31,204.3,142.42,0.188,False,False,True,,0
CLM001734,32,United,outpatient,surgery,orthopedics,in_network,True,True,True,57,5328.15,3159.3,0.107,False,False,True,,1
CLM001735,37,Cigna,professional,evaluation,respiratory,in_network,False,True,True,21,230.2,183.78,0.209,False,False,True,,0
CLM001736,67,Humana,professional,lab,respiratory,out_of_network,False,True,False,58,459.98,312.59,0.172,False,False,True,network_coverage,1
CLM001737,75,Humana,pharmacy,evaluation,oncology,in_network,False,False,True,93,695.71,384.9,0.301,False,False,True,,1
CLM001738,67,BlueCross,outpatient,lab,cardiology,out_of_network,False,True,True,15,214.74,128.61,0.066,False,False,True,,0
CLM001739,28,BlueCross,outpatient,imaging,oncology,out_of_network,True,False,True,23,2233.55,1591.93,0.13,False,False,True,network_coverage,1
CLM001740,33,Cigna,professional,lab,cardiology,in_network,True,True,True,13,190.37,138.09,0.08,False,False,True,,0
CLM001741,55,Aetna,outpatient,therapy,oncology,in_network,True,True,False,13,169.34,132.07,0.189,False,False,True,,0
CLM001742,86,Humana,outpatient,lab,general,in_network,False,True,True,25,327.59,215.14,0.062,False,False,True,,0
CLM001743,30,Aetna,inpatient,evaluation,cardiology,out_of_network,True,True,True,17,283.44,212.91,0.097,False,False,True,,0
CLM001744,60,United,pharmacy,pharmacy,cardiology,in_network,False,True,True,13,266.13,159.05,0.18,False,False,True,,0
CLM001745,89,Humana,professional,evaluation,respiratory,in_network,False,True,True,16,430.35,313.39,0.257,False,False,True,,1
CLM001746,56,BlueCross,professional,therapy,cardiology,in_network,True,False,True,15,399.49,260.25,0.31,False,False,True,missing_prior_authorization,1
CLM001747,37,Aetna,professional,therapy,general,in_network,True,True,True,28,575.79,452.42,0.166,False,False,True,,1
CLM001748,77,Humana,outpatient,evaluation,respiratory,out_of_network,False,True,False,9,664.89,548.51,0.174,False,False,True,network_coverage,1
CLM001749,30,Cigna,outpatient,lab,oncology,in_network,False,True,True,40,110.55,85.35,0.14,False,False,True,,0
CLM001750,45,Aetna,outpatient,evaluation,orthopedics,in_network,False,True,True,43,386.58,283.28,0.024,False,True,True,coding_mismatch,1
CLM001751,31,Cigna,professional,evaluation,orthopedics,in_network,True,False,True,1,417.37,235.14,0.073,False,False,True,,0
CLM001752,69,United,outpatient,surgery,orthopedics,in_network,True,True,True,41,8355.88,6192.1,0.092,False,False,True,,0
CLM001753,88,Humana,pharmacy,pharmacy,general,in_network,False,True,True,16,397.36,279.76,0.168,False,False,True,,1
CLM001754,84,Humana,professional,evaluation,respiratory,in_network,False,True,True,17,370.3,196.22,0.01,False,False,True,,0
CLM001755,23,Cigna,outpatient,lab,orthopedics,in_network,False,True,True,29,649.07,365.09,0.202,False,False,True,,0
CLM001756,86,Aetna,outpatient,pharmacy,cardiology,in_network,False,True,True,16,377.9,240.69,0.038,False,False,True,,0
CLM001757,60,United,inpatient,imaging,oncology,in_network,True,True,True,26,3099.68,2119.96,0.119,False,False,True,,0
CLM001758,20,Humana,pharmacy,imaging,respiratory,in_network,True,True,True,26,1907.41,1589.43,0.268,False,False,True,,0
CLM001759,27,Cigna,pharmacy,lab,respiratory,in_network,True,True,True,23,403.8,236.97,0.214,False,False,True,,1
CLM001760,23,Humana,pharmacy,therapy,orthopedics,out_of_network,True,False,True,39,590.27,316.85,0.116,False,False,True,network_coverage,1
CLM001761,51,BlueCross,outpatient,lab,oncology,out_of_network,False,True,True,26,835.41,643.31,0.158,False,False,True,network_coverage,1
CLM001762,68,Humana,outpatient,pharmacy,cardiology,in_network,True,True,True,8,119.92,92.0,0.265,False,False,True,,0
CLM001763,50,United,outpatient,surgery,oncology,in_network,True,True,False,35,20988.95,16482.92,0.136,False,False,True,,0
CLM001764,18,BlueCross,inpatient,lab,respiratory,in_network,True,False,True,6,224.18,175.04,0.076,False,False,True,missing_prior_authorization,1
CLM001765,39,Aetna,inpatient,evaluation,orthopedics,out_of_network,True,False,False,66,247.58,179.64,0.154,False,False,True,network_coverage,1
CLM001766,65,Humana,inpatient,imaging,orthopedics,out_of_network,True,True,True,12,2430.26,1678.63,0.267,False,False,True,,0
CLM001767,52,United,pharmacy,evaluation,oncology,in_network,False,True,False,12,326.3,183.52,0.123,True,False,True,duplicate_claim,1
CLM001768,77,United,inpatient,lab,general,in_network,True,True,True,61,320.55,259.98,0.016,False,False,True,,0
CLM001769,72,United,inpatient,pharmacy,respiratory,in_network,True,True,True,21,475.29,365.53,0.063,False,False,True,,0
CLM001770,24,BlueCross,professional,evaluation,general,in_network,False,True,True,19,200.96,160.31,0.041,False,False,True,,0
CLM001771,69,United,professional,imaging,cardiology,out_of_network,True,True,False,18,3711.79,3191.58,0.131,False,False,True,network_coverage,1
CLM001772,19,BlueCross,professional,imaging,general,out_of_network,True,True,False,21,2593.38,2206.26,0.122,False,False,True,network_coverage,1
CLM001773,20,Cigna,professional,imaging,cardiology,out_of_network,True,True,True,57,2715.97,1648.66,0.067,False,False,True,,0
CLM001774,54,United,pharmacy,pharmacy,orthopedics,in_network,True,True,True,16,88.01,71.37,0.115,True,True,True,duplicate_claim,1
CLM001775,88,United,professional,evaluation,oncology,in_network,False,False,False,58,427.75,325.72,0.161,False,False,True,incomplete_documentation,1
CLM001776,89,Humana,outpatient,lab,orthopedics,out_of_network,False,True,True,28,537.09,443.41,0.097,False,False,True,,0
CLM001777,73,Cigna,professional,surgery,general,in_network,True,True,True,50,23177.72,19679.7,0.082,False,False,True,,0
CLM001778,56,Cigna,outpatient,evaluation,general,in_network,False,True,True,17,168.62,108.83,0.036,False,True,True,,0
CLM001779,71,United,outpatient,surgery,oncology,in_network,True,False,True,46,8091.25,5528.76,0.058,False,False,True,,0
CLM001780,88,United,outpatient,evaluation,oncology,in_network,False,True,True,11,1184.61,674.3,0.169,False,False,True,,0
CLM001781,89,BlueCross,outpatient,evaluation,respiratory,in_network,False,True,True,28,133.38,69.69,0.239,False,False,True,,0
CLM001782,68,Aetna,professional,lab,respiratory,out_of_network,True,False,True,10,552.16,443.67,0.189,False,False,True,network_coverage,1
CLM001783,32,United,outpatient,therapy,oncology,in_network,True,True,False,15,564.78,464.67,0.18,False,False,True,,0
CLM001784,39,United,inpatient,surgery,general,in_network,True,True,True,10,6973.67,3922.56,0.153,False,False,True,,0
CLM001785,42,Aetna,outpatient,lab,cardiology,in_network,False,True,True,48,203.72,115.91,0.224,False,False,True,,0
CLM001786,35,Cigna,professional,pharmacy,orthopedics,in_network,False,True,True,27,627.67,357.17,0.129,False,True,True,coding_mismatch,1
CLM001787,86,Cigna,outpatient,evaluation,cardiology,in_network,False,True,True,40,510.45,321.87,0.143,False,False,True,,0
CLM001788,61,Aetna,professional,evaluation,cardiology,in_network,True,True,True,40,321.93,268.82,0.111,False,False,True,,0
CLM001789,47,Humana,professional,therapy,cardiology,in_network,True,True,True,9,351.26,233.95,0.286,False,False,True,,0
CLM001790,41,United,inpatient,surgery,respiratory,in_network,True,True,True,32,14191.2,10410.99,0.032,False,True,True,coding_mismatch,1
CLM001791,76,BlueCross,professional,evaluation,general,in_network,False,True,True,72,299.44,185.19,0.283,False,False,True,,0
CLM001792,35,Humana,outpatient,therapy,oncology,in_network,True,True,True,21,333.93,180.35,0.252,False,True,True,,0
CLM001793,70,Aetna,outpatient,imaging,oncology,in_network,True,True,True,29,1257.81,844.86,0.213,True,False,True,duplicate_claim,1
CLM001794,46,BlueCross,professional,lab,orthopedics,in_network,True,True,True,50,297.51,201.35,0.112,False,False,True,,0
CLM001795,21,Cigna,pharmacy,evaluation,cardiology,in_network,False,True,True,19,317.0,211.05,0.087,False,False,True,,1
CLM001796,56,United,outpatient,evaluation,oncology,in_network,False,True,True,43,770.94,461.41,0.071,False,False,True,,0
CLM001797,25,United,outpatient,surgery,cardiology,in_network,True,True,False,35,13600.25,8848.79,0.056,False,False,True,,0
CLM001798,84,United,outpatient,evaluation,respiratory,in_network,False,True,True,25,300.15,159.28,0.287,False,False,True,,0
CLM001799,33,United,outpatient,lab,oncology,in_network,False,True,False,30,349.13,278.27,0.323,False,True,True,coding_mismatch,1
CLM001800,86,United,professional,surgery,orthopedics,in_network,True,True,True,11,8193.18,5758.34,0.084,False,False,True,,0
CLM001801,65,BlueCross,professional,surgery,cardiology,in_network,True,True,True,83,8676.93,7013.34,0.085,False,True,True,,0
CLM001802,70,Aetna,professional,evaluation,orthopedics,in_network,False,True,True,21,342.79,276.18,0.322,False,True,True,coding_mismatch,1
CLM001803,26,United,inpatient,lab,cardiology,in_network,True,False,False,30,195.65,147.45,0.362,False,False,True,incomplete_documentation,1
CLM001804,35,Aetna,professional,therapy,respiratory,in_network,True,True,False,8,824.41,548.18,0.267,True,True,True,duplicate_claim,1
CLM001805,18,Cigna,professional,surgery,oncology,in_network,True,True,True,36,15149.39,8903.82,0.094,False,False,True,,0
CLM001806,51,Humana,professional,evaluation,respiratory,out_of_network,False,True,True,23,297.39,199.79,0.221,False,False,True,,0
CLM001807,38,Aetna,inpatient,evaluation,oncology,in_network,True,False,True,28,733.69,524.45,0.069,False,False,True,,0
CLM001808,25,United,outpatient,lab,general,in_network,False,True,True,17,303.39,203.28,0.09,False,True,True,coding_mismatch,1
CLM001809,40,BlueCross,outpatient,pharmacy,respiratory,in_network,False,True,True,36,76.13,59.59,0.047,False,False,True,,0
CLM001810,59,BlueCross,inpatient,imaging,cardiology,in_network,True,False,True,40,1509.55,1246.13,0.101,False,False,True,,0
CLM001811,56,BlueCross,outpatient,imaging,cardiology,out_of_network,True,True,True,17,2446.05,2002.27,0.076,False,False,True,,0
CLM001812,64,Cigna,outpatient,therapy,general,out_of_network,True,False,True,12,484.49,327.2,0.26,False,False,True,network_coverage,1
CLM001813,77,Cigna,professional,evaluation,orthopedics,out_of_network,False,True,True,12,1344.82,1101.5,0.171,False,False,True,network_coverage,1
CLM001814,46,Aetna,outpatient,surgery,respiratory,in_network,True,False,True,52,6189.6,4240.36,0.164,False,False,True,,0
CLM001815,81,Aetna,professional,therapy,respiratory,out_of_network,True,True,True,15,850.38,542.66,0.037,False,False,True,,0
CLM001816,33,Cigna,outpatient,lab,respiratory,in_network,False,True,True,47,175.35,141.49,0.116,False,False,True,,0
CLM001817,55,BlueCross,professional,therapy,orthopedics,out_of_network,True,True,True,26,494.82,373.41,0.012,False,False,True,,0
CLM001818,89,Humana,outpatient,evaluation,orthopedics,in_network,False,True,True,19,354.53,236.22,0.08,False,False,True,,1
CLM001819,18,United,outpatient,pharmacy,oncology,out_of_network,False,True,True,5,182.79,114.84,0.115,False,False,True,,0
CLM001820,20,Aetna,professional,lab,cardiology,in_network,False,True,True,72,204.12,114.55,0.15,False,False,True,,0
CLM001821,57,Aetna,pharmacy,evaluation,orthopedics,in_network,False,True,True,24,249.14,151.61,0.064,False,False,True,,0
CLM001822,70,Humana,outpatient,therapy,oncology,out_of_network,True,True,True,18,321.21,174.37,0.057,False,False,True,,0
CLM001823,27,Aetna,outpatient,lab,orthopedics,in_network,False,True,True,25,206.57,135.45,0.153,False,True,True,,0
CLM001824,67,Humana,professional,surgery,orthopedics,out_of_network,True,True,True,28,31841.91,20602.49,0.162,False,False,True,,0
CLM001825,20,Cigna,professional,pharmacy,general,in_network,False,True,True,15,150.71,101.17,0.109,False,False,True,,0
CLM001826,58,Cigna,inpatient,surgery,orthopedics,in_network,True,True,True,20,8962.06,6490.28,0.217,False,False,True,,0
CLM001827,32,Humana,outpatient,evaluation,general,in_network,True,True,True,10,350.89,263.41,0.084,False,False,True,,0
CLM001828,31,United,outpatient,imaging,general,in_network,True,True,True,15,2975.32,2013.79,0.079,False,False,True,,0
CLM001829,88,Aetna,pharmacy,evaluation,respiratory,in_network,False,True,True,23,410.03,327.23,0.336,False,False,True,,0
CLM001830,79,Aetna,outpatient,surgery,cardiology,in_network,True,True,True,8,6137.46,3726.59,0.188,False,False,True,,0
CLM001831,43,Humana,outpatient,pharmacy,orthopedics,in_network,False,True,True,21,90.43,47.66,0.104,False,False,True,,0
CLM001832,61,Aetna,pharmacy,evaluation,general,in_network,False,True,True,20,220.42,133.42,0.115,False,False,True,,0
CLM001833,88,Cigna,outpatient,imaging,cardiology,in_network,True,True,True,16,1430.79,772.05,0.162,False,False,True,,0
CLM001834,66,Cigna,outpatient,evaluation,oncology,out_of_network,False,True,True,43,266.39,204.69,0.026,False,True,True,,0
CLM001835,70,BlueCross,outpatient,therapy,oncology,out_of_network,True,True,False,10,1196.1,799.78,0.266,False,False,True,network_coverage,1
CLM001836,69,Cigna,inpatient,lab,general,in_network,True,True,True,26,204.19,140.38,0.073,False,False,True,,0
CLM001837,54,Aetna,inpatient,surgery,general,in_network,True,True,True,15,16884.17,8899.28,0.078,False,False,True,,0
CLM001838,26,BlueCross,outpatient,evaluation,orthopedics,in_network,False,True,True,27,281.63,168.64,0.249,False,False,True,,1
CLM001839,19,Aetna,professional,evaluation,oncology,in_network,False,True,True,26,230.23,141.97,0.298,False,False,True,,0
CLM001840,51,United,professional,lab,respiratory,out_of_network,False,True,True,86,207.41,144.43,0.241,False,False,True,network_coverage,1
CLM001841,59,United,inpatient,evaluation,general,in_network,True,False,False,107,420.88,277.84,0.231,False,True,True,coding_mismatch,1
CLM001842,74,BlueCross,outpatient,surgery,oncology,in_network,True,True,True,14,16338.92,10973.68,0.166,False,False,True,,0
CLM001843,20,Aetna,inpatient,imaging,cardiology,in_network,True,True,True,22,1656.52,980.48,0.112,False,False,True,,0
CLM001844,46,BlueCross,pharmacy,therapy,general,in_network,True,True,False,14,283.4,179.36,0.154,False,True,True,coding_mismatch,1
CLM001845,43,United,outpatient,imaging,oncology,in_network,True,True,True,26,1405.52,890.24,0.04,False,False,True,,0
CLM001846,70,United,professional,surgery,cardiology,in_network,True,True,True,14,8499.62,5683.58,0.169,False,False,False,,0
CLM001847,58,Humana,outpatient,therapy,cardiology,in_network,True,True,True,14,184.03,151.58,0.285,False,True,True,coding_mismatch,1
CLM001848,45,United,professional,lab,orthopedics,in_network,False,True,True,18,242.54,198.36,0.154,False,False,True,,0
CLM001849,69,Aetna,outpatient,surgery,respiratory,in_network,True,False,True,18,13715.83,11663.49,0.114,False,False,True,missing_prior_authorization,1
CLM001850,75,Cigna,professional,evaluation,general,in_network,False,True,True,3,699.32,577.02,0.19,False,False,True,,0
CLM001851,63,Humana,outpatient,therapy,oncology,in_network,True,True,True,19,704.69,503.94,0.18,False,False,True,,0
CLM001852,78,Aetna,pharmacy,evaluation,cardiology,in_network,False,True,True,74,163.92,109.47,0.089,False,False,True,,0
CLM001853,56,Cigna,outpatient,therapy,general,in_network,True,True,True,14,329.49,195.06,0.525,False,True,True,,0
CLM001854,78,BlueCross,professional,therapy,respiratory,in_network,True,True,True,42,745.08,572.24,0.211,False,False,True,,1
CLM001855,70,Aetna,professional,surgery,oncology,in_network,True,True,True,33,5509.72,4164.54,0.071,False,True,True,coding_mismatch,1
CLM001856,65,BlueCross,pharmacy,evaluation,cardiology,in_network,True,True,False,18,440.82,289.95,0.116,True,False,True,duplicate_claim,1
CLM001857,52,United,outpatient,surgery,general,in_network,True,True,False,12,7399.12,6345.24,0.099,False,False,True,,0
CLM001858,54,Cigna,outpatient,surgery,cardiology,in_network,True,True,True,10,8949.1,4741.43,0.205,False,False,True,,0
CLM001859,66,Aetna,outpatient,evaluation,respiratory,in_network,False,True,True,12,203.01,151.9,0.155,False,False,True,,0
CLM001860,79,Humana,outpatient,evaluation,oncology,in_network,False,True,True,8,393.09,233.66,0.147,False,False,True,,0
CLM001861,70,Cigna,professional,therapy,oncology,in_network,True,True,True,5,402.57,323.44,0.109,False,False,True,,0
CLM001862,45,BlueCross,pharmacy,imaging,oncology,out_of_network,True,True,False,11,4057.03,2980.25,0.131,False,False,True,network_coverage,1
CLM001863,21,BlueCross,pharmacy,imaging,orthopedics,in_network,True,True,True,45,1103.2,852.8,0.172,False,False,True,,0
CLM001864,87,Cigna,outpatient,therapy,oncology,in_network,True,True,True,35,1406.16,855.98,0.181,False,False,True,,1
CLM001865,36,United,professional,evaluation,orthopedics,out_of_network,False,True,True,16,569.6,408.74,0.113,False,False,True,,0
CLM001866,77,Humana,professional,lab,oncology,in_network,False,True,True,48,218.18,160.96,0.044,True,False,True,duplicate_claim,1
CLM001867,25,Cigna,pharmacy,imaging,respiratory,in_network,True,True,True,12,992.26,758.37,0.075,False,False,True,,0
CLM001868,37,BlueCross,outpatient,surgery,respiratory,in_network,True,True,True,7,8464.58,6342.18,0.324,False,False,True,,0
CLM001869,19,Aetna,outpatient,therapy,cardiology,in_network,True,True,False,69,400.21,243.52,0.01,False,False,True,incomplete_documentation,1
CLM001870,45,Aetna,professional,evaluation,general,in_network,False,True,False,27,336.52,251.8,0.147,False,False,True,,0
CLM001871,24,Aetna,outpatient,imaging,cardiology,out_of_network,True,True,True,33,1638.69,1346.8,0.423,False,False,True,,0
CLM001872,82,United,outpatient,imaging,orthopedics,in_network,True,True,True,13,2746.5,2333.64,0.224,False,False,True,,0
CLM001873,47,Cigna,pharmacy,surgery,orthopedics,in_network,True,True,True,15,12797.02,8237.62,0.084,False,False,True,,0
CLM001874,36,Aetna,pharmacy,imaging,orthopedics,out_of_network,True,True,True,16,2860.86,1885.89,0.15,False,False,True,network_coverage,1
CLM001875,40,United,pharmacy,therapy,orthopedics,in_network,True,True,True,35,830.51,524.21,0.099,False,False,False,,0
CLM001876,23,Aetna,professional,imaging,orthopedics,in_network,True,True,False,10,1118.13,877.35,0.122,False,True,True,coding_mismatch,1
CLM001877,32,Humana,outpatient,evaluation,oncology,in_network,False,True,False,12,192.4,128.6,0.045,False,False,True,,0
CLM001878,23,Aetna,outpatient,evaluation,respiratory,in_network,False,True,True,38,401.63,215.08,0.433,True,False,True,,0
CLM001879,18,Cigna,outpatient,pharmacy,general,in_network,False,True,True,101,196.61,151.62,0.083,False,False,True,timely_filing,1
CLM001880,80,Cigna,outpatient,pharmacy,orthopedics,in_network,False,True,True,20,183.04,150.13,0.01,False,False,True,,0
CLM001881,67,United,outpatient,surgery,orthopedics,in_network,True,True,True,10,26752.14,20198.31,0.355,False,False,True,,0
CLM001882,44,Humana,professional,imaging,respiratory,in_network,True,True,True,9,1775.06,948.24,0.164,False,False,True,,0
CLM001883,36,Cigna,outpatient,lab,cardiology,in_network,True,True,True,25,150.11,85.51,0.192,False,False,True,,0
CLM001884,33,Cigna,professional,evaluation,oncology,in_network,False,True,True,54,381.75,231.93,0.32,False,False,True,,0
CLM001885,44,Humana,outpatient,imaging,orthopedics,in_network,True,False,True,42,1672.61,1102.27,0.218,False,False,True,,0
CLM001886,37,Cigna,outpatient,lab,respiratory,in_network,False,True,True,30,173.67,141.22,0.042,False,False,True,,1
CLM001887,76,Humana,inpatient,lab,cardiology,in_network,True,True,True,9,340.4,265.16,0.039,False,False,True,,0
CLM001888,60,Cigna,outpatient,surgery,general,out_of_network,True,True,True,25,7463.55,5019.93,0.133,False,False,True,,0
CLM001889,24,United,professional,evaluation,orthopedics,in_network,False,False,True,6,233.78,170.57,0.171,False,False,True,,0
CLM001890,48,Aetna,outpatient,evaluation,oncology,in_network,False,True,True,59,293.24,233.09,0.138,False,False,True,,0
CLM001891,28,Humana,outpatient,therapy,oncology,in_network,True,True,True,13,404.95,313.97,0.117,False,False,True,,0
CLM001892,28,United,professional,pharmacy,oncology,in_network,False,True,False,17,205.64,158.09,0.039,False,False,True,,0
CLM001893,63,Humana,outpatient,imaging,oncology,in_network,True,True,False,49,967.42,535.47,0.098,False,False,True,,0
CLM001894,53,United,inpatient,imaging,orthopedics,in_network,True,True,True,17,1621.88,1251.51,0.145,False,False,True,,0
CLM001895,31,Cigna,outpatient,lab,respiratory,in_network,False,True,True,61,277.1,228.4,0.093,False,False,True,,0
CLM001896,65,Cigna,outpatient,evaluation,oncology,in_network,False,True,True,0,78.97,42.07,0.115,False,False,False,,0
CLM001897,50,Aetna,professional,therapy,orthopedics,in_network,True,True,True,12,889.45,549.7,0.054,False,False,True,,0
CLM001898,46,BlueCross,outpatient,imaging,orthopedics,out_of_network,True,True,True,36,2288.04,1907.4,0.059,False,False,True,,0
CLM001899,19,Aetna,inpatient,pharmacy,oncology,out_of_network,True,False,True,40,243.13,158.15,0.022,False,False,True,network_coverage,1
CLM001900,62,Humana,inpatient,lab,general,in_network,True,True,False,13,164.13,106.15,0.047,False,False,True,,0
CLM001901,37,Humana,professional,lab,general,in_network,False,True,True,8,325.85,235.26,0.069,False,False,False,,0
CLM001902,68,Aetna,inpatient,therapy,orthopedics,in_network,True,True,True,30,366.8,255.84,0.07,False,False,True,,0
CLM001903,41,United,professional,pharmacy,orthopedics,in_network,False,True,False,21,160.54,128.65,0.181,False,False,True,,0
CLM001904,64,BlueCross,inpatient,evaluation,cardiology,out_of_network,True,True,True,2,396.07,209.77,0.147,False,False,True,,0
CLM001905,62,Humana,professional,pharmacy,oncology,in_network,False,True,True,8,164.0,123.67,0.038,False,True,True,,0
CLM001906,28,United,outpatient,surgery,orthopedics,in_network,True,True,True,36,8192.23,5374.68,0.012,False,False,True,,0
CLM001907,24,United,outpatient,therapy,general,in_network,True,True,True,29,230.92,155.79,0.117,False,False,True,,0
CLM001908,49,Aetna,inpatient,evaluation,oncology,out_of_network,True,False,True,14,548.01,376.85,0.104,False,False,True,network_coverage,1
CLM001909,37,Aetna,professional,therapy,orthopedics,in_network,True,True,True,7,336.51,266.55,0.313,False,False,True,,0
CLM001910,83,Aetna,pharmacy,lab,general,in_network,False,True,True,33,222.62,158.37,0.107,False,False,True,,0
CLM001911,26,United,inpatient,pharmacy,general,in_network,True,True,True,45,156.15,94.31,0.047,False,False,True,,0
CLM001912,29,Cigna,outpatient,imaging,orthopedics,in_network,True,True,True,30,1341.64,844.2,0.145,False,False,True,,0
CLM001913,52,Aetna,pharmacy,lab,cardiology,in_network,False,True,True,10,219.9,177.13,0.341,False,False,True,,0
CLM001914,81,Cigna,outpatient,evaluation,orthopedics,in_network,False,True,True,14,277.75,181.8,0.103,False,False,True,,0
CLM001915,48,Cigna,inpatient,pharmacy,orthopedics,in_network,True,False,True,74,207.54,159.52,0.202,False,False,True,missing_prior_authorization,1
CLM001916,50,Cigna,outpatient,pharmacy,oncology,in_network,False,True,True,24,289.67,212.29,0.116,False,False,True,,1
CLM001917,83,Humana,professional,pharmacy,general,in_network,False,True,True,81,223.75,138.19,0.27,False,False,True,,0
CLM001918,61,Aetna,professional,imaging,general,in_network,True,False,True,15,2182.64,1274.13,0.067,False,False,True,missing_prior_authorization,1
CLM001919,80,BlueCross,professional,pharmacy,respiratory,in_network,False,False,True,20,339.03,255.71,0.269,False,False,True,,0
CLM001920,40,Humana,pharmacy,lab,general,in_network,False,True,True,7,194.54,135.49,0.169,False,False,True,,0
CLM001921,30,United,outpatient,evaluation,cardiology,in_network,False,True,True,9,696.83,538.22,0.304,False,False,True,,0
CLM001922,70,BlueCross,outpatient,lab,cardiology,in_network,False,True,True,7,199.2,152.64,0.094,False,False,True,,0
CLM001923,36,Cigna,outpatient,evaluation,general,in_network,False,True,True,10,187.7,120.06,0.423,False,False,True,,0
CLM001924,30,United,outpatient,therapy,respiratory,in_network,True,True,True,33,537.87,462.13,0.147,False,False,True,,1
CLM001925,62,Humana,outpatient,evaluation,orthopedics,in_network,False,True,False,73,432.77,361.09,0.283,False,False,True,incomplete_documentation,1
CLM001926,72,BlueCross,inpatient,surgery,respiratory,out_of_network,True,True,True,24,30120.23,20257.18,0.16,False,False,True,,0
CLM001927,83,Cigna,outpatient,surgery,cardiology,out_of_network,True,True,True,4,18280.7,11697.05,0.129,False,True,True,,0
CLM001928,28,Aetna,professional,lab,respiratory,in_network,False,True,True,20,424.59,283.84,0.274,False,False,True,,0
CLM001929,81,Cigna,inpatient,imaging,general,in_network,True,True,True,17,2386.12,1353.86,0.133,False,False,False,coverage_inactive,1
CLM001930,30,Cigna,outpatient,evaluation,oncology,in_network,False,False,True,38,258.91,187.42,0.171,False,False,True,,0
CLM001931,67,Aetna,professional,lab,respiratory,out_of_network,False,True,True,8,408.78,342.07,0.108,False,False,True,network_coverage,1
CLM001932,18,BlueCross,professional,therapy,respiratory,in_network,True,True,True,20,368.91,216.21,0.201,False,True,True,,0
CLM001933,55,United,professional,imaging,general,in_network,True,True,True,51,1422.02,1084.66,0.235,False,True,True,coding_mismatch,1
CLM001934,80,Humana,professional,imaging,oncology,in_network,True,True,True,75,1396.68,1014.13,0.265,False,False,True,,0
CLM001935,30,Cigna,professional,therapy,orthopedics,in_network,True,True,True,26,568.42,328.2,0.19,False,False,True,,0
CLM001936,78,BlueCross,inpatient,lab,orthopedics,in_network,True,True,True,31,497.71,343.74,0.168,False,False,True,,0
CLM001937,23,Aetna,outpatient,surgery,orthopedics,in_network,True,True,True,32,16878.26,14412.3,0.227,False,False,True,,0
CLM001938,46,Cigna,professional,surgery,cardiology,in_network,True,False,True,14,9253.88,5768.57,0.37,True,False,True,duplicate_claim,1
CLM001939,31,Cigna,outpatient,surgery,respiratory,out_of_network,True,False,False,37,10594.85,8946.21,0.223,False,False,True,network_coverage,1
CLM001940,18,Aetna,inpatient,therapy,orthopedics,in_network,True,False,True,13,843.51,582.04,0.022,False,False,True,,0
CLM001941,37,United,outpatient,imaging,respiratory,out_of_network,True,True,True,23,2036.72,1691.74,0.037,False,False,True,,0
CLM001942,85,Cigna,outpatient,lab,cardiology,in_network,False,True,False,3,433.45,366.1,0.148,False,False,True,,0
CLM001943,82,Aetna,outpatient,evaluation,orthopedics,in_network,False,True,True,8,117.68,75.6,0.072,False,False,True,,0
CLM001944,30,Aetna,outpatient,therapy,orthopedics,out_of_network,True,True,True,17,669.08,513.85,0.175,False,False,True,network_coverage,1
CLM001945,57,United,professional,therapy,cardiology,out_of_network,True,True,True,19,1176.1,873.79,0.146,False,False,True,network_coverage,1
CLM001946,28,BlueCross,pharmacy,surgery,general,out_of_network,True,True,True,14,7213.44,5146.46,0.364,False,False,True,,0
CLM001947,82,BlueCross,outpatient,pharmacy,oncology,out_of_network,False,True,False,20,135.59,81.28,0.234,False,False,True,network_coverage,1
CLM001948,33,Aetna,pharmacy,lab,general,in_network,False,True,True,5,125.12,89.44,0.115,False,False,True,,0
CLM001949,81,United,inpatient,lab,general,in_network,True,True,False,4,252.67,140.17,0.354,False,False,True,,0
CLM001950,36,United,pharmacy,pharmacy,cardiology,in_network,False,True,True,40,143.7,110.78,0.01,False,False,True,,0
CLM001951,28,BlueCross,pharmacy,evaluation,general,out_of_network,False,True,True,40,543.13,455.22,0.077,False,False,True,,0
CLM001952,85,Humana,inpatient,therapy,cardiology,out_of_network,True,True,True,12,1019.43,632.97,0.177,False,False,True,network_coverage,1
CLM001953,27,Cigna,professional,pharmacy,general,out_of_network,False,True,True,23,196.8,130.69,0.231,False,False,True,network_coverage,1
CLM001954,63,Aetna,pharmacy,imaging,respiratory,out_of_network,True,True,True,14,2320.72,1432.23,0.108,False,False,True,,0
CLM001955,63,Humana,pharmacy,evaluation,general,in_network,False,True,True,16,349.52,230.04,0.075,False,False,True,,1
CLM001956,42,Aetna,pharmacy,evaluation,oncology,in_network,False,True,True,21,135.85,87.71,0.244,False,False,True,,0
CLM001957,69,United,outpatient,lab,cardiology,in_network,False,True,True,18,154.58,131.87,0.086,False,False,True,,0
CLM001958,73,Aetna,inpatient,surgery,cardiology,in_network,True,True,True,43,11649.79,6141.11,0.226,False,False,True,,0
CLM001959,62,BlueCross,professional,imaging,cardiology,in_network,True,True,True,31,1778.61,1336.34,0.102,False,False,True,,0
CLM001960,73,BlueCross,professional,pharmacy,general,in_network,False,True,True,17,103.82,81.14,0.079,False,False,True,,0
CLM001961,37,BlueCross,professional,imaging,oncology,out_of_network,True,False,True,26,1722.43,990.23,0.133,False,False,True,network_coverage,1
CLM001962,35,Cigna,outpatient,surgery,orthopedics,in_network,True,True,False,38,3497.75,2448.57,0.23,False,False,True,,0
CLM001963,53,Humana,outpatient,evaluation,cardiology,in_network,False,True,True,13,332.23,209.68,0.073,False,False,True,,0
CLM001964,30,BlueCross,inpatient,evaluation,cardiology,out_of_network,True,True,True,48,593.97,351.65,0.239,True,False,True,duplicate_claim,1
CLM001965,26,Cigna,professional,imaging,orthopedics,in_network,True,False,True,15,667.05,432.46,0.059,True,True,False,duplicate_claim,1
CLM001966,28,United,inpatient,evaluation,respiratory,in_network,True,True,False,67,213.02,121.5,0.034,False,False,True,,0
CLM001967,20,Cigna,professional,therapy,general,in_network,True,True,True,26,265.95,208.14,0.065,False,False,True,,0
CLM001968,43,Humana,professional,evaluation,respiratory,in_network,False,True,True,6,363.99,191.15,0.128,False,False,True,,0
CLM001969,39,BlueCross,outpatient,imaging,general,in_network,True,True,True,10,1914.56,1492.2,0.116,False,False,True,,0
CLM001970,20,Aetna,outpatient,imaging,orthopedics,in_network,True,True,True,8,2855.36,1561.11,0.047,False,False,False,,0
CLM001971,66,BlueCross,outpatient,evaluation,orthopedics,in_network,False,False,False,31,169.79,113.85,0.242,False,False,True,incomplete_documentation,1
CLM001972,49,Aetna,pharmacy,imaging,respiratory,out_of_network,True,False,True,12,1794.93,1093.01,0.175,False,False,True,network_coverage,1
CLM001973,39,United,professional,therapy,cardiology,out_of_network,True,True,True,26,1032.12,760.62,0.19,False,False,True,network_coverage,1
CLM001974,32,Aetna,outpatient,imaging,general,in_network,True,True,True,29,1545.07,1310.06,0.181,False,False,True,,0
CLM001975,52,United,outpatient,evaluation,respiratory,out_of_network,False,True,True,20,243.77,143.58,0.174,False,False,True,,0
CLM001976,73,Aetna,outpatient,pharmacy,cardiology,in_network,False,False,True,54,179.45,132.93,0.198,False,True,True,,0
CLM001977,20,Aetna,outpatient,evaluation,cardiology,in_network,False,True,True,28,528.9,363.78,0.07,False,False,True,,0
CLM001978,41,Cigna,pharmacy,pharmacy,respiratory,in_network,False,True,False,4,196.54,154.3,0.096,False,False,True,incomplete_documentation,1
CLM001979,47,Aetna,professional,pharmacy,respiratory,out_of_network,False,True,True,28,357.3,252.71,0.186,False,False,False,coverage_inactive,1
CLM001980,64,Aetna,outpatient,lab,orthopedics,out_of_network,False,True,True,19,491.86,334.52,0.221,True,False,True,duplicate_claim,1
CLM001981,77,Humana,professional,lab,respiratory,out_of_network,False,True,False,2,170.94,136.22,0.148,False,False,True,,0
CLM001982,67,Aetna,outpatient,pharmacy,oncology,in_network,False,True,True,47,134.64,113.76,0.204,False,False,True,,0
CLM001983,62,Cigna,professional,pharmacy,respiratory,in_network,False,True,False,33,141.79,119.52,0.235,False,False,True,,0
CLM001984,75,Aetna,outpatient,pharmacy,oncology,in_network,False,True,True,17,185.75,103.42,0.259,False,False,True,,0
CLM001985,63,Aetna,professional,evaluation,oncology,in_network,False,True,True,13,324.35,269.16,0.16,False,False,True,,0
CLM001986,52,Humana,pharmacy,surgery,orthopedics,in_network,True,True,True,44,13763.01,10136.09,0.19,False,False,True,,0
CLM001987,66,BlueCross,outpatient,pharmacy,cardiology,in_network,False,True,True,26,137.76,115.53,0.233,False,False,True,,0
CLM001988,46,Aetna,professional,pharmacy,cardiology,in_network,False,True,True,1,379.6,289.43,0.104,False,False,True,,0
CLM001989,82,Humana,pharmacy,evaluation,cardiology,in_network,False,True,True,62,635.68,373.14,0.051,False,False,True,,1
CLM001990,36,United,inpatient,evaluation,general,in_network,True,True,True,22,502.46,388.47,0.332,False,False,True,,0
CLM001991,64,Cigna,inpatient,therapy,oncology,in_network,True,False,True,52,1050.38,597.23,0.296,False,False,False,coverage_inactive,1
CLM001992,18,BlueCross,professional,pharmacy,orthopedics,in_network,False,True,True,23,179.67,122.67,0.096,False,True,True,,0
CLM001993,70,United,outpatient,imaging,general,in_network,True,True,True,15,693.42,398.95,0.072,False,False,True,,0
CLM001994,29,BlueCross,inpatient,evaluation,general,in_network,True,True,True,25,188.17,143.35,0.264,False,False,True,,0
CLM001995,59,Humana,outpatient,imaging,orthopedics,in_network,True,True,True,72,1476.74,960.59,0.287,False,False,True,,0
CLM001996,33,Cigna,professional,lab,orthopedics,in_network,True,True,False,18,200.24,171.79,0.288,False,False,True,,0
CLM001997,20,Humana,outpatient,imaging,oncology,out_of_network,True,False,True,11,1315.82,1004.28,0.126,False,False,True,network_coverage,1
CLM001998,65,Cigna,outpatient,lab,general,in_network,True,False,True,24,343.04,288.64,0.085,False,False,True,,0
CLM001999,67,Cigna,professional,surgery,respiratory,in_network,True,True,False,54,8668.91,7406.18,0.05,False,False,True,,0
CLM002000,74,Cigna,outpatient,pharmacy,oncology,in_network,False,False,True,15,107.64,86.65,0.156,False,False,True,,0
CLM002001,72,BlueCross,professional,therapy,orthopedics,in_network,True,True,True,115,285.72,212.1,0.071,False,True,True,coding_mismatch,1
CLM002002,51,Cigna,outpatient,pharmacy,orthopedics,in_network,False,False,False,3,305.73,222.13,0.137,False,False,False,coverage_inactive,1
CLM002003,84,Aetna,pharmacy,surgery,cardiology,in_network,True,True,True,30,4818.42,3361.82,0.154,False,False,True,,0
CLM002004,77,BlueCross,professional,imaging,respiratory,out_of_network,True,False,True,22,1007.0,614.96,0.025,False,False,True,network_coverage,1
CLM002005,21,Aetna,inpatient,evaluation,general,in_network,True,True,False,13,565.17,440.36,0.13,False,False,True,,0
CLM002006,44,BlueCross,pharmacy,evaluation,respiratory,in_network,False,True,True,65,472.03,293.31,0.1,False,True,True,coding_mismatch,1
CLM002007,66,BlueCross,outpatient,therapy,orthopedics,in_network,True,False,True,28,943.58,591.91,0.262,False,False,True,missing_prior_authorization,1
CLM002008,65,Aetna,inpatient,evaluation,oncology,in_network,True,True,True,58,487.84,368.99,0.203,False,False,True,,0
CLM002009,80,BlueCross,inpatient,evaluation,general,in_network,True,True,False,11,440.52,311.47,0.312,False,False,False,coverage_inactive,1
CLM002010,58,Humana,professional,therapy,oncology,in_network,True,False,True,22,545.78,434.04,0.059,False,False,True,,0
CLM002011,47,United,inpatient,pharmacy,general,in_network,True,True,True,8,219.81,144.47,0.128,False,False,True,,0
CLM002012,28,Humana,outpatient,evaluation,oncology,in_network,False,True,True,56,546.88,398.56,0.201,False,False,True,,0
CLM002013,87,Humana,inpatient,evaluation,oncology,out_of_network,True,True,True,13,306.77,186.23,0.1,False,False,True,network_coverage,1
CLM002014,51,Humana,outpatient,lab,oncology,in_network,False,True,True,9,211.25,161.37,0.147,False,False,True,,0
CLM002015,77,United,outpatient,imaging,orthopedics,out_of_network,True,True,True,47,1125.86,776.69,0.164,False,False,True,,0
CLM002016,87,United,outpatient,surgery,oncology,in_network,True,False,True,58,10163.52,5353.43,0.061,False,False,True,missing_prior_authorization,1
CLM002017,66,Aetna,outpatient,evaluation,orthopedics,in_network,False,True,True,21,456.89,359.84,0.204,False,False,True,,0
CLM002018,28,Cigna,inpatient,evaluation,respiratory,in_network,True,True,True,50,417.25,240.3,0.255,False,True,True,,0
CLM002019,55,United,professional,lab,respiratory,in_network,False,True,True,28,151.69,91.85,0.149,False,False,True,,0
CLM002020,47,United,outpatient,therapy,orthopedics,in_network,True,False,True,31,808.52,632.55,0.261,False,True,True,coding_mismatch,1
CLM002021,62,Cigna,professional,surgery,general,in_network,True,False,True,9,6943.66,4140.76,0.125,False,False,True,,0
CLM002022,41,Cigna,inpatient,surgery,oncology,in_network,True,False,True,11,8175.73,5172.4,0.064,False,False,True,,0
CLM002023,28,Aetna,inpatient,pharmacy,general,in_network,True,False,True,40,302.33,187.29,0.101,False,False,True,missing_prior_authorization,1
CLM002024,71,Cigna,outpatient,lab,respiratory,in_network,False,True,True,17,245.25,142.22,0.092,False,False,True,,0
CLM002025,82,Cigna,outpatient,surgery,general,in_network,True,True,False,4,8314.73,5117.42,0.136,False,False,True,,0
CLM002026,20,Humana,outpatient,therapy,general,in_network,True,True,True,30,1512.41,924.77,0.071,True,False,True,duplicate_claim,1
CLM002027,33,Cigna,professional,lab,orthopedics,out_of_network,False,True,True,22,372.08,308.03,0.022,False,False,True,,0
CLM002028,50,BlueCross,outpatient,evaluation,orthopedics,in_network,False,True,False,14,341.67,243.08,0.072,False,False,True,,0
CLM002029,69,United,outpatient,pharmacy,general,in_network,False,True,True,5,174.28,98.76,0.099,False,False,True,,0
CLM002030,37,BlueCross,professional,therapy,orthopedics,out_of_network,True,True,True,20,554.6,443.7,0.154,False,False,True,network_coverage,1
CLM002031,59,BlueCross,inpatient,therapy,respiratory,in_network,True,True,True,21,501.97,344.95,0.244,False,False,True,,0
CLM002032,39,Cigna,outpatient,lab,cardiology,in_network,False,True,False,23,168.32,122.9,0.421,False,False,True,incomplete_documentation,1
CLM002033,43,BlueCross,outpatient,therapy,general,in_network,True,True,False,1,338.16,209.2,0.14,False,False,False,coverage_inactive,1
CLM002034,47,Aetna,outpatient,lab,respiratory,in_network,False,True,True,36,198.9,141.38,0.224,False,False,True,,0
CLM002035,45,Humana,inpatient,imaging,oncology,in_network,True,True,True,28,1855.11,1373.28,0.239,False,False,True,,0
CLM002036,38,BlueCross,professional,evaluation,oncology,in_network,True,True,True,5,531.24,338.54,0.09,False,False,True,,0
CLM002037,29,United,pharmacy,lab,respiratory,out_of_network,False,True,True,34,145.13,117.91,0.099,False,False,True,,0
CLM002038,58,Humana,inpatient,therapy,orthopedics,in_network,True,True,True,32,556.14,441.9,0.078,False,False,False,coverage_inactive,1
CLM002039,73,Cigna,professional,imaging,orthopedics,in_network,True,True,True,28,1254.18,969.94,0.133,False,True,True,coding_mismatch,1
CLM002040,38,Cigna,professional,evaluation,orthopedics,in_network,False,True,True,15,1059.36,606.46,0.071,False,False,True,,0
CLM002041,39,United,outpatient,imaging,cardiology,in_network,True,True,True,42,1211.56,778.68,0.116,False,False,True,,0
CLM002042,84,Aetna,professional,lab,general,in_network,False,True,True,62,142.99,75.31,0.071,False,False,True,,0
CLM002043,39,BlueCross,professional,evaluation,respiratory,in_network,False,True,False,20,475.23,310.99,0.296,False,False,True,,0
CLM002044,50,Aetna,pharmacy,lab,oncology,in_network,False,False,True,8,332.35,217.21,0.325,False,False,True,,0
CLM002045,42,Aetna,pharmacy,pharmacy,general,in_network,False,True,False,11,176.35,102.15,0.148,False,False,True,,0
CLM002046,29,United,inpatient,surgery,respiratory,out_of_network,True,True,True,9,15210.21,10906.5,0.249,False,False,True,,0
CLM002047,45,Aetna,outpatient,evaluation,oncology,in_network,True,True,True,27,559.0,344.96,0.419,False,False,True,,0
CLM002048,38,United,outpatient,pharmacy,cardiology,out_of_network,False,True,True,29,471.43,403.12,0.156,False,False,True,network_coverage,1
CLM002049,41,Humana,inpatient,therapy,oncology,in_network,True,True,False,1,625.72,387.69,0.07,False,False,True,incomplete_documentation,1
CLM002050,75,Humana,outpatient,evaluation,cardiology,in_network,False,True,True,13,251.2,159.01,0.204,False,False,True,,0
CLM002051,82,Humana,pharmacy,lab,respiratory,in_network,False,True,True,28,133.76,75.36,0.095,False,False,True,,1
CLM002052,25,Aetna,inpatient,evaluation,cardiology,in_network,True,True,True,26,250.15,192.78,0.09,False,False,True,,0
CLM002053,30,Aetna,outpatient,pharmacy,oncology,in_network,False,True,True,14,302.44,218.56,0.101,False,False,True,,0
CLM002054,45,BlueCross,professional,evaluation,orthopedics,in_network,False,False,True,23,431.37,262.89,0.09,False,False,True,,0
CLM002055,56,Humana,outpatient,pharmacy,cardiology,in_network,False,True,True,110,85.89,53.87,0.171,False,False,True,timely_filing,1
CLM002056,86,BlueCross,outpatient,therapy,oncology,in_network,True,True,False,23,201.61,118.69,0.108,False,False,True,,0
CLM002057,77,Aetna,pharmacy,therapy,orthopedics,out_of_network,True,True,True,9,206.48,120.85,0.114,False,False,True,,0
CLM002058,18,Humana,outpatient,lab,orthopedics,out_of_network,False,True,True,17,396.52,240.46,0.077,False,False,True,,0
CLM002059,68,Humana,inpatient,evaluation,general,in_network,True,True,True,47,286.27,234.04,0.086,False,False,True,,0
CLM002060,87,Cigna,inpatient,pharmacy,orthopedics,in_network,True,True,True,16,165.57,87.06,0.133,False,False,True,,0
CLM002061,31,Cigna,pharmacy,evaluation,oncology,out_of_network,False,True,True,20,443.04,250.11,0.047,False,False,False,,0
CLM002062,43,Humana,outpatient,surgery,cardiology,in_network,True,True,True,56,7587.62,4296.87,0.128,False,False,True,,0
CLM002063,36,Humana,outpatient,therapy,orthopedics,in_network,True,True,True,9,380.5,279.82,0.182,True,False,True,,0
CLM002064,33,BlueCross,inpatient,evaluation,orthopedics,in_network,True,True,True,26,638.46,523.59,0.037,True,False,True,,0
CLM002065,46,Aetna,outpatient,pharmacy,respiratory,out_of_network,False,True,True,17,379.81,235.87,0.085,False,False,True,,0
CLM002066,77,United,pharmacy,imaging,cardiology,in_network,True,True,True,30,2067.58,1361.68,0.111,False,False,True,,0
CLM002067,23,Aetna,outpatient,imaging,general,in_network,True,False,True,17,2718.11,1569.29,0.034,False,True,True,coding_mismatch,1
CLM002068,51,Cigna,pharmacy,lab,cardiology,in_network,False,True,True,7,393.15,234.37,0.129,False,False,False,coverage_inactive,1
CLM002069,83,United,outpatient,imaging,respiratory,in_network,True,True,False,8,862.71,585.39,0.112,False,False,True,,0
CLM002070,25,Cigna,outpatient,pharmacy,cardiology,in_network,False,True,True,53,253.97,207.66,0.259,True,False,True,,0
CLM002071,73,United,professional,lab,general,out_of_network,False,True,True,25,141.26,112.15,0.159,False,False,True,network_coverage,1
CLM002072,66,Cigna,outpatient,therapy,respiratory,in_network,True,False,False,19,344.13,250.55,0.394,False,False,True,,0
CLM002073,32,Humana,outpatient,surgery,general,in_network,True,False,True,63,14290.85,10121.84,0.221,False,False,False,,0
CLM002074,74,Cigna,professional,lab,general,in_network,False,True,True,31,180.25,133.46,0.166,False,False,False,coverage_inactive,1
CLM002075,34,BlueCross,outpatient,pharmacy,general,in_network,False,True,True,16,238.39,157.15,0.226,False,True,True,,0
CLM002076,50,United,outpatient,therapy,respiratory,in_network,True,True,True,28,1018.3,662.13,0.165,False,False,True,,0
CLM002077,82,Cigna,pharmacy,imaging,general,in_network,True,False,True,53,1315.25,935.11,0.05,False,True,True,coding_mismatch,1
CLM002078,69,Cigna,outpatient,surgery,cardiology,in_network,True,True,True,40,8167.89,4404.25,0.114,False,False,True,,0
CLM002079,53,Humana,outpatient,pharmacy,respiratory,out_of_network,False,True,True,16,231.96,192.03,0.186,False,True,True,,0
CLM002080,25,United,inpatient,pharmacy,general,in_network,True,False,True,26,163.99,117.4,0.178,False,False,True,missing_prior_authorization,1
CLM002081,25,United,outpatient,surgery,orthopedics,in_network,True,True,True,20,7479.62,5328.93,0.136,False,False,True,,0
CLM002082,20,BlueCross,outpatient,therapy,general,in_network,True,False,True,95,462.37,306.88,0.081,False,False,True,missing_prior_authorization,1
CLM002083,22,BlueCross,professional,imaging,oncology,in_network,True,True,True,40,1587.79,1296.79,0.071,False,False,True,,0
CLM002084,33,BlueCross,outpatient,therapy,oncology,out_of_network,True,False,False,11,584.44,321.79,0.018,False,False,True,network_coverage,1
CLM002085,54,BlueCross,professional,imaging,orthopedics,out_of_network,True,False,True,42,1618.83,1134.16,0.091,False,False,True,,0
CLM002086,88,BlueCross,outpatient,evaluation,cardiology,in_network,False,True,False,5,347.46,218.86,0.104,False,False,True,,0
CLM002087,78,Cigna,outpatient,pharmacy,general,in_network,False,True,True,4,117.0,69.79,0.18,False,False,True,,0
CLM002088,30,Aetna,outpatient,imaging,respiratory,in_network,True,True,True,26,1237.75,991.26,0.12,False,False,True,,0
CLM002089,80,Cigna,professional,lab,oncology,in_network,False,True,True,26,322.27,250.05,0.145,False,False,True,,0
CLM002090,84,United,outpatient,imaging,general,in_network,True,True,True,27,800.45,601.03,0.039,False,False,True,,0
CLM002091,60,Cigna,outpatient,lab,cardiology,in_network,True,False,True,35,298.61,172.39,0.05,False,True,True,coding_mismatch,1
CLM002092,39,Aetna,professional,imaging,respiratory,out_of_network,True,False,True,18,2513.76,1916.56,0.033,False,False,True,network_coverage,1
CLM002093,43,BlueCross,outpatient,surgery,oncology,in_network,True,False,True,43,20791.03,13205.0,0.106,False,False,True,missing_prior_authorization,1
CLM002094,53,BlueCross,outpatient,pharmacy,respiratory,in_network,False,True,True,17,226.72,166.51,0.1,False,False,False,,0
CLM002095,35,Cigna,pharmacy,imaging,cardiology,out_of_network,True,True,True,27,1309.62,917.02,0.236,False,False,True,network_coverage,1
CLM002096,68,BlueCross,outpatient,evaluation,respiratory,in_network,False,True,True,12,328.02,202.3,0.111,False,False,True,,0
CLM002097,65,BlueCross,inpatient,imaging,respiratory,in_network,True,True,True,20,1071.54,706.93,0.106,False,False,True,,0
CLM002098,30,Humana,outpatient,therapy,general,in_network,True,True,True,16,448.11,294.68,0.193,False,False,True,,0
CLM002099,20,Aetna,inpatient,lab,orthopedics,out_of_network,True,True,True,20,178.83,124.15,0.219,False,False,True,,0
CLM002100,32,United,outpatient,pharmacy,cardiology,out_of_network,True,True,True,36,255.2,203.39,0.136,False,False,True,,0
CLM002101,45,BlueCross,professional,surgery,cardiology,in_network,True,True,True,42,16335.63,11202.0,0.116,False,False,True,,0
CLM002102,36,United,inpatient,imaging,cardiology,in_network,True,True,True,46,2456.14,2064.21,0.181,False,True,True,,0
CLM002103,58,Aetna,professional,evaluation,orthopedics,out_of_network,False,True,True,17,614.41,412.96,0.211,False,False,True,network_coverage,1
CLM002104,52,BlueCross,pharmacy,evaluation,general,out_of_network,False,True,True,30,318.28,253.62,0.11,False,False,True,,0
CLM002105,46,BlueCross,professional,evaluation,cardiology,in_network,False,True,True,12,425.6,283.18,0.021,False,False,True,,1
CLM002106,42,Cigna,professional,imaging,cardiology,in_network,True,True,True,35,1249.42,896.06,0.173,False,False,True,,0
CLM002107,70,Aetna,professional,surgery,cardiology,out_of_network,True,True,True,6,10895.34,6789.51,0.076,False,True,True,,0
CLM002108,24,BlueCross,pharmacy,evaluation,orthopedics,in_network,False,True,True,70,575.46,484.87,0.17,False,False,True,,0
CLM002109,43,United,outpatient,therapy,respiratory,in_network,True,True,True,13,424.23,283.83,0.074,False,False,True,,0
CLM002110,37,United,outpatient,therapy,orthopedics,in_network,True,True,True,31,417.03,251.66,0.169,False,False,True,,0
CLM002111,73,Cigna,outpatient,lab,oncology,in_network,False,True,True,108,296.03,211.57,0.187,False,True,True,coding_mismatch,1
CLM002112,77,Aetna,outpatient,surgery,orthopedics,in_network,True,False,True,18,5026.48,3763.29,0.175,False,False,True,missing_prior_authorization,1
CLM002113,78,BlueCross,outpatient,pharmacy,general,in_network,False,True,True,32,180.78,140.05,0.189,False,False,True,,0
CLM002114,55,United,professional,evaluation,cardiology,in_network,False,True,True,7,598.79,333.3,0.21,False,False,False,,0
CLM002115,84,United,inpatient,imaging,orthopedics,in_network,True,True,True,30,2657.54,1513.53,0.144,False,False,True,,0
CLM002116,86,United,pharmacy,pharmacy,oncology,out_of_network,False,True,True,9,177.88,108.63,0.25,False,False,True,,0
CLM002117,83,United,outpatient,therapy,general,in_network,True,True,True,22,315.32,220.73,0.183,False,True,True,,0
CLM002118,37,Humana,inpatient,lab,oncology,in_network,True,False,True,5,184.34,120.44,0.219,False,False,True,,0
CLM002119,44,Humana,inpatient,lab,cardiology,out_of_network,True,False,True,29,74.51,63.76,0.349,False,False,True,network_coverage,1
CLM002120,36,Humana,outpatient,evaluation,oncology,in_network,False,True,True,19,728.8,609.03,0.168,False,False,True,,0
CLM002121,65,Humana,outpatient,lab,orthopedics,in_network,False,True,True,19,329.72,185.69,0.023,False,False,True,,0
CLM002122,48,BlueCross,inpatient,therapy,orthopedics,in_network,True,True,True,4,297.93,158.53,0.081,False,False,True,,0
CLM002123,63,Humana,outpatient,evaluation,general,in_network,False,True,True,26,182.33,143.94,0.25,False,False,True,,0
CLM002124,23,BlueCross,outpatient,surgery,general,out_of_network,True,False,True,19,12556.7,9758.4,0.397,False,False,True,network_coverage,1
CLM002125,27,Humana,outpatient,pharmacy,orthopedics,in_network,False,True,True,13,230.64,177.61,0.27,False,False,True,,0
CLM002126,40,BlueCross,outpatient,lab,oncology,out_of_network,False,True,True,10,817.29,646.13,0.075,False,False,True,,0
CLM002127,88,Cigna,outpatient,lab,oncology,in_network,False,False,False,34,192.24,152.71,0.265,False,False,True,,0
CLM002128,43,Aetna,outpatient,evaluation,general,in_network,False,True,True,28,373.76,248.82,0.116,False,False,True,,0
CLM002129,37,United,inpatient,therapy,general,in_network,True,True,True,24,395.83,250.75,0.193,False,False,True,,1
CLM002130,62,Humana,inpatient,lab,orthopedics,in_network,True,True,True,83,221.48,185.02,0.161,False,False,True,,0
CLM002131,89,Aetna,outpatient,evaluation,cardiology,out_of_network,False,True,True,45,1063.09,853.11,0.111,False,False,True,,0
CLM002132,28,Cigna,professional,pharmacy,cardiology,in_network,False,True,True,34,673.0,370.01,0.103,False,False,True,,0
CLM002133,44,Cigna,pharmacy,evaluation,cardiology,out_of_network,False,True,True,24,624.42,399.99,0.254,False,False,True,,0
CLM002134,81,United,pharmacy,evaluation,respiratory,in_network,False,True,True,32,186.24,97.08,0.237,False,False,True,,0
CLM002135,86,Humana,outpatient,surgery,respiratory,in_network,True,True,False,64,14086.88,8861.39,0.295,False,False,True,,0
CLM002136,81,United,outpatient,lab,general,out_of_network,False,True,True,6,328.76,249.66,0.102,False,False,True,,0
CLM002137,43,Cigna,outpatient,therapy,cardiology,in_network,True,True,True,28,554.69,336.24,0.022,False,False,True,,0
CLM002138,56,Aetna,professional,imaging,cardiology,in_network,True,True,True,31,1276.31,714.06,0.343,False,False,True,,0
CLM002139,80,Humana,professional,evaluation,cardiology,in_network,False,True,False,9,261.61,149.49,0.136,False,False,True,,0
CLM002140,48,BlueCross,professional,lab,respiratory,in_network,False,True,True,24,303.14,170.8,0.304,False,False,True,,0
CLM002141,81,Humana,pharmacy,lab,cardiology,out_of_network,False,True,True,37,251.13,157.26,0.121,False,False,True,,0
CLM002142,68,Cigna,outpatient,surgery,respiratory,in_network,True,True,False,35,8195.15,5958.81,0.246,False,False,True,,0
CLM002143,31,BlueCross,professional,lab,general,in_network,False,True,True,23,243.89,127.29,0.111,False,False,True,,0
CLM002144,32,Aetna,professional,lab,cardiology,in_network,False,True,True,27,274.45,216.61,0.204,False,True,True,coding_mismatch,1
CLM002145,59,United,outpatient,therapy,respiratory,in_network,True,False,True,25,253.06,134.88,0.178,False,False,True,,0
CLM002146,58,Humana,pharmacy,therapy,oncology,out_of_network,True,True,True,7,782.12,641.98,0.402,False,False,True,,0
CLM002147,81,BlueCross,inpatient,surgery,general,out_of_network,True,False,True,17,10170.07,8370.3,0.147,False,True,True,,0
CLM002148,38,Humana,pharmacy,surgery,orthopedics,in_network,True,True,True,132,11776.45,7772.29,0.198,False,False,True,,0
CLM002149,69,United,professional,evaluation,orthopedics,in_network,False,True,True,25,912.24,600.37,0.052,False,False,True,,0
CLM002150,84,Humana,inpatient,imaging,cardiology,in_network,True,False,True,16,927.59,598.45,0.226,False,False,True,,0
CLM002151,68,United,professional,therapy,respiratory,out_of_network,True,True,False,37,641.76,424.87,0.059,False,False,True,,0
CLM002152,52,Cigna,inpatient,therapy,general,in_network,True,True,True,6,414.79,251.46,0.091,False,True,True,,0
CLM002153,86,BlueCross,professional,therapy,cardiology,in_network,True,True,True,17,384.44,280.64,0.065,False,False,True,,0
CLM002154,54,United,professional,pharmacy,oncology,in_network,False,True,True,19,115.97,92.08,0.116,False,False,True,,0
CLM002155,48,Humana,professional,therapy,respiratory,out_of_network,True,True,False,37,703.02,417.49,0.214,False,True,True,coding_mismatch,1
CLM002156,72,Humana,professional,pharmacy,respiratory,in_network,False,True,True,25,129.38,88.35,0.157,False,False,True,,0
CLM002157,28,Humana,inpatient,evaluation,general,in_network,True,True,False,26,710.85,569.16,0.065,False,False,True,,0
CLM002158,74,United,outpatient,surgery,respiratory,out_of_network,True,True,False,23,14397.12,9377.74,0.11,False,False,True,,0
CLM002159,35,Humana,outpatient,surgery,general,out_of_network,True,False,False,11,7083.81,4645.51,0.131,False,False,True,network_coverage,1
CLM002160,34,United,inpatient,lab,general,in_network,True,True,True,26,282.07,207.58,0.052,False,False,False,,0
CLM002161,25,Aetna,outpatient,lab,general,in_network,False,True,True,27,250.37,163.87,0.142,False,False,True,,0
CLM002162,61,Humana,outpatient,therapy,oncology,in_network,True,True,True,19,294.65,229.41,0.217,False,False,False,,0
CLM002163,27,BlueCross,outpatient,surgery,oncology,in_network,True,True,True,32,9078.42,7188.39,0.074,False,False,True,,0
CLM002164,80,Aetna,outpatient,surgery,oncology,in_network,True,True,True,13,10177.4,6135.63,0.073,False,False,True,,0
CLM002165,22,BlueCross,professional,lab,general,in_network,False,True,True,18,629.45,497.67,0.262,False,False,True,,0
CLM002166,47,United,outpatient,evaluation,orthopedics,in_network,False,True,True,52,205.62,125.62,0.219,True,False,True,,0
CLM002167,48,United,pharmacy,evaluation,respiratory,in_network,False,True,True,14,396.46,277.64,0.127,False,True,True,,0
CLM002168,26,BlueCross,outpatient,pharmacy,respiratory,in_network,False,True,True,17,115.54,91.97,0.336,True,False,False,duplicate_claim,1
CLM002169,82,Aetna,outpatient,surgery,cardiology,in_network,True,True,True,28,7909.97,6546.92,0.138,False,False,True,,0
CLM002170,80,Cigna,outpatient,lab,oncology,in_network,False,True,True,58,152.29,109.22,0.19,False,False,False,coverage_inactive,1
CLM002171,87,BlueCross,outpatient,pharmacy,cardiology,in_network,False,True,True,40,375.84,208.76,0.142,False,False,True,,0
CLM002172,82,Cigna,outpatient,evaluation,respiratory,in_network,False,True,True,27,600.56,438.51,0.205,False,True,True,,0
CLM002173,26,Humana,outpatient,therapy,oncology,in_network,True,True,False,23,808.84,610.44,0.312,False,False,True,,0
CLM002174,29,BlueCross,inpatient,therapy,orthopedics,in_network,True,True,True,4,368.65,296.48,0.351,False,False,True,,0
CLM002175,85,Aetna,outpatient,imaging,cardiology,in_network,True,True,True,26,931.41,488.26,0.399,False,False,True,,0
CLM002176,33,Aetna,outpatient,pharmacy,cardiology,in_network,False,True,False,12,197.04,138.01,0.179,False,False,True,,0
CLM002177,63,Humana,outpatient,therapy,respiratory,in_network,True,False,True,12,1131.71,756.74,0.01,False,False,True,,0
CLM002178,35,Aetna,professional,therapy,general,in_network,True,True,True,9,769.06,599.69,0.156,False,False,True,,0
CLM002179,70,BlueCross,outpatient,therapy,orthopedics,out_of_network,True,True,True,40,1995.24,1214.34,0.114,False,False,True,,0
CLM002180,78,United,pharmacy,lab,general,in_network,False,True,True,15,207.32,174.93,0.015,False,False,True,,0
CLM002181,27,Aetna,professional,surgery,oncology,in_network,True,True,True,8,9191.89,6404.58,0.212,False,False,True,,0
CLM002182,86,Humana,pharmacy,evaluation,orthopedics,in_network,False,True,True,20,465.41,282.45,0.181,False,False,True,,0
CLM002183,44,Aetna,professional,therapy,oncology,out_of_network,True,True,True,54,641.67,384.19,0.127,False,False,True,network_coverage,1
CLM002184,46,United,inpatient,imaging,respiratory,in_network,True,True,True,10,1321.07,943.03,0.083,False,False,True,,0
CLM002185,88,Humana,outpatient,lab,general,in_network,False,True,True,59,150.77,93.45,0.089,False,False,True,,0
CLM002186,85,United,outpatient,pharmacy,oncology,in_network,False,True,True,30,132.26,82.65,0.072,False,False,True,,1
CLM002187,65,Humana,professional,lab,orthopedics,in_network,False,True,True,58,674.32,549.95,0.202,False,False,True,,0
CLM002188,19,Cigna,professional,lab,respiratory,out_of_network,False,True,True,20,252.4,152.78,0.294,False,False,True,,0
CLM002189,42,United,outpatient,therapy,oncology,in_network,True,True,True,39,804.57,445.38,0.061,False,False,True,,0
CLM002190,46,Humana,pharmacy,evaluation,orthopedics,in_network,False,True,True,71,159.15,91.56,0.158,False,False,True,,1
CLM002191,83,Aetna,inpatient,evaluation,oncology,in_network,True,False,False,15,344.56,274.42,0.319,False,False,True,incomplete_documentation,1
CLM002192,26,Cigna,outpatient,evaluation,oncology,in_network,False,True,True,21,210.36,153.6,0.099,False,True,True,coding_mismatch,1
CLM002193,81,Cigna,professional,imaging,cardiology,in_network,True,False,True,26,1231.05,1010.81,0.032,False,False,True,,0
CLM002194,88,BlueCross,inpatient,pharmacy,cardiology,in_network,True,True,True,28,296.38,254.03,0.043,False,False,True,,0
CLM002195,34,Cigna,professional,pharmacy,respiratory,in_network,False,True,True,1,171.29,133.08,0.098,False,True,True,,0
CLM002196,32,United,professional,therapy,cardiology,out_of_network,True,True,True,31,1562.78,1028.4,0.337,False,True,True,coding_mismatch,1
CLM002197,88,Aetna,inpatient,therapy,oncology,in_network,True,True,True,27,566.51,375.59,0.281,False,False,True,,0
CLM002198,85,United,outpatient,surgery,respiratory,in_network,True,True,True,17,10083.92,5931.01,0.173,False,False,True,,0
CLM002199,48,Humana,outpatient,lab,orthopedics,in_network,False,True,True,98,203.08,155.84,0.147,False,False,True,timely_filing,1
CLM002200,73,Aetna,professional,surgery,orthopedics,out_of_network,True,True,True,44,8398.37,4391.82,0.129,False,False,True,,0
CLM002201,88,BlueCross,inpatient,imaging,general,out_of_network,True,False,True,60,1321.24,1130.16,0.181,False,False,True,network_coverage,1
CLM002202,82,United,pharmacy,pharmacy,cardiology,in_network,False,True,True,18,243.03,207.97,0.066,False,False,True,,0
CLM002203,41,Humana,pharmacy,surgery,respiratory,in_network,True,True,True,15,6555.0,4809.18,0.157,False,False,True,,0
CLM002204,54,Aetna,outpatient,therapy,cardiology,in_network,True,True,True,33,431.97,309.3,0.23,False,False,True,,0
CLM002205,24,Aetna,outpatient,lab,general,in_network,False,True,True,25,205.32,126.52,0.153,False,False,True,,0
CLM002206,54,United,professional,lab,oncology,out_of_network,False,True,True,16,687.41,483.78,0.147,False,True,True,,0
CLM002207,21,Aetna,professional,lab,cardiology,out_of_network,False,True,True,17,346.15,230.58,0.174,False,False,False,coverage_inactive,1
CLM002208,28,Humana,outpatient,lab,respiratory,in_network,False,True,True,7,269.95,143.02,0.268,False,False,True,,0
CLM002209,46,United,inpatient,evaluation,cardiology,out_of_network,True,True,True,45,308.31,238.76,0.349,False,False,True,,0
CLM002210,26,Aetna,inpatient,pharmacy,orthopedics,in_network,True,True,True,40,133.22,73.35,0.267,False,False,True,,0
CLM002211,38,Aetna,pharmacy,lab,oncology,in_network,False,True,True,3,149.65,86.4,0.085,False,False,True,,0
CLM002212,65,United,outpatient,pharmacy,respiratory,in_network,False,True,True,39,185.62,121.28,0.065,False,False,True,,0
CLM002213,86,United,professional,evaluation,oncology,in_network,False,True,True,74,158.95,126.38,0.052,True,False,True,duplicate_claim,1
CLM002214,37,Cigna,outpatient,therapy,general,out_of_network,True,True,True,41,922.95,786.48,0.197,False,False,True,network_coverage,1
CLM002215,63,BlueCross,pharmacy,surgery,oncology,in_network,True,True,True,14,11312.79,8379.35,0.475,False,False,False,,0
CLM002216,52,Aetna,inpatient,imaging,orthopedics,in_network,True,True,True,28,782.39,591.95,0.22,False,False,True,,0
CLM002217,65,United,inpatient,evaluation,orthopedics,in_network,True,False,True,5,301.73,188.11,0.091,False,False,True,missing_prior_authorization,1
CLM002218,26,Humana,pharmacy,therapy,general,out_of_network,True,True,False,11,1107.35,584.63,0.311,False,False,True,network_coverage,1
CLM002219,70,United,pharmacy,lab,respiratory,in_network,False,True,True,39,234.15,151.32,0.083,False,False,True,,0
CLM002220,60,Humana,outpatient,evaluation,cardiology,in_network,False,True,True,11,191.49,161.4,0.071,False,True,True,coding_mismatch,1
CLM002221,59,Cigna,outpatient,lab,respiratory,in_network,False,True,True,19,409.44,252.93,0.06,False,False,True,,0
CLM002222,23,Cigna,outpatient,evaluation,oncology,in_network,True,False,True,22,528.99,446.63,0.122,False,False,True,,0
CLM002223,87,BlueCross,outpatient,lab,orthopedics,in_network,False,True,True,38,412.56,313.56,0.202,False,False,True,,0
CLM002224,30,Humana,outpatient,pharmacy,cardiology,in_network,False,True,True,20,125.3,66.76,0.192,False,False,True,,0
CLM002225,19,Aetna,pharmacy,surgery,general,in_network,True,True,True,11,37460.75,29335.99,0.117,False,False,True,,0
CLM002226,28,Aetna,outpatient,imaging,cardiology,in_network,True,True,True,29,1586.82,1056.2,0.121,False,False,True,,0
CLM002227,67,United,professional,evaluation,general,in_network,False,True,True,8,325.11,177.83,0.27,False,False,True,,1
CLM002228,27,BlueCross,inpatient,imaging,cardiology,in_network,True,True,True,55,1552.11,1301.38,0.044,False,False,True,,0
CLM002229,85,Aetna,inpatient,pharmacy,oncology,out_of_network,True,True,True,7,386.42,315.38,0.046,False,False,True,network_coverage,1
CLM002230,63,Humana,professional,evaluation,cardiology,in_network,False,True,True,41,677.28,553.46,0.125,False,False,True,,0
CLM002231,40,BlueCross,outpatient,surgery,oncology,in_network,True,True,False,33,6288.61,4925.27,0.12,False,False,True,,0
CLM002232,20,BlueCross,professional,surgery,general,out_of_network,True,True,True,41,10706.07,7959.83,0.191,False,False,True,,0
CLM002233,24,Cigna,inpatient,pharmacy,oncology,out_of_network,True,True,True,10,185.41,139.16,0.091,False,False,True,,0
CLM002234,66,Cigna,pharmacy,therapy,oncology,in_network,True,True,False,14,232.48,179.19,0.073,False,False,True,,0
CLM002235,52,Humana,professional,pharmacy,cardiology,in_network,False,True,True,15,218.64,148.87,0.12,False,False,True,,1
CLM002236,66,United,professional,imaging,general,in_network,True,True,True,19,2068.57,1544.04,0.11,False,False,True,,1
CLM002237,46,United,inpatient,pharmacy,orthopedics,in_network,True,True,True,8,136.75,82.06,0.017,False,False,True,,0
CLM002238,32,United,outpatient,therapy,oncology,in_network,True,False,True,22,362.45,190.96,0.078,False,False,True,missing_prior_authorization,1
CLM002239,81,Cigna,outpatient,evaluation,general,in_network,False,True,True,22,250.18,187.63,0.307,False,False,True,,0
CLM002240,52,Cigna,outpatient,lab,respiratory,in_network,False,True,True,40,371.53,271.29,0.211,False,False,True,,0
CLM002241,84,Aetna,outpatient,imaging,respiratory,in_network,True,True,True,21,1069.26,721.87,0.193,False,False,True,,0
CLM002242,30,Cigna,inpatient,pharmacy,cardiology,in_network,True,True,True,4,71.94,60.19,0.135,False,False,True,,0
CLM002243,61,Humana,outpatient,pharmacy,oncology,in_network,False,True,False,6,202.12,151.51,0.11,False,False,True,,0
CLM002244,39,United,outpatient,lab,oncology,in_network,False,True,True,12,195.81,115.36,0.135,False,False,True,,0
CLM002245,39,Aetna,outpatient,pharmacy,cardiology,in_network,False,True,True,19,120.63,67.57,0.094,False,False,True,,0
CLM002246,74,United,outpatient,imaging,orthopedics,in_network,True,False,True,62,1361.04,936.47,0.269,False,False,True,,0
CLM002247,19,Cigna,outpatient,imaging,general,in_network,True,True,True,46,1468.01,997.62,0.077,False,False,False,,0
CLM002248,54,Aetna,professional,imaging,general,in_network,True,True,True,17,1179.31,687.08,0.098,False,False,True,,0
CLM002249,51,United,outpatient,lab,general,in_network,False,True,True,13,220.5,133.04,0.256,False,False,False,coverage_inactive,1
CLM002250,87,Cigna,outpatient,imaging,general,in_network,True,False,True,23,628.17,538.09,0.119,False,False,True,,0
CLM002251,21,Cigna,outpatient,lab,general,in_network,False,True,True,23,153.42,85.75,0.364,False,False,True,,1
CLM002252,85,Aetna,professional,imaging,cardiology,out_of_network,True,True,True,21,2080.18,1765.77,0.235,False,False,True,network_coverage,1
CLM002253,88,Aetna,outpatient,evaluation,general,out_of_network,False,True,True,7,625.05,355.49,0.074,False,False,True,,0
CLM002254,33,Aetna,professional,evaluation,respiratory,in_network,False,True,True,16,236.19,178.08,0.289,False,False,True,,0
CLM002255,62,BlueCross,pharmacy,evaluation,general,in_network,False,True,True,15,768.76,552.59,0.115,False,False,True,,1
CLM002256,76,BlueCross,outpatient,surgery,respiratory,in_network,True,True,True,28,8322.78,4378.23,0.198,False,True,True,,0
CLM002257,88,Cigna,pharmacy,evaluation,cardiology,in_network,False,True,False,45,242.16,174.03,0.136,False,False,True,,0
CLM002258,42,Humana,professional,surgery,oncology,in_network,True,True,True,15,9882.15,6857.4,0.072,False,False,True,,0
CLM002259,37,United,inpatient,evaluation,respiratory,in_network,True,True,True,26,391.3,319.06,0.381,False,False,True,,0
CLM002260,45,Humana,outpatient,therapy,cardiology,in_network,True,False,True,1,496.19,344.11,0.111,False,False,True,missing_prior_authorization,1
CLM002261,39,Cigna,professional,lab,oncology,in_network,False,True,True,25,233.47,154.8,0.08,False,False,True,,0
CLM002262,60,United,pharmacy,imaging,respiratory,in_network,True,False,True,2,1730.08,1047.4,0.086,False,False,True,,0
CLM002263,85,Cigna,outpatient,evaluation,oncology,in_network,False,True,True,9,612.93,326.38,0.194,True,False,True,,0
CLM002264,54,Cigna,inpatient,pharmacy,respiratory,in_network,True,True,True,13,125.44,81.02,0.154,False,False,True,,0
CLM002265,76,BlueCross,outpatient,evaluation,cardiology,in_network,False,True,False,27,231.41,147.78,0.244,False,False,True,,0
CLM002266,85,Cigna,inpatient,pharmacy,orthopedics,in_network,True,True,True,23,202.28,153.06,0.018,False,False,True,,0
CLM002267,88,Aetna,professional,pharmacy,general,in_network,False,True,True,4,285.43,181.56,0.109,False,False,True,,0
CLM002268,83,Aetna,outpatient,surgery,oncology,in_network,True,True,True,28,4018.89,2095.62,0.151,False,False,True,,0
CLM002269,44,United,professional,evaluation,cardiology,in_network,False,True,True,61,357.1,244.19,0.177,False,False,True,,0
CLM002270,50,Aetna,professional,lab,cardiology,in_network,False,True,True,7,501.79,353.19,0.106,False,False,True,,0
CLM002271,37,Cigna,professional,therapy,oncology,in_network,True,False,True,15,545.62,384.36,0.078,False,False,True,missing_prior_authorization,1
CLM002272,77,Aetna,professional,imaging,general,in_network,True,True,False,19,1746.96,993.38,0.227,False,False,True,incomplete_documentation,1
CLM002273,61,Humana,professional,pharmacy,cardiology,in_network,False,True,True,18,204.31,140.05,0.151,False,False,True,,0
CLM002274,83,United,professional,evaluation,cardiology,in_network,False,True,True,39,382.43,205.21,0.095,False,False,True,,0
CLM002275,82,Cigna,professional,surgery,orthopedics,in_network,True,True,True,33,12536.37,9180.17,0.046,False,False,True,,0
CLM002276,70,Aetna,inpatient,lab,orthopedics,in_network,True,True,True,25,166.93,120.97,0.138,False,False,True,,0
CLM002277,88,Aetna,outpatient,lab,cardiology,out_of_network,False,True,True,19,176.49,130.7,0.097,False,False,True,network_coverage,1
CLM002278,68,Humana,outpatient,evaluation,orthopedics,in_network,False,True,True,33,435.69,269.2,0.293,False,False,True,,0
CLM002279,29,Aetna,professional,pharmacy,respiratory,in_network,False,True,True,3,198.78,123.66,0.224,False,False,True,,0
CLM002280,58,BlueCross,professional,lab,general,in_network,False,True,True,66,553.8,310.56,0.22,False,False,True,,0
CLM002281,70,United,outpatient,lab,orthopedics,in_network,False,True,True,40,126.69,88.51,0.215,False,False,True,,1
CLM002282,67,Cigna,outpatient,therapy,respiratory,out_of_network,True,False,True,43,996.58,567.58,0.153,True,False,True,duplicate_claim,1
CLM002283,47,United,outpatient,lab,general,out_of_network,False,True,True,79,206.79,155.37,0.13,False,False,True,,0
CLM002284,28,United,professional,therapy,cardiology,in_network,True,True,False,39,535.41,311.12,0.103,False,False,False,coverage_inactive,1
CLM002285,51,Humana,outpatient,imaging,general,out_of_network,True,True,True,8,2462.17,2063.32,0.122,False,False,True,network_coverage,1
CLM002286,32,United,inpatient,imaging,cardiology,in_network,True,True,True,24,1353.37,708.13,0.287,False,False,True,,0
CLM002287,74,Aetna,pharmacy,lab,respiratory,in_network,False,True,True,39,249.4,138.33,0.118,False,False,True,,1
CLM002288,44,BlueCross,professional,pharmacy,respiratory,in_network,False,True,False,24,183.69,101.79,0.074,False,False,True,,0
CLM002289,89,BlueCross,outpatient,lab,general,in_network,False,True,True,26,242.62,173.78,0.191,False,False,True,,0
CLM002290,85,United,outpatient,surgery,oncology,in_network,True,False,True,47,5302.65,2946.81,0.09,False,False,True,,0
CLM002291,76,Humana,pharmacy,evaluation,respiratory,in_network,False,True,True,19,221.52,176.71,0.123,False,False,True,,0
CLM002292,39,BlueCross,professional,pharmacy,cardiology,in_network,False,True,True,54,192.01,125.56,0.066,False,False,True,,0
CLM002293,42,BlueCross,professional,lab,oncology,out_of_network,False,True,True,14,329.99,227.83,0.037,False,False,True,,0
CLM002294,27,United,outpatient,imaging,general,in_network,True,True,True,26,1293.03,763.96,0.111,False,False,True,,0
CLM002295,24,United,outpatient,evaluation,cardiology,in_network,False,True,True,4,206.71,174.7,0.383,False,False,True,,0
CLM002296,51,Aetna,inpatient,lab,cardiology,out_of_network,True,True,True,4,498.25,403.49,0.157,False,False,True,,0
CLM002297,41,BlueCross,professional,evaluation,respiratory,in_network,False,True,True,90,385.7,209.39,0.216,False,False,True,,0
CLM002298,42,Cigna,inpatient,surgery,oncology,in_network,True,True,True,24,10407.68,6656.29,0.053,False,False,True,,0
CLM002299,70,BlueCross,inpatient,imaging,oncology,in_network,True,True,True,19,1374.78,735.8,0.099,False,False,True,,0
CLM002300,89,Humana,professional,lab,orthopedics,in_network,True,True,True,28,149.37,112.72,0.081,False,False,True,,0
CLM002301,19,Humana,pharmacy,evaluation,cardiology,in_network,False,True,True,33,160.38,87.57,0.329,False,False,True,,0
CLM002302,45,United,professional,lab,respiratory,in_network,True,True,True,9,245.05,128.31,0.18,False,False,True,,0
CLM002303,35,Humana,outpatient,surgery,orthopedics,in_network,True,True,False,39,6850.78,4511.26,0.251,False,True,True,,0
CLM002304,58,United,outpatient,lab,respiratory,in_network,False,True,False,16,183.09,98.76,0.035,False,False,True,,0
CLM002305,31,BlueCross,outpatient,evaluation,oncology,out_of_network,False,True,True,86,616.43,429.4,0.205,False,False,True,,0
CLM002306,87,BlueCross,outpatient,imaging,orthopedics,out_of_network,True,True,False,26,1679.8,1133.14,0.049,False,False,True,,0
CLM002307,62,BlueCross,outpatient,evaluation,orthopedics,in_network,False,True,True,2,449.9,294.6,0.123,False,False,True,,0
CLM002308,82,United,outpatient,evaluation,respiratory,out_of_network,False,True,True,15,337.35,273.6,0.109,False,False,True,,0
CLM002309,63,Humana,professional,lab,orthopedics,out_of_network,False,True,True,26,276.77,167.74,0.058,False,False,True,,0
CLM002310,82,BlueCross,pharmacy,pharmacy,general,out_of_network,False,True,False,7,247.47,182.72,0.166,False,False,True,,0
CLM002311,42,Humana,pharmacy,pharmacy,oncology,in_network,False,True,True,30,86.42,51.82,0.316,False,True,True,coding_mismatch,1
CLM002312,75,BlueCross,inpatient,lab,general,in_network,True,False,False,34,167.41,107.85,0.131,False,False,True,,0
CLM002313,44,BlueCross,outpatient,imaging,oncology,in_network,True,True,True,20,2488.99,1759.62,0.037,False,False,True,,0
CLM002314,44,Aetna,outpatient,lab,oncology,out_of_network,True,True,False,2,237.92,169.08,0.172,False,False,False,coverage_inactive,1
CLM002315,47,United,outpatient,surgery,oncology,in_network,True,True,True,69,9872.94,6827.02,0.043,False,False,False,,0
CLM002316,73,BlueCross,outpatient,therapy,oncology,out_of_network,True,True,True,5,470.65,380.76,0.093,False,False,True,,0
CLM002317,75,Humana,outpatient,pharmacy,oncology,in_network,False,True,False,16,140.4,97.89,0.114,False,False,False,,0
CLM002318,61,Aetna,professional,evaluation,general,in_network,False,True,True,37,369.89,259.15,0.102,False,False,True,,0
CLM002319,36,Aetna,outpatient,lab,respiratory,in_network,False,True,True,32,139.33,104.84,0.152,False,False,True,,0
CLM002320,44,Humana,pharmacy,lab,cardiology,out_of_network,False,True,True,12,457.81,330.23,0.208,False,False,True,,0
CLM002321,56,Aetna,inpatient,imaging,cardiology,in_network,True,True,True,12,1870.5,1559.21,0.32,False,True,True,coding_mismatch,1
CLM002322,56,Aetna,inpatient,therapy,cardiology,in_network,True,True,True,24,634.73,527.23,0.212,False,False,True,,0
CLM002323,51,BlueCross,outpatient,imaging,respiratory,out_of_network,True,True,True,9,703.3,565.93,0.147,False,True,True,coding_mismatch,1
CLM002324,80,Cigna,inpatient,pharmacy,orthopedics,in_network,True,True,True,24,196.9,165.12,0.259,False,False,True,,0
CLM002325,19,Aetna,outpatient,evaluation,orthopedics,in_network,False,True,True,40,780.39,435.42,0.212,False,False,True,,0
CLM002326,22,Aetna,pharmacy,surgery,general,in_network,True,False,True,15,3974.01,2274.1,0.139,False,False,True,,0
CLM002327,33,BlueCross,outpatient,evaluation,cardiology,out_of_network,False,True,True,20,931.68,572.21,0.214,False,False,True,,0
CLM002328,82,Humana,outpatient,therapy,cardiology,in_network,True,True,False,29,157.37,123.53,0.21,False,False,True,,0
CLM002329,30,Aetna,outpatient,evaluation,cardiology,in_network,False,True,True,52,432.7,342.03,0.185,False,False,True,,1
CLM002330,69,BlueCross,outpatient,lab,orthopedics,in_network,False,True,False,31,113.25,72.03,0.027,False,False,True,,0
CLM002331,87,Aetna,professional,surgery,cardiology,in_network,True,True,True,14,10004.12,6658.73,0.091,False,True,True,,0
CLM002332,41,BlueCross,outpatient,evaluation,respiratory,in_network,False,True,True,44,554.05,341.67,0.085,False,False,True,,0
CLM002333,79,BlueCross,professional,imaging,respiratory,in_network,True,True,False,38,756.73,520.6,0.329,False,False,True,,0
CLM002334,46,Humana,inpatient,therapy,cardiology,out_of_network,True,True,True,43,1709.97,912.45,0.18,False,False,True,network_coverage,1
CLM002335,53,Aetna,outpatient,surgery,oncology,in_network,True,False,True,18,5533.73,3541.04,0.03,False,False,True,missing_prior_authorization,1
CLM002336,49,United,professional,evaluation,orthopedics,out_of_network,False,True,False,49,530.17,434.36,0.24,False,False,True,network_coverage,1
CLM002337,39,BlueCross,professional,evaluation,cardiology,out_of_network,False,True,True,15,282.12,183.49,0.243,False,False,True,,0
CLM002338,49,United,outpatient,imaging,oncology,in_network,True,True,True,12,2359.67,1561.24,0.088,False,False,True,,0
CLM002339,29,Humana,outpatient,lab,respiratory,in_network,False,True,True,49,516.67,379.83,0.158,False,False,True,,1
CLM002340,19,BlueCross,inpatient,evaluation,orthopedics,in_network,True,True,True,23,281.28,230.85,0.187,False,True,True,,0
CLM002341,40,BlueCross,outpatient,imaging,respiratory,in_network,True,True,True,23,2721.3,2267.42,0.114,False,False,True,,0
CLM002342,31,United,inpatient,therapy,general,in_network,True,True,True,9,549.18,334.23,0.172,False,False,True,,1
CLM002343,47,United,professional,evaluation,cardiology,in_network,False,True,True,10,293.79,160.86,0.053,False,False,True,,1
CLM002344,49,Humana,outpatient,lab,cardiology,in_network,False,True,True,12,145.7,113.38,0.168,False,False,True,,0
CLM002345,59,Aetna,professional,evaluation,orthopedics,in_network,False,False,True,16,237.4,151.95,0.198,False,False,True,,1
CLM002346,24,United,inpatient,therapy,general,in_network,True,True,True,17,733.91,405.36,0.109,False,False,True,,0
CLM002347,69,Cigna,professional,therapy,cardiology,in_network,True,True,True,4,344.08,279.87,0.355,False,False,True,,0
CLM002348,28,Aetna,professional,imaging,oncology,in_network,True,True,False,38,1835.87,1428.87,0.218,False,False,True,incomplete_documentation,1
CLM002349,34,United,inpatient,imaging,oncology,in_network,True,False,False,68,1168.77,636.22,0.27,False,False,True,incomplete_documentation,1
CLM002350,84,Aetna,inpatient,imaging,cardiology,in_network,True,True,True,9,2747.91,2156.75,0.115,False,False,True,,0
CLM002351,79,BlueCross,inpatient,pharmacy,cardiology,in_network,True,False,True,22,144.14,108.93,0.023,False,False,True,missing_prior_authorization,1
CLM002352,58,Aetna,professional,pharmacy,cardiology,in_network,False,True,True,42,92.97,53.49,0.267,False,False,True,,0
CLM002353,35,Cigna,outpatient,evaluation,cardiology,in_network,False,True,False,47,189.34,128.86,0.097,False,False,True,,0
CLM002354,83,United,outpatient,surgery,oncology,in_network,True,False,True,16,11402.14,7872.46,0.118,True,False,True,duplicate_claim,1
CLM002355,89,Aetna,outpatient,therapy,general,in_network,True,True,True,43,475.99,294.78,0.077,False,False,True,,0
CLM002356,64,Aetna,professional,evaluation,orthopedics,out_of_network,False,True,True,7,456.38,323.46,0.339,False,True,True,,0
CLM002357,36,United,outpatient,evaluation,orthopedics,in_network,False,True,True,1,453.39,355.87,0.275,False,False,True,,0
CLM002358,43,Aetna,outpatient,imaging,orthopedics,in_network,True,True,False,16,789.12,538.71,0.288,False,False,True,,0
CLM002359,18,Aetna,pharmacy,pharmacy,general,in_network,False,True,True,72,144.38,95.11,0.083,False,False,True,,0
CLM002360,76,Cigna,inpatient,imaging,general,out_of_network,True,True,True,23,1502.3,1155.0,0.163,False,False,True,,0
CLM002361,87,BlueCross,professional,imaging,respiratory,out_of_network,True,False,True,90,1954.46,1541.83,0.084,False,False,True,network_coverage,1
CLM002362,59,United,inpatient,pharmacy,oncology,in_network,True,False,True,8,131.78,70.15,0.062,False,False,True,,0
CLM002363,57,Aetna,outpatient,therapy,cardiology,in_network,True,True,True,14,394.71,262.18,0.092,False,False,True,,0
CLM002364,55,Cigna,pharmacy,lab,general,in_network,False,True,True,37,187.04,122.71,0.066,False,False,True,,0
CLM002365,38,United,professional,therapy,cardiology,in_network,True,True,False,49,241.4,190.23,0.068,False,False,True,,0
CLM002366,24,Humana,professional,pharmacy,cardiology,in_network,False,True,False,32,154.34,130.69,0.19,False,True,True,coding_mismatch,1
CLM002367,39,Aetna,outpatient,imaging,respiratory,out_of_network,True,False,True,16,2195.38,1471.63,0.317,False,False,True,network_coverage,1
CLM002368,32,Aetna,outpatient,evaluation,cardiology,in_network,False,True,True,88,199.24,105.14,0.237,False,False,True,,0
CLM002369,73,Aetna,outpatient,lab,cardiology,in_network,True,False,False,21,122.93,80.38,0.229,False,False,True,incomplete_documentation,1
CLM002370,20,United,outpatient,imaging,oncology,in_network,True,True,False,15,1150.53,851.51,0.157,False,False,True,,0
CLM002371,80,BlueCross,outpatient,lab,cardiology,in_network,False,True,True,29,173.63,125.85,0.111,False,False,True,,0
CLM002372,24,Aetna,outpatient,therapy,orthopedics,in_network,True,True,True,39,206.56,142.39,0.311,False,False,True,,0
CLM002373,55,BlueCross,outpatient,surgery,respiratory,in_network,True,True,True,14,3857.7,3010.68,0.268,False,False,True,,0
CLM002374,82,BlueCross,outpatient,lab,cardiology,in_network,False,True,True,9,363.73,252.63,0.168,False,False,True,,0
CLM002375,37,Aetna,outpatient,evaluation,respiratory,in_network,False,True,True,43,235.68,181.75,0.066,False,False,True,,0
CLM002376,74,Cigna,inpatient,therapy,cardiology,in_network,True,True,True,1,712.96,381.03,0.142,False,False,True,,0
CLM002377,24,United,professional,evaluation,respiratory,out_of_network,False,True,True,10,591.75,327.0,0.052,False,False,True,,0
CLM002378,33,BlueCross,professional,evaluation,cardiology,in_network,False,True,True,9,700.1,472.64,0.204,False,False,True,,0
CLM002379,83,United,inpatient,lab,respiratory,in_network,True,True,False,14,265.73,217.63,0.153,False,False,True,,0
CLM002380,35,Humana,professional,lab,respiratory,in_network,False,True,True,41,177.36,151.34,0.162,False,False,True,,0
CLM002381,65,BlueCross,professional,therapy,respiratory,out_of_network,True,True,True,45,875.26,637.91,0.221,False,False,True,,0
CLM002382,53,Humana,outpatient,therapy,orthopedics,in_network,True,True,False,22,183.01,142.5,0.148,False,False,True,,0
CLM002383,30,BlueCross,inpatient,imaging,orthopedics,out_of_network,True,True,True,54,2761.07,1779.56,0.06,False,False,True,network_coverage,1
CLM002384,41,BlueCross,inpatient,lab,general,in_network,True,True,True,66,537.83,422.8,0.064,False,False,True,,0
CLM002385,61,BlueCross,inpatient,imaging,respiratory,in_network,True,False,True,19,788.06,633.16,0.145,False,False,True,missing_prior_authorization,1
CLM002386,57,Aetna,professional,lab,cardiology,in_network,False,True,True,34,211.69,140.39,0.249,False,False,True,,0
CLM002387,77,Humana,pharmacy,pharmacy,cardiology,in_network,False,True,True,12,202.81,126.08,0.151,False,False,False,,0
CLM002388,33,Aetna,inpatient,therapy,orthopedics,in_network,True,True,False,3,409.06,323.4,0.042,False,False,True,,0
CLM002389,52,Aetna,professional,lab,respiratory,in_network,False,True,False,22,224.89,118.59,0.134,False,False,True,,0
CLM002390,47,Aetna,inpatient,therapy,orthopedics,out_of_network,True,True,True,26,456.21,331.15,0.045,False,False,True,,0
CLM002391,30,Aetna,professional,evaluation,general,in_network,False,True,True,32,252.25,200.71,0.126,False,False,True,,0
CLM002392,83,United,professional,lab,oncology,in_network,False,True,True,22,880.99,745.75,0.121,False,False,True,,0
CLM002393,39,Aetna,outpatient,lab,general,in_network,False,True,False,5,250.93,186.63,0.097,False,False,True,,0
CLM002394,51,Humana,inpatient,evaluation,general,in_network,True,True,True,16,104.69,62.36,0.066,False,False,True,,0
CLM002395,64,BlueCross,professional,imaging,oncology,in_network,True,False,True,48,1040.6,845.98,0.271,False,False,True,,0
CLM002396,81,Aetna,pharmacy,therapy,general,out_of_network,True,True,True,6,539.04,377.8,0.196,False,False,True,,0
CLM002397,29,BlueCross,outpatient,therapy,oncology,in_network,True,True,False,21,1010.81,832.33,0.181,False,False,True,,0
CLM002398,56,Aetna,outpatient,evaluation,cardiology,out_of_network,False,True,True,15,873.36,458.02,0.244,False,False,True,network_coverage,1
CLM002399,22,BlueCross,inpatient,pharmacy,orthopedics,in_network,True,False,True,18,203.65,151.78,0.332,False,False,True,missing_prior_authorization,1
CLM002400,48,United,outpatient,evaluation,oncology,in_network,False,True,True,44,200.01,146.06,0.102,False,True,True,,0
CLM002401,88,Humana,professional,therapy,general,out_of_network,True,True,True,77,725.38,412.85,0.091,False,False,True,,0
CLM002402,54,United,professional,imaging,general,in_network,True,True,True,13,905.65,738.66,0.132,False,True,True,,0
CLM002403,87,Humana,professional,therapy,cardiology,in_network,True,False,True,7,556.38,354.61,0.089,False,False,True,,0
CLM002404,71,United,pharmacy,evaluation,cardiology,in_network,False,True,True,10,521.52,288.29,0.133,False,False,True,,0
CLM002405,38,Aetna,professional,pharmacy,oncology,in_network,False,True,True,10,148.85,123.54,0.303,False,False,True,,0
CLM002406,89,Aetna,outpatient,evaluation,oncology,in_network,False,True,True,22,365.13,285.41,0.23,False,True,True,,0
CLM002407,69,Cigna,outpatient,surgery,respiratory,in_network,True,False,True,43,12899.63,7289.31,0.236,False,True,True,coding_mismatch,1
CLM002408,20,Cigna,outpatient,evaluation,orthopedics,in_network,False,True,True,16,420.3,312.56,0.221,False,False,True,,0
CLM002409,74,Humana,outpatient,pharmacy,general,out_of_network,False,True,True,11,124.63,75.11,0.088,False,False,True,network_coverage,1
CLM002410,55,Aetna,pharmacy,evaluation,oncology,in_network,False,True,True,44,325.93,205.18,0.031,False,False,True,,0
CLM002411,88,Aetna,professional,evaluation,orthopedics,in_network,False,True,True,7,88.68,57.0,0.105,False,False,True,,0
CLM002412,66,Humana,pharmacy,therapy,oncology,out_of_network,True,True,True,23,754.5,551.83,0.34,False,False,True,network_coverage,1
CLM002413,27,Cigna,outpatient,evaluation,general,in_network,False,True,True,32,490.34,376.26,0.162,False,False,True,,0
CLM002414,47,Cigna,outpatient,lab,orthopedics,in_network,False,True,True,9,289.69,242.32,0.135,False,False,True,,0
CLM002415,73,BlueCross,outpatient,imaging,oncology,in_network,True,False,True,23,1564.81,1279.13,0.313,False,False,True,,0
CLM002416,59,Humana,inpatient,evaluation,general,in_network,True,True,True,44,383.29,315.22,0.295,False,False,True,,0
CLM002417,20,United,outpatient,pharmacy,cardiology,in_network,False,True,False,16,252.84,207.93,0.221,False,False,True,incomplete_documentation,1
CLM002418,21,Aetna,outpatient,evaluation,oncology,in_network,False,True,True,33,223.83,143.4,0.102,False,False,True,,0
CLM002419,38,Aetna,inpatient,lab,respiratory,in_network,True,False,True,5,177.99,119.34,0.292,False,False,True,,0
CLM002420,38,Humana,pharmacy,imaging,general,in_network,True,False,True,12,1429.44,828.35,0.044,True,False,True,,0
CLM002421,58,United,inpatient,lab,cardiology,in_network,True,True,True,8,417.69,297.19,0.043,False,False,True,,0
CLM002422,45,BlueCross,outpatient,evaluation,respiratory,in_network,False,True,True,19,425.16,278.33,0.329,False,False,True,,0
CLM002423,38,Humana,professional,evaluation,general,in_network,False,True,True,11,462.63,393.35,0.203,False,False,False,coverage_inactive,1
CLM002424,47,United,inpatient,pharmacy,orthopedics,in_network,True,True,False,60,170.11,90.89,0.11,False,False,True,,0
CLM002425,31,Aetna,pharmacy,lab,respiratory,out_of_network,False,True,True,28,336.24,230.33,0.09,False,False,True,,0
CLM002426,67,Aetna,professional,therapy,oncology,out_of_network,True,True,True,8,635.32,507.9,0.11,False,True,True,coding_mismatch,1
CLM002427,21,Aetna,inpatient,evaluation,respiratory,in_network,True,True,True,15,190.71,141.71,0.314,False,False,True,,0
CLM002428,82,Humana,professional,surgery,orthopedics,in_network,True,True,True,15,10544.88,8582.03,0.291,False,False,True,,0
CLM002429,73,Humana,professional,pharmacy,cardiology,in_network,False,True,True,44,180.12,152.6,0.159,True,False,True,duplicate_claim,1
CLM002430,22,Aetna,professional,therapy,general,in_network,True,False,True,31,723.14,565.53,0.121,False,False,True,missing_prior_authorization,1
CLM002431,64,Aetna,professional,imaging,orthopedics,in_network,True,True,True,22,686.08,454.81,0.289,False,False,True,,1
CLM002432,50,Humana,professional,imaging,cardiology,in_network,True,True,False,31,1090.06,637.33,0.165,False,False,True,incomplete_documentation,1
CLM002433,60,United,professional,pharmacy,general,in_network,False,True,True,48,84.74,52.73,0.275,False,False,True,,0
CLM002434,46,Humana,outpatient,evaluation,general,in_network,False,True,True,86,400.56,209.08,0.123,False,False,True,,0
CLM002435,39,Aetna,professional,evaluation,respiratory,in_network,False,True,True,68,484.02,256.08,0.017,False,True,False,coverage_inactive,1
CLM002436,87,BlueCross,pharmacy,evaluation,oncology,out_of_network,False,True,False,24,538.17,400.21,0.197,False,False,True,,0
CLM002437,31,Aetna,professional,lab,orthopedics,in_network,True,True,True,17,577.46,472.96,0.156,False,False,True,,0
CLM002438,68,BlueCross,professional,evaluation,respiratory,in_network,False,True,True,28,430.32,275.51,0.148,False,False,True,,0
CLM002439,54,Cigna,outpatient,pharmacy,respiratory,in_network,False,True,True,39,131.36,92.23,0.033,False,False,True,,0
CLM002440,86,BlueCross,professional,imaging,oncology,out_of_network,True,True,True,13,3161.15,2701.67,0.146,False,False,True,,0
CLM002441,52,Humana,pharmacy,evaluation,respiratory,in_network,False,True,True,26,847.99,682.4,0.244,False,False,True,,0
CLM002442,54,BlueCross,outpatient,lab,oncology,in_network,False,True,True,29,324.13,265.03,0.157,False,False,False,coverage_inactive,1
CLM002443,81,Cigna,outpatient,lab,general,in_network,False,True,True,61,171.09,100.06,0.224,False,False,True,,0
CLM002444,63,Humana,outpatient,lab,respiratory,in_network,False,True,True,11,178.15,133.24,0.142,False,False,True,,0
CLM002445,50,Aetna,outpatient,evaluation,orthopedics,in_network,False,True,True,5,393.87,265.16,0.147,False,False,True,,0
CLM002446,79,Aetna,outpatient,imaging,respiratory,in_network,True,True,False,5,1130.14,606.93,0.059,False,False,True,,0
CLM002447,78,BlueCross,inpatient,lab,orthopedics,in_network,True,True,True,44,388.72,297.62,0.141,False,True,True,,0
CLM002448,20,Aetna,outpatient,evaluation,orthopedics,in_network,False,False,True,54,302.83,183.74,0.177,False,False,True,,0
CLM002449,34,Aetna,professional,imaging,general,in_network,True,True,True,16,1986.9,1448.51,0.195,False,False,True,,0
CLM002450,84,BlueCross,professional,evaluation,oncology,in_network,False,True,True,39,459.64,305.7,0.169,False,False,True,,0
CLM002451,83,BlueCross,professional,pharmacy,cardiology,in_network,False,True,False,49,104.5,59.18,0.151,False,True,True,coding_mismatch,1
CLM002452,52,BlueCross,professional,imaging,orthopedics,in_network,True,True,True,30,1303.34,945.29,0.212,False,False,True,,0
CLM002453,44,Aetna,professional,imaging,general,out_of_network,True,True,True,77,2919.44,2292.9,0.109,False,False,True,network_coverage,1
CLM002454,87,Aetna,professional,pharmacy,respiratory,in_network,True,True,True,20,182.98,113.03,0.272,False,False,True,,0
CLM002455,20,United,professional,surgery,general,in_network,True,False,True,38,10745.56,7750.39,0.181,False,True,True,coding_mismatch,1
CLM002456,18,Humana,outpatient,imaging,oncology,out_of_network,True,True,True,0,1973.15,1480.49,0.095,False,False,True,,0
CLM002457,63,Cigna,professional,pharmacy,cardiology,in_network,False,True,True,65,133.94,92.18,0.047,False,False,True,,0
CLM002458,24,Aetna,inpatient,pharmacy,cardiology,in_network,True,True,True,26,424.3,340.59,0.17,False,False,True,,0
CLM002459,32,BlueCross,outpatient,evaluation,cardiology,in_network,False,True,True,29,239.43,189.24,0.185,False,False,True,,0
CLM002460,23,United,outpatient,therapy,respiratory,in_network,True,True,True,38,321.08,189.4,0.308,False,False,True,,1
CLM002461,85,United,professional,pharmacy,respiratory,in_network,False,True,True,47,313.28,191.7,0.183,False,False,True,,0
CLM002462,22,Humana,professional,evaluation,oncology,in_network,False,True,False,22,262.74,200.03,0.102,False,False,True,,0
CLM002463,83,BlueCross,inpatient,evaluation,respiratory,out_of_network,True,True,True,44,468.92,286.85,0.443,False,False,True,network_coverage,1
CLM002464,27,Cigna,professional,evaluation,oncology,in_network,False,False,True,19,406.59,313.83,0.114,False,False,True,,1
CLM002465,82,Aetna,outpatient,evaluation,respiratory,in_network,False,True,True,55,531.28,378.32,0.049,False,False,True,,0
CLM002466,41,United,professional,therapy,respiratory,in_network,True,True,True,40,189.6,102.12,0.054,False,False,True,,0
CLM002467,48,Aetna,professional,lab,oncology,in_network,False,True,True,10,223.24,121.42,0.079,False,False,True,,1
CLM002468,27,Humana,professional,therapy,respiratory,in_network,True,True,True,9,426.53,227.18,0.335,False,False,True,,0
CLM002469,38,BlueCross,professional,therapy,orthopedics,in_network,True,True,True,46,478.29,312.66,0.175,False,True,True,coding_mismatch,1
CLM002470,28,Cigna,outpatient,lab,respiratory,in_network,False,True,True,3,337.45,228.93,0.193,False,False,True,,0
CLM002471,33,United,outpatient,lab,general,out_of_network,False,True,True,19,625.81,489.94,0.163,False,False,True,,0
CLM002472,50,BlueCross,professional,evaluation,orthopedics,in_network,False,True,True,42,367.75,301.04,0.252,False,False,True,,0
CLM002473,53,Aetna,professional,lab,respiratory,in_network,False,True,True,14,168.26,141.96,0.145,False,True,True,coding_mismatch,1
CLM002474,63,Humana,outpatient,imaging,cardiology,in_network,True,False,True,26,1501.56,1035.88,0.075,False,False,True,,0
CLM002475,84,Cigna,outpatient,lab,orthopedics,in_network,False,True,True,14,309.22,239.23,0.158,False,False,True,,0
CLM002476,21,Aetna,inpatient,surgery,respiratory,in_network,True,False,False,9,10452.45,7946.41,0.01,False,False,True,,0
CLM002477,37,Aetna,inpatient,evaluation,orthopedics,in_network,True,True,True,53,540.78,336.63,0.108,False,False,True,,0
CLM002478,59,Cigna,outpatient,lab,orthopedics,in_network,False,True,True,11,175.76,117.16,0.296,False,False,True,,0
CLM002479,51,Humana,outpatient,lab,orthopedics,in_network,False,False,True,13,180.25,143.71,0.145,False,False,True,,0
CLM002480,59,Aetna,pharmacy,evaluation,cardiology,in_network,False,False,True,18,363.57,231.95,0.168,False,False,True,,0
CLM002481,39,Cigna,outpatient,imaging,respiratory,in_network,True,True,False,19,2275.61,1310.26,0.091,False,False,True,,0
CLM002482,41,Cigna,outpatient,imaging,cardiology,in_network,True,False,True,21,2945.04,1693.0,0.124,False,False,True,missing_prior_authorization,1
CLM002483,69,Aetna,inpatient,evaluation,orthopedics,in_network,True,False,True,51,428.31,319.45,0.112,False,False,False,coverage_inactive,1
CLM002484,31,Humana,outpatient,therapy,orthopedics,in_network,True,True,True,28,564.66,408.49,0.182,True,False,True,,0
CLM002485,24,Humana,professional,evaluation,general,out_of_network,False,True,True,16,296.21,170.4,0.25,False,False,False,coverage_inactive,1
CLM002486,63,Aetna,outpatient,evaluation,general,in_network,True,True,True,20,466.21,314.69,0.039,False,False,True,,0
CLM002487,58,Humana,professional,pharmacy,cardiology,in_network,False,True,True,34,117.4,92.21,0.082,False,False,True,,1
CLM002488,74,BlueCross,professional,imaging,cardiology,in_network,True,False,True,2,2201.61,1718.81,0.226,False,False,True,missing_prior_authorization,1
CLM002489,65,Cigna,inpatient,evaluation,respiratory,in_network,True,True,True,19,363.01,238.13,0.119,False,False,False,,0
CLM002490,38,United,professional,evaluation,orthopedics,in_network,False,True,True,58,358.24,277.73,0.394,False,False,True,,0
CLM002491,52,United,pharmacy,surgery,respiratory,in_network,True,False,True,23,16579.39,12598.27,0.102,False,False,True,missing_prior_authorization,1
CLM002492,54,BlueCross,outpatient,pharmacy,general,in_network,False,True,True,25,208.0,170.47,0.147,False,False,True,,0
CLM002493,25,BlueCross,inpatient,lab,cardiology,in_network,True,False,True,20,202.83,149.03,0.151,False,False,True,,0
CLM002494,25,Aetna,pharmacy,pharmacy,general,in_network,False,True,True,51,221.48,147.68,0.151,False,False,True,,1
CLM002495,87,United,pharmacy,therapy,cardiology,in_network,True,True,False,63,333.28,201.95,0.107,False,False,True,incomplete_documentation,1
CLM002496,74,BlueCross,outpatient,therapy,orthopedics,in_network,True,True,True,1,545.31,449.42,0.344,False,False,True,,0
CLM002497,77,United,outpatient,imaging,oncology,out_of_network,True,False,True,73,1703.18,1189.12,0.167,False,False,True,network_coverage,1
CLM002498,65,United,outpatient,pharmacy,general,in_network,False,True,False,7,144.25,111.65,0.192,False,True,True,,0
CLM002499,79,Cigna,professional,therapy,oncology,in_network,True,False,True,42,1435.36,841.12,0.253,False,False,True,missing_prior_authorization,1
CLM002500,48,Humana,outpatient,imaging,cardiology,in_network,True,False,True,43,1247.43,878.63,0.01,False,False,False,coverage_inactive,1
CLM002501,29,Cigna,inpatient,imaging,orthopedics,in_network,True,False,True,9,1042.49,619.32,0.379,False,False,True,,0
CLM002502,61,Cigna,professional,evaluation,respiratory,out_of_network,False,False,True,19,212.18,145.14,0.1,False,False,True,,0
CLM002503,21,BlueCross,pharmacy,imaging,oncology,in_network,True,False,True,28,971.99,540.37,0.23,False,False,True,,0
CLM002504,86,United,professional,therapy,cardiology,in_network,True,False,True,75,685.9,477.95,0.351,False,False,True,missing_prior_authorization,1
CLM002505,61,Aetna,outpatient,evaluation,oncology,in_network,False,True,False,27,168.26,112.06,0.3,False,True,True,coding_mismatch,1
CLM002506,58,Humana,inpatient,surgery,oncology,in_network,True,False,True,30,5495.14,4093.99,0.237,False,False,True,,0
CLM002507,68,United,pharmacy,therapy,cardiology,in_network,True,False,True,48,757.26,448.94,0.099,False,False,True,missing_prior_authorization,1
CLM002508,48,United,pharmacy,surgery,orthopedics,in_network,True,True,True,14,7816.1,5925.5,0.236,False,False,True,,0
CLM002509,63,Humana,outpatient,pharmacy,general,in_network,False,True,True,13,157.46,131.56,0.181,False,False,True,,0
CLM002510,50,Humana,professional,evaluation,respiratory,in_network,False,False,True,38,347.58,261.31,0.238,False,False,True,,0
CLM002511,33,United,outpatient,lab,cardiology,in_network,False,False,True,31,408.16,292.57,0.051,False,False,True,,0
CLM002512,31,United,outpatient,therapy,cardiology,in_network,True,False,True,19,317.82,217.73,0.237,False,False,True,missing_prior_authorization,1
CLM002513,28,BlueCross,inpatient,therapy,orthopedics,in_network,True,True,True,47,1176.45,891.15,0.138,False,False,True,,0
CLM002514,83,Humana,inpatient,pharmacy,oncology,in_network,True,False,True,64,202.73,173.58,0.078,False,False,True,,0
CLM002515,44,Cigna,outpatient,lab,oncology,in_network,False,True,False,47,233.23,175.06,0.461,False,False,True,incomplete_documentation,1
CLM002516,57,BlueCross,professional,therapy,respiratory,in_network,True,True,True,18,648.58,365.24,0.169,False,False,True,,0
CLM002517,32,United,inpatient,pharmacy,cardiology,in_network,True,False,True,25,73.56,39.48,0.123,False,False,True,missing_prior_authorization,1
CLM002518,46,Aetna,outpatient,imaging,cardiology,in_network,True,False,True,14,1539.1,847.28,0.126,False,False,True,missing_prior_authorization,1
CLM002519,52,Aetna,outpatient,therapy,respiratory,in_network,True,True,True,58,530.46,276.46,0.058,False,False,True,,0
CLM002520,85,Aetna,outpatient,imaging,general,out_of_network,True,False,True,25,4149.93,3218.8,0.248,True,False,True,duplicate_claim,1
CLM002521,82,BlueCross,outpatient,therapy,cardiology,in_network,True,False,False,5,1369.66,895.43,0.161,False,False,True,incomplete_documentation,1
CLM002522,57,Cigna,outpatient,lab,orthopedics,in_network,False,True,True,37,258.23,154.76,0.133,False,False,True,,0
CLM002523,40,United,outpatient,pharmacy,respiratory,in_network,False,True,True,26,205.52,150.41,0.187,False,False,True,,0
CLM002524,28,United,professional,lab,cardiology,in_network,False,True,True,23,220.35,181.2,0.056,False,False,True,,0
CLM002525,86,United,pharmacy,imaging,general,out_of_network,True,True,True,6,1796.51,959.6,0.133,False,False,True,,0
CLM002526,67,Humana,inpatient,evaluation,orthopedics,in_network,True,True,True,14,281.67,167.06,0.181,False,False,True,,1
CLM002527,42,Cigna,pharmacy,evaluation,oncology,out_of_network,False,True,True,27,710.74,418.58,0.243,False,False,True,,0
CLM002528,87,Humana,pharmacy,evaluation,orthopedics,out_of_network,False,True,False,42,843.95,454.26,0.275,False,False,True,,0
CLM002529,67,BlueCross,professional,evaluation,respiratory,in_network,False,True,True,33,583.1,327.55,0.01,False,False,True,,0
CLM002530,77,Humana,professional,surgery,cardiology,in_network,True,True,True,12,16551.61,10457.36,0.207,False,True,True,,0
CLM002531,37,Aetna,professional,evaluation,cardiology,in_network,False,True,True,16,419.83,290.79,0.274,False,False,True,,0
CLM002532,45,United,professional,imaging,oncology,in_network,True,True,True,11,1918.2,1175.66,0.095,False,True,True,,0
CLM002533,47,United,professional,surgery,general,in_network,True,True,True,20,12713.37,10734.29,0.056,False,False,True,,0
CLM002534,76,Humana,inpatient,pharmacy,respiratory,in_network,True,True,False,41,100.22,56.4,0.057,False,False,True,incomplete_documentation,1
CLM002535,79,Aetna,pharmacy,evaluation,respiratory,in_network,False,True,True,17,296.76,234.0,0.142,False,False,True,,0
CLM002536,52,BlueCross,professional,surgery,oncology,in_network,True,True,True,19,7081.89,5134.89,0.164,False,False,True,,0
CLM002537,61,Humana,professional,imaging,cardiology,in_network,True,False,True,23,1288.53,688.35,0.13,False,False,True,,0
CLM002538,47,Cigna,outpatient,pharmacy,oncology,in_network,False,True,True,7,181.92,102.38,0.04,False,False,True,,1
CLM002539,46,Cigna,inpatient,imaging,general,in_network,True,True,True,28,1787.43,1176.33,0.276,False,False,True,,0
CLM002540,57,Cigna,outpatient,surgery,respiratory,in_network,True,False,True,26,7572.38,5769.61,0.041,False,False,True,missing_prior_authorization,1
CLM002541,82,United,outpatient,surgery,respiratory,out_of_network,True,True,False,27,4418.38,3628.76,0.309,False,False,True,,0
CLM002542,23,Aetna,outpatient,imaging,orthopedics,in_network,True,True,True,11,1564.62,851.57,0.019,False,False,True,,1
CLM002543,38,Cigna,outpatient,lab,oncology,in_network,False,True,True,71,211.76,158.53,0.367,False,False,True,,0
CLM002544,37,BlueCross,outpatient,pharmacy,respiratory,in_network,False,True,True,74,240.83,158.14,0.073,False,False,True,,0
CLM002545,60,Humana,outpatient,lab,respiratory,in_network,False,True,True,19,140.32,115.96,0.179,False,False,True,,0
CLM002546,59,BlueCross,outpatient,therapy,general,in_network,True,False,True,4,595.23,424.44,0.046,False,False,True,,0
CLM002547,83,BlueCross,pharmacy,evaluation,respiratory,in_network,False,True,True,1,228.81,165.13,0.06,False,False,True,,0
CLM002548,26,Aetna,outpatient,therapy,orthopedics,in_network,True,False,True,10,229.4,186.5,0.206,False,False,True,,0
CLM002549,69,United,outpatient,evaluation,orthopedics,in_network,False,True,True,10,287.6,175.52,0.112,False,False,True,,0
CLM002550,47,BlueCross,outpatient,evaluation,respiratory,in_network,False,True,True,21,152.88,110.78,0.052,False,False,True,,0
CLM002551,22,United,outpatient,therapy,general,in_network,True,True,True,14,360.6,214.81,0.113,False,False,True,,0
CLM002552,77,United,outpatient,evaluation,general,in_network,False,True,True,16,352.12,283.48,0.18,False,False,True,,0
CLM002553,18,United,professional,evaluation,respiratory,in_network,False,True,True,47,181.04,149.64,0.219,False,False,True,,0
CLM002554,82,BlueCross,pharmacy,evaluation,oncology,in_network,False,True,True,15,384.46,251.28,0.217,False,False,True,,0
CLM002555,37,Humana,outpatient,evaluation,general,in_network,False,True,True,59,180.27,151.02,0.214,False,False,True,,0
CLM002556,31,United,professional,imaging,general,in_network,True,False,True,24,874.6,743.8,0.094,False,False,True,,0
CLM002557,39,Aetna,inpatient,evaluation,cardiology,out_of_network,True,True,True,25,279.19,164.95,0.096,False,False,True,,0
CLM002558,86,Aetna,outpatient,evaluation,orthopedics,out_of_network,False,True,True,42,593.81,431.69,0.056,False,False,True,network_coverage,1
CLM002559,75,BlueCross,outpatient,lab,orthopedics,in_network,False,True,False,47,258.98,158.29,0.233,False,False,True,,0
CLM002560,51,United,inpatient,evaluation,oncology,in_network,True,True,True,32,268.55,161.95,0.109,False,False,True,,1
CLM002561,42,Aetna,professional,lab,orthopedics,in_network,False,True,False,24,89.37,58.86,0.037,False,False,True,incomplete_documentation,1
CLM002562,28,Humana,professional,surgery,orthopedics,in_network,True,True,True,17,8840.85,5631.43,0.229,False,False,True,,0
CLM002563,56,United,professional,evaluation,cardiology,out_of_network,False,True,True,4,261.74,177.91,0.198,False,True,True,coding_mismatch,1
CLM002564,72,United,outpatient,surgery,cardiology,in_network,True,True,True,44,5155.34,2883.95,0.045,False,False,True,,0
CLM002565,25,Cigna,professional,lab,oncology,in_network,False,True,True,36,311.51,204.77,0.165,False,False,True,,0
CLM002566,24,Cigna,outpatient,lab,general,in_network,False,True,False,16,160.3,86.23,0.48,False,False,True,incomplete_documentation,1
CLM002567,73,Humana,inpatient,pharmacy,orthopedics,in_network,True,True,True,15,198.53,153.2,0.039,False,False,True,,0
CLM002568,70,Humana,inpatient,lab,orthopedics,in_network,True,True,False,49,156.34,99.15,0.054,True,False,False,duplicate_claim,1
CLM002569,49,Humana,professional,evaluation,orthopedics,in_network,False,True,True,1,495.93,323.75,0.147,False,False,True,,0
CLM002570,68,BlueCross,pharmacy,evaluation,general,in_network,False,True,False,24,422.77,260.02,0.044,True,True,True,duplicate_claim,1
CLM002571,54,United,inpatient,therapy,respiratory,in_network,True,True,True,21,760.34,450.98,0.169,False,False,False,,0
CLM002572,63,Cigna,outpatient,pharmacy,respiratory,in_network,False,True,True,44,330.13,210.75,0.086,False,False,True,,0
CLM002573,31,BlueCross,professional,evaluation,cardiology,in_network,True,False,False,36,170.54,90.83,0.061,False,True,True,coding_mismatch,1
CLM002574,77,Humana,professional,lab,general,in_network,False,True,True,9,576.49,429.38,0.089,False,False,True,,0
CLM002575,75,Humana,outpatient,pharmacy,cardiology,in_network,False,True,True,15,63.83,45.08,0.197,False,False,False,coverage_inactive,1
CLM002576,77,Aetna,professional,therapy,general,in_network,True,True,True,26,371.66,238.12,0.124,False,False,True,,0
CLM002577,30,Aetna,professional,imaging,general,out_of_network,True,True,True,15,1490.4,921.76,0.256,False,False,True,,0
CLM002578,49,Aetna,professional,surgery,oncology,in_network,True,True,True,8,4171.02,3310.85,0.078,False,False,True,,0
CLM002579,39,Cigna,inpatient,therapy,general,in_network,True,True,True,10,384.97,226.63,0.209,False,False,True,,0
CLM002580,55,United,pharmacy,imaging,general,in_network,True,True,True,65,2060.6,1081.34,0.304,False,False,True,,0
CLM002581,48,BlueCross,inpatient,therapy,oncology,in_network,True,True,True,17,512.71,293.26,0.182,False,False,True,,0
CLM002582,48,Aetna,professional,lab,respiratory,out_of_network,False,True,True,30,155.06,108.49,0.167,False,False,True,,0
CLM002583,83,United,inpatient,therapy,oncology,in_network,True,False,False,3,417.7,341.64,0.159,False,False,True,,0
CLM002584,62,Humana,outpatient,imaging,oncology,in_network,True,False,True,41,2037.64,1509.15,0.091,False,True,True,,0
CLM002585,87,Cigna,inpatient,evaluation,orthopedics,in_network,True,True,True,32,232.77,126.71,0.062,False,False,True,,0
CLM002586,55,Aetna,outpatient,lab,respiratory,out_of_network,False,True,True,43,268.19,210.29,0.21,False,False,True,,0
CLM002587,71,Humana,outpatient,imaging,orthopedics,out_of_network,True,True,False,7,2232.89,1359.33,0.165,False,False,True,network_coverage,1
CLM002588,39,BlueCross,outpatient,lab,cardiology,in_network,False,True,True,74,335.85,229.32,0.177,True,False,True,,0
CLM002589,51,BlueCross,outpatient,therapy,orthopedics,in_network,True,True,False,52,649.57,477.17,0.199,False,False,True,,0
CLM002590,48,BlueCross,outpatient,evaluation,cardiology,in_network,False,True,True,7,284.72,196.74,0.056,False,False,True,,0
CLM002591,73,Aetna,professional,therapy,general,in_network,True,True,True,15,229.53,145.54,0.174,False,False,True,,0
CLM002592,58,Cigna,pharmacy,imaging,orthopedics,in_network,True,True,True,32,1518.28,833.06,0.12,True,False,True,duplicate_claim,1
CLM002593,41,Humana,professional,evaluation,respiratory,in_network,False,True,True,7,169.12,92.36,0.153,False,False,True,,0
CLM002594,75,United,inpatient,lab,oncology,in_network,True,False,True,63,222.85,173.2,0.125,False,False,True,missing_prior_authorization,1
CLM002595,75,Humana,outpatient,imaging,orthopedics,out_of_network,True,False,True,39,1243.81,721.56,0.055,False,False,True,network_coverage,1
CLM002596,27,United,pharmacy,evaluation,orthopedics,in_network,False,True,True,15,306.51,253.65,0.085,False,False,True,,0
CLM002597,46,United,inpatient,evaluation,general,in_network,True,True,True,36,583.38,320.94,0.135,False,False,True,,0
CLM002598,58,BlueCross,outpatient,evaluation,oncology,out_of_network,False,True,True,16,510.49,312.67,0.093,False,False,False,coverage_inactive,1
CLM002599,82,Cigna,pharmacy,lab,oncology,in_network,False,True,True,66,386.35,270.74,0.116,False,False,True,,1
CLM002600,85,BlueCross,pharmacy,lab,respiratory,in_network,False,True,True,26,168.83,114.77,0.399,False,False,True,,1
CLM002601,35,Humana,outpatient,therapy,general,in_network,True,True,True,30,556.72,414.66,0.13,False,False,True,,0
CLM002602,47,United,professional,imaging,respiratory,in_network,True,True,True,10,827.34,653.54,0.231,False,True,True,coding_mismatch,1
CLM002603,28,United,outpatient,lab,oncology,in_network,False,True,True,18,213.76,157.92,0.099,False,False,True,,0
CLM002604,22,Aetna,professional,pharmacy,general,in_network,True,True,False,48,243.32,143.64,0.012,False,False,True,,0
CLM002605,42,Cigna,inpatient,evaluation,general,in_network,True,False,True,19,138.52,76.88,0.051,False,False,True,missing_prior_authorization,1
CLM002606,79,Aetna,inpatient,lab,general,in_network,True,True,True,9,221.92,183.36,0.198,False,False,True,,0
CLM002607,46,BlueCross,professional,surgery,cardiology,out_of_network,True,True,True,7,15444.9,10311.53,0.076,False,False,True,,0
CLM002608,33,Cigna,outpatient,evaluation,general,in_network,False,True,False,28,270.94,205.52,0.339,False,False,True,,0
CLM002609,35,Humana,professional,surgery,cardiology,in_network,True,True,True,5,13184.07,9796.8,0.18,False,False,True,,0
CLM002610,68,Humana,outpatient,imaging,respiratory,in_network,True,True,True,4,1282.04,869.52,0.067,False,False,True,,0
CLM002611,57,United,pharmacy,imaging,respiratory,in_network,True,True,True,2,710.37,462.31,0.129,False,False,True,,0
CLM002612,51,BlueCross,professional,evaluation,orthopedics,in_network,False,True,False,29,382.69,284.49,0.096,False,False,False,coverage_inactive,1
CLM002613,44,Cigna,outpatient,evaluation,cardiology,in_network,False,True,True,2,343.15,195.68,0.224,False,True,True,,0
CLM002614,85,Aetna,professional,imaging,general,in_network,True,True,True,26,1249.47,932.76,0.119,False,False,True,,0
CLM002615,28,Aetna,outpatient,imaging,general,in_network,True,True,True,23,1313.29,995.37,0.019,False,False,True,,0
CLM002616,73,United,outpatient,evaluation,cardiology,in_network,False,True,True,15,464.06,319.71,0.065,False,False,True,,0
CLM002617,89,United,outpatient,therapy,respiratory,out_of_network,True,True,True,22,648.89,499.94,0.093,False,False,True,network_coverage,1
CLM002618,75,United,professional,evaluation,cardiology,in_network,False,True,True,34,437.02,269.04,0.235,False,False,True,,0
CLM002619,56,BlueCross,professional,imaging,oncology,out_of_network,True,True,True,57,3529.47,2816.31,0.122,False,False,True,network_coverage,1
CLM002620,61,Humana,pharmacy,evaluation,orthopedics,in_network,False,True,True,20,462.42,269.1,0.223,False,False,True,,1
CLM002621,79,BlueCross,professional,pharmacy,respiratory,in_network,False,True,True,26,194.18,138.21,0.061,False,False,True,,1
CLM002622,28,Humana,pharmacy,therapy,oncology,in_network,True,True,True,9,474.01,361.48,0.118,False,False,True,,0
CLM002623,76,Cigna,outpatient,surgery,oncology,in_network,True,True,True,26,8044.74,5797.03,0.161,False,False,True,,0
CLM002624,30,United,pharmacy,evaluation,respiratory,in_network,False,True,True,20,342.75,178.91,0.217,False,False,True,,0
CLM002625,28,BlueCross,outpatient,lab,oncology,out_of_network,False,True,True,31,337.5,198.94,0.107,False,False,True,,0
CLM002626,21,Humana,outpatient,imaging,cardiology,in_network,True,True,True,8,986.99,561.79,0.178,False,False,False,,0
CLM002627,25,Humana,outpatient,lab,oncology,in_network,False,True,True,77,189.17,106.25,0.202,False,False,True,,1
CLM002628,63,Humana,outpatient,pharmacy,respiratory,out_of_network,False,True,True,16,175.92,135.7,0.262,False,True,True,coding_mismatch,1
CLM002629,24,Aetna,outpatient,lab,oncology,out_of_network,False,True,True,28,446.07,353.64,0.114,False,False,True,,0
CLM002630,67,Cigna,outpatient,evaluation,cardiology,in_network,False,True,True,1,370.21,255.25,0.245,False,False,True,,0
CLM002631,24,Cigna,inpatient,therapy,cardiology,in_network,True,False,False,23,479.4,378.18,0.217,False,False,True,incomplete_documentation,1
CLM002632,32,BlueCross,outpatient,therapy,orthopedics,out_of_network,True,True,False,29,486.13,332.35,0.275,False,False,True,network_coverage,1
CLM002633,44,United,pharmacy,imaging,respiratory,in_network,True,True,True,45,1766.0,940.87,0.258,False,True,True,,0
CLM002634,79,United,professional,evaluation,orthopedics,out_of_network,False,True,True,31,337.18,273.91,0.186,False,False,True,,0
CLM002635,29,Aetna,outpatient,imaging,general,out_of_network,True,True,True,61,1328.11,1004.87,0.087,False,True,True,coding_mismatch,1
CLM002636,43,Humana,outpatient,lab,orthopedics,in_network,False,True,True,48,329.35,179.1,0.081,False,False,True,,0
CLM002637,25,United,outpatient,surgery,oncology,in_network,True,False,True,6,7650.97,6113.32,0.106,False,False,True,missing_prior_authorization,1
CLM002638,33,BlueCross,outpatient,lab,respiratory,in_network,False,True,True,62,267.72,224.45,0.083,False,False,True,,0
CLM002639,56,Humana,professional,therapy,respiratory,out_of_network,True,True,True,18,516.2,371.41,0.233,False,False,True,,0
CLM002640,72,Humana,outpatient,imaging,cardiology,out_of_network,True,False,True,23,1634.29,1194.02,0.093,False,False,False,coverage_inactive,1
CLM002641,55,Aetna,professional,lab,cardiology,in_network,False,True,False,5,232.85,179.09,0.114,False,False,True,,0
CLM002642,63,United,professional,pharmacy,cardiology,out_of_network,False,True,True,44,418.08,268.61,0.231,False,False,True,,0
CLM002643,43,Humana,outpatient,imaging,general,in_network,True,False,True,20,1597.12,991.45,0.112,False,False,True,,0
CLM002644,32,BlueCross,professional,lab,cardiology,out_of_network,False,True,True,21,399.52,234.15,0.126,False,False,True,,0
CLM002645,65,BlueCross,outpatient,lab,cardiology,in_network,False,True,True,24,295.69,155.15,0.023,False,False,True,,0
CLM002646,77,Humana,pharmacy,lab,respiratory,in_network,False,True,True,40,375.75,225.0,0.231,True,False,True,duplicate_claim,1
CLM002647,61,United,professional,evaluation,respiratory,in_network,False,True,True,57,696.8,470.37,0.297,False,False,True,,0
CLM002648,25,Aetna,professional,surgery,general,in_network,True,False,True,5,11716.37,7978.63,0.1,False,False,True,missing_prior_authorization,1
CLM002649,89,BlueCross,professional,lab,orthopedics,in_network,False,True,True,17,157.79,133.98,0.216,False,False,True,,0
CLM002650,31,Humana,professional,evaluation,respiratory,in_network,False,True,True,10,381.93,289.86,0.061,False,False,True,,0
CLM002651,57,Aetna,pharmacy,lab,cardiology,in_network,False,True,True,45,429.65,301.71,0.115,False,False,True,,0
CLM002652,73,United,outpatient,pharmacy,oncology,in_network,False,True,False,37,109.87,65.22,0.083,False,False,True,incomplete_documentation,1
CLM002653,88,BlueCross,professional,pharmacy,cardiology,in_network,False,True,True,31,411.64,250.89,0.149,False,False,True,,0
CLM002654,56,United,professional,imaging,general,out_of_network,True,True,True,21,2513.21,1444.71,0.12,False,False,True,,0
CLM002655,84,Aetna,outpatient,lab,oncology,in_network,False,True,True,40,274.75,162.11,0.14,False,False,False,coverage_inactive,1
CLM002656,49,United,pharmacy,surgery,orthopedics,in_network,True,True,True,26,8087.92,5078.95,0.204,False,False,True,,0
CLM002657,23,Aetna,outpatient,surgery,general,in_network,True,False,True,34,7250.95,5330.54,0.109,False,False,True,missing_prior_authorization,1
CLM002658,28,Humana,outpatient,therapy,cardiology,in_network,True,True,False,54,770.17,539.63,0.099,False,False,True,incomplete_documentation,1
CLM002659,83,BlueCross,inpatient,therapy,respiratory,in_network,True,True,True,34,271.73,173.92,0.037,False,False,True,,0
CLM002660,24,Cigna,outpatient,lab,oncology,in_network,False,True,False,21,641.69,511.98,0.058,False,False,True,incomplete_documentation,1
CLM002661,84,Aetna,professional,surgery,respiratory,in_network,True,True,True,13,13905.21,10316.38,0.016,False,False,True,,0
CLM002662,49,Humana,outpatient,surgery,orthopedics,in_network,True,True,True,12,11736.09,6937.41,0.134,False,False,True,,0
CLM002663,86,Humana,outpatient,pharmacy,general,in_network,False,True,True,16,231.86,146.47,0.051,False,False,True,,0
CLM002664,88,BlueCross,outpatient,pharmacy,oncology,in_network,False,True,True,30,143.36,103.03,0.16,False,False,True,,0
CLM002665,23,Cigna,outpatient,imaging,oncology,in_network,True,False,True,57,1487.49,1206.78,0.172,False,False,True,,0
CLM002666,62,Cigna,professional,evaluation,oncology,in_network,False,True,True,11,174.42,94.76,0.114,False,False,True,,0
CLM002667,20,Humana,pharmacy,lab,orthopedics,in_network,True,True,True,52,148.16,115.6,0.118,False,False,False,,0
CLM002668,40,Cigna,inpatient,evaluation,orthopedics,in_network,True,True,True,15,164.4,99.13,0.04,False,False,False,coverage_inactive,1
CLM002669,86,Aetna,outpatient,therapy,cardiology,in_network,True,True,False,58,505.07,359.88,0.117,False,False,True,,0
CLM002670,89,Cigna,outpatient,pharmacy,oncology,in_network,False,True,True,15,159.75,98.13,0.061,False,False,True,,0
CLM002671,27,BlueCross,professional,imaging,oncology,in_network,True,True,True,14,1241.75,676.04,0.123,False,False,True,,0
CLM002672,89,Cigna,outpatient,lab,orthopedics,in_network,False,False,True,6,262.71,139.69,0.303,False,False,True,,1
CLM002673,31,BlueCross,outpatient,pharmacy,general,in_network,False,True,True,17,341.64,237.78,0.11,False,True,True,coding_mismatch,1
CLM002674,42,BlueCross,outpatient,surgery,cardiology,in_network,True,True,True,16,4659.52,3743.34,0.102,False,False,True,,0
CLM002675,55,BlueCross,professional,imaging,general,in_network,True,True,False,34,2570.22,1947.61,0.128,False,False,True,,0
CLM002676,33,BlueCross,outpatient,evaluation,general,in_network,False,True,True,12,352.55,296.98,0.103,False,False,True,,0
CLM002677,22,Humana,outpatient,evaluation,cardiology,out_of_network,False,True,True,27,367.49,255.94,0.246,False,True,True,coding_mismatch,1
CLM002678,31,BlueCross,professional,evaluation,respiratory,in_network,False,True,True,16,377.17,259.03,0.34,False,False,True,,0
CLM002679,22,Humana,professional,evaluation,orthopedics,in_network,False,True,True,42,402.67,220.97,0.093,False,False,True,,0
CLM002680,60,Cigna,outpatient,evaluation,cardiology,in_network,False,True,True,38,567.09,423.26,0.201,False,False,True,,0
CLM002681,64,Humana,professional,imaging,general,out_of_network,True,True,True,35,1686.39,1275.58,0.37,False,False,True,,0
CLM002682,40,Aetna,professional,therapy,cardiology,in_network,True,False,True,2,273.08,173.55,0.094,False,False,True,,0
CLM002683,78,BlueCross,inpatient,evaluation,orthopedics,in_network,True,True,True,11,181.15,100.53,0.061,False,False,True,,0
CLM002684,74,United,professional,evaluation,cardiology,out_of_network,False,True,True,44,624.64,424.7,0.078,False,False,True,,0
CLM002685,42,United,outpatient,surgery,cardiology,in_network,True,True,True,14,11578.88,6198.4,0.095,False,False,True,,1
CLM002686,43,Aetna,professional,imaging,cardiology,in_network,True,True,True,41,3054.63,2609.98,0.072,False,False,True,,1
CLM002687,46,United,outpatient,evaluation,general,in_network,False,True,True,6,177.24,142.75,0.216,False,False,True,,0
CLM002688,61,United,professional,surgery,cardiology,in_network,True,False,True,33,11347.55,8916.51,0.065,False,False,True,,0
CLM002689,78,Aetna,outpatient,imaging,respiratory,in_network,True,False,True,30,2000.84,1419.59,0.066,False,False,True,missing_prior_authorization,1
CLM002690,35,BlueCross,outpatient,evaluation,cardiology,in_network,False,True,True,31,386.2,210.65,0.151,False,False,True,,0
CLM002691,41,Aetna,pharmacy,therapy,general,in_network,True,True,True,61,452.1,353.69,0.089,False,False,True,,0
CLM002692,52,United,outpatient,lab,general,in_network,False,True,True,10,207.72,114.37,0.048,False,False,True,,0
CLM002693,36,United,professional,imaging,respiratory,out_of_network,True,True,True,42,1592.88,1169.37,0.117,False,False,True,network_coverage,1
CLM002694,65,Humana,pharmacy,imaging,general,in_network,True,True,True,27,1517.67,1126.14,0.136,False,False,True,,0
CLM002695,23,BlueCross,professional,evaluation,orthopedics,in_network,False,True,True,71,576.01,373.92,0.267,False,False,True,,1
CLM002696,89,United,outpatient,therapy,respiratory,out_of_network,True,True,True,17,374.46,223.04,0.31,False,False,True,,0
CLM002697,38,United,professional,imaging,orthopedics,in_network,True,False,False,48,1145.06,777.24,0.232,False,False,True,incomplete_documentation,1
CLM002698,39,United,inpatient,lab,respiratory,in_network,True,True,True,66,469.62,382.84,0.171,False,True,True,,0
CLM002699,37,BlueCross,outpatient,imaging,general,in_network,True,False,True,11,757.96,450.32,0.089,False,False,True,,0
CLM002700,72,Humana,professional,imaging,respiratory,in_network,True,True,True,15,1654.73,928.62,0.168,False,True,True,coding_mismatch,1
CLM002701,30,Humana,professional,surgery,orthopedics,in_network,True,True,True,42,2730.61,2320.11,0.037,False,False,True,,0
CLM002702,61,Aetna,outpatient,therapy,respiratory,out_of_network,True,True,True,34,530.39,307.16,0.09,False,False,True,,0
CLM002703,66,Cigna,outpatient,surgery,general,in_network,True,True,True,20,6106.39,3705.31,0.292,False,True,True,,0
CLM002704,72,Cigna,professional,lab,general,in_network,False,True,True,28,395.67,321.56,0.137,False,False,True,,1
CLM002705,56,Cigna,professional,lab,respiratory,out_of_network,False,True,False,20,190.35,132.46,0.067,False,False,True,network_coverage,1
CLM002706,62,BlueCross,outpatient,lab,respiratory,in_network,False,True,False,20,144.61,104.58,0.198,False,False,False,coverage_inactive,1
CLM002707,50,Humana,pharmacy,imaging,respiratory,in_network,True,True,True,14,909.98,678.73,0.107,False,False,True,,0
CLM002708,25,United,outpatient,imaging,respiratory,in_network,True,True,False,37,1066.53,663.04,0.028,False,False,True,,0
CLM002709,19,Humana,outpatient,imaging,cardiology,out_of_network,True,False,True,15,1503.73,865.31,0.157,False,False,True,network_coverage,1
CLM002710,35,United,professional,lab,general,in_network,False,True,True,6,182.52,121.39,0.132,False,False,False,,0
CLM002711,69,Humana,pharmacy,evaluation,cardiology,out_of_network,False,True,False,24,514.74,439.92,0.033,False,False,True,network_coverage,1
CLM002712,69,BlueCross,outpatient,imaging,oncology,in_network,True,False,False,30,826.05,486.96,0.122,False,False,True,,0
CLM002713,61,Humana,outpatient,evaluation,orthopedics,out_of_network,False,True,True,9,552.95,472.39,0.121,False,False,True,,0
CLM002714,71,Humana,inpatient,evaluation,orthopedics,in_network,True,True,True,27,238.08,156.41,0.075,False,False,True,,0
CLM002715,75,United,professional,imaging,orthopedics,in_network,True,True,True,9,525.11,335.69,0.126,False,False,True,,0
CLM002716,63,BlueCross,outpatient,imaging,cardiology,in_network,True,True,True,12,1257.59,700.1,0.064,False,False,True,,0
CLM002717,52,Aetna,outpatient,surgery,oncology,in_network,True,False,True,13,11274.69,6097.31,0.094,False,False,True,missing_prior_authorization,1
CLM002718,32,Humana,pharmacy,imaging,oncology,in_network,True,False,True,35,879.06,476.68,0.361,False,False,True,,0
CLM002719,26,Humana,inpatient,therapy,oncology,in_network,True,True,False,10,505.81,398.86,0.047,False,False,True,,0
CLM002720,25,Humana,outpatient,imaging,cardiology,in_network,True,False,True,47,1087.24,899.25,0.182,False,False,False,,0
CLM002721,25,Humana,outpatient,evaluation,respiratory,in_network,False,False,True,51,257.86,198.24,0.126,False,False,True,,0
CLM002722,71,Cigna,professional,therapy,cardiology,in_network,True,True,True,12,637.52,488.93,0.054,False,True,True,,0
CLM002723,67,Aetna,outpatient,evaluation,general,in_network,False,True,True,34,447.57,291.78,0.026,False,False,True,,0
CLM002724,63,United,outpatient,evaluation,cardiology,in_network,False,True,True,30,199.45,121.36,0.056,False,False,False,coverage_inactive,1
CLM002725,54,BlueCross,outpatient,therapy,cardiology,in_network,True,True,True,29,312.29,207.12,0.025,False,False,True,,0
CLM002726,58,BlueCross,professional,pharmacy,orthopedics,in_network,False,True,False,53,267.77,173.41,0.231,False,False,True,,0
CLM002727,36,United,professional,pharmacy,oncology,in_network,False,True,True,19,120.26,64.85,0.15,False,False,False,,0
CLM002728,19,Humana,inpatient,lab,general,out_of_network,True,True,False,27,213.02,126.73,0.023,True,False,False,duplicate_claim,1
CLM002729,77,Cigna,outpatient,imaging,oncology,out_of_network,True,True,False,33,1597.03,870.24,0.097,False,False,True,network_coverage,1
CLM002730,62,Humana,pharmacy,lab,orthopedics,in_network,False,True,True,3,181.3,127.51,0.125,False,False,True,,0
CLM002731,86,Aetna,inpatient,surgery,general,in_network,True,False,True,40,7257.35,5654.03,0.276,False,False,True,missing_prior_authorization,1
CLM002732,74,BlueCross,outpatient,therapy,orthopedics,in_network,True,True,True,69,430.04,297.72,0.088,False,False,True,,0
CLM002733,45,BlueCross,outpatient,lab,general,in_network,False,True,False,4,213.28,152.6,0.117,False,True,True,coding_mismatch,1
CLM002734,51,Cigna,outpatient,therapy,oncology,in_network,True,True,True,28,534.13,433.65,0.362,False,False,True,,0
CLM002735,45,BlueCross,outpatient,evaluation,orthopedics,out_of_network,False,True,True,21,470.22,363.98,0.121,False,False,True,network_coverage,1
CLM002736,21,Aetna,outpatient,surgery,orthopedics,out_of_network,True,True,False,30,26977.35,20846.21,0.118,False,False,True,,0
CLM002737,32,Humana,outpatient,therapy,cardiology,in_network,True,False,True,40,643.27,468.39,0.167,False,False,True,,0
CLM002738,38,Cigna,outpatient,lab,respiratory,in_network,False,True,False,14,229.94,152.47,0.307,False,False,True,,0
CLM002739,81,BlueCross,professional,evaluation,oncology,in_network,False,True,True,31,701.98,377.4,0.191,False,True,True,coding_mismatch,1
CLM002740,30,United,outpatient,evaluation,respiratory,in_network,True,False,True,53,224.71,189.48,0.164,False,False,True,missing_prior_authorization,1
CLM002741,21,BlueCross,inpatient,imaging,respiratory,in_network,True,True,False,44,3213.76,2271.14,0.326,False,False,True,,0
CLM002742,62,Aetna,professional,evaluation,cardiology,in_network,False,True,True,37,1059.75,589.34,0.178,False,False,True,,0
CLM002743,39,United,outpatient,imaging,general,in_network,True,True,True,19,1996.43,1113.1,0.125,False,False,True,,0
CLM002744,26,Aetna,professional,evaluation,oncology,out_of_network,False,True,True,17,422.81,321.36,0.071,False,False,True,,0
CLM002745,45,Aetna,outpatient,therapy,respiratory,in_network,True,True,True,29,753.49,410.3,0.053,False,False,True,,0
CLM002746,20,Cigna,professional,lab,cardiology,in_network,False,True,True,29,412.89,222.09,0.131,False,False,True,,1
CLM002747,50,Cigna,outpatient,evaluation,respiratory,out_of_network,False,True,True,44,296.45,217.9,0.047,False,False,True,,0
CLM002748,76,BlueCross,outpatient,evaluation,respiratory,in_network,False,True,True,28,480.64,356.17,0.1,False,False,True,,0
CLM002749,58,United,outpatient,evaluation,orthopedics,in_network,True,False,True,40,302.84,211.99,0.203,False,False,True,missing_prior_authorization,1
CLM002750,84,BlueCross,inpatient,therapy,general,in_network,True,False,True,5,337.3,242.68,0.111,False,False,True,,0
CLM002751,89,United,outpatient,evaluation,respiratory,in_network,False,True,True,37,388.52,314.89,0.02,False,False,True,,0
CLM002752,78,Humana,professional,lab,general,in_network,False,True,True,37,248.07,153.64,0.04,False,False,True,,0
CLM002753,73,Aetna,professional,evaluation,general,out_of_network,False,True,True,51,247.69,141.48,0.215,True,False,True,duplicate_claim,1
CLM002754,60,Cigna,inpatient,evaluation,orthopedics,in_network,True,True,True,4,631.54,500.64,0.053,False,True,True,coding_mismatch,1
CLM002755,24,Aetna,pharmacy,imaging,general,in_network,True,True,True,60,1475.98,936.6,0.275,False,False,True,,0
CLM002756,43,United,professional,surgery,respiratory,in_network,True,False,False,22,13404.78,7620.36,0.151,False,False,True,incomplete_documentation,1
CLM002757,83,Humana,professional,surgery,cardiology,in_network,True,True,True,18,13997.46,10976.1,0.089,False,False,True,,0
CLM002758,23,Cigna,professional,imaging,respiratory,out_of_network,True,True,True,42,1339.98,983.88,0.101,False,False,True,,0
CLM002759,73,Humana,professional,lab,oncology,in_network,False,True,True,20,637.61,511.91,0.12,False,False,True,,0
CLM002760,46,Humana,outpatient,surgery,general,in_network,True,False,True,2,23761.21,16247.02,0.12,False,False,True,missing_prior_authorization,1
CLM002761,84,Cigna,professional,therapy,cardiology,in_network,True,True,True,33,317.26,223.33,0.128,False,False,True,,0
CLM002762,31,BlueCross,pharmacy,imaging,orthopedics,in_network,True,True,True,33,1386.66,973.96,0.093,False,False,True,,1
CLM002763,48,BlueCross,inpatient,surgery,orthopedics,out_of_network,True,True,True,98,13695.37,11649.66,0.072,False,False,True,,0
CLM002764,76,BlueCross,outpatient,evaluation,oncology,in_network,False,True,True,90,253.96,162.02,0.177,False,False,True,,0
CLM002765,47,Humana,inpatient,lab,respiratory,in_network,True,True,True,48,202.8,110.35,0.105,False,False,True,,0
CLM002766,78,Cigna,pharmacy,lab,orthopedics,in_network,False,True,True,13,707.4,400.24,0.169,False,False,True,,0
CLM002767,44,Cigna,outpatient,evaluation,respiratory,in_network,False,True,True,34,272.5,157.79,0.158,False,False,False,,0
CLM002768,51,Humana,professional,pharmacy,cardiology,in_network,False,True,True,10,471.21,248.76,0.257,False,False,False,,0
CLM002769,69,Cigna,professional,therapy,orthopedics,in_network,True,False,True,24,853.12,455.08,0.378,False,False,True,,0
CLM002770,40,United,pharmacy,imaging,respiratory,in_network,True,True,True,20,1682.15,935.52,0.178,False,False,True,,0
CLM002771,76,BlueCross,outpatient,imaging,orthopedics,out_of_network,True,True,True,72,3369.23,2722.08,0.214,False,False,True,,0
CLM002772,68,Aetna,professional,pharmacy,oncology,in_network,False,False,True,22,298.7,179.42,0.231,False,False,True,,1
CLM002773,80,Cigna,pharmacy,evaluation,respiratory,in_network,False,True,True,46,446.34,362.59,0.184,False,False,True,,0
CLM002774,63,Cigna,inpatient,evaluation,orthopedics,in_network,True,True,True,27,542.27,310.84,0.173,False,False,False,,0
CLM002775,80,United,professional,evaluation,general,in_network,False,True,True,46,272.87,228.34,0.061,False,False,True,,0
CLM002776,59,Humana,outpatient,imaging,general,in_network,True,False,True,3,1263.93,1046.23,0.173,False,False,True,,0
CLM002777,51,United,professional,lab,general,in_network,False,True,True,23,129.62,107.09,0.146,False,False,True,,0
CLM002778,84,Aetna,outpatient,evaluation,oncology,in_network,False,True,False,45,477.17,344.56,0.033,False,False,True,,0
CLM002779,49,Cigna,outpatient,evaluation,orthopedics,in_network,False,False,True,45,257.72,163.37,0.284,False,False,True,,1
CLM002780,38,United,inpatient,surgery,general,in_network,True,False,True,39,4818.57,3567.8,0.225,False,False,True,,0
CLM002781,76,Cigna,inpatient,therapy,respiratory,in_network,True,True,True,18,651.64,389.66,0.134,False,False,True,,0
CLM002782,41,BlueCross,inpatient,imaging,respiratory,out_of_network,True,True,True,39,1654.24,923.08,0.258,False,False,True,network_coverage,1
CLM002783,19,Humana,professional,pharmacy,cardiology,in_network,False,True,True,36,417.74,339.19,0.132,False,False,False,,0
CLM002784,21,United,outpatient,surgery,general,out_of_network,True,False,True,28,18847.77,10725.41,0.046,False,False,False,coverage_inactive,1
CLM002785,70,BlueCross,outpatient,evaluation,oncology,in_network,False,True,False,43,641.1,393.29,0.054,False,False,True,incomplete_documentation,1
CLM002786,33,Cigna,professional,surgery,respiratory,in_network,True,True,False,12,9069.1,7388.96,0.155,False,False,True,,0
CLM002787,45,United,professional,therapy,general,in_network,True,True,True,23,572.32,456.12,0.096,True,False,True,,0
CLM002788,51,Aetna,outpatient,evaluation,cardiology,in_network,False,True,True,7,528.0,386.18,0.218,False,False,True,,0
CLM002789,45,Aetna,pharmacy,lab,cardiology,out_of_network,False,False,True,8,107.9,69.05,0.103,False,True,True,,0
CLM002790,77,Humana,outpatient,evaluation,cardiology,in_network,False,True,True,13,168.48,90.6,0.267,False,True,True,,0
CLM002791,78,Humana,professional,pharmacy,respiratory,out_of_network,False,True,True,66,260.68,206.62,0.035,False,False,True,network_coverage,1
CLM002792,31,Aetna,inpatient,evaluation,general,in_network,True,True,True,45,160.17,88.8,0.122,False,True,True,,0
CLM002793,22,Cigna,professional,lab,cardiology,in_network,False,True,True,15,169.17,113.67,0.164,False,False,True,,0
CLM002794,55,Humana,pharmacy,evaluation,cardiology,in_network,False,True,True,20,446.96,381.85,0.049,False,False,True,,0
CLM002795,79,United,professional,therapy,oncology,in_network,True,False,True,18,583.99,425.88,0.219,False,False,True,missing_prior_authorization,1
CLM002796,40,United,outpatient,therapy,orthopedics,in_network,True,True,True,36,676.87,359.54,0.17,False,False,True,,0
CLM002797,46,BlueCross,professional,lab,cardiology,out_of_network,False,True,True,12,200.01,104.5,0.163,False,False,True,network_coverage,1
CLM002798,74,Cigna,outpatient,therapy,respiratory,in_network,True,True,True,73,745.81,583.53,0.109,False,False,True,,0
CLM002799,49,Humana,professional,imaging,general,in_network,True,True,True,75,958.44,631.71,0.063,False,False,True,,0
CLM002800,63,BlueCross,professional,lab,orthopedics,in_network,False,True,True,31,314.33,196.19,0.171,False,False,True,,0
CLM002801,81,Aetna,pharmacy,imaging,cardiology,in_network,True,False,True,19,1902.14,1321.75,0.113,False,False,True,missing_prior_authorization,1
CLM002802,21,Cigna,outpatient,lab,orthopedics,out_of_network,False,True,True,55,854.2,542.39,0.067,False,False,True,,0
CLM002803,21,Humana,inpatient,imaging,cardiology,in_network,True,True,True,43,3021.45,2344.94,0.121,False,False,False,,0
CLM002804,29,Cigna,professional,surgery,oncology,in_network,True,True,True,11,12972.92,9754.78,0.279,False,False,False,coverage_inactive,1
CLM002805,55,Humana,inpatient,evaluation,cardiology,in_network,True,True,False,25,296.77,183.97,0.137,False,False,True,,0
CLM002806,72,Humana,outpatient,therapy,orthopedics,out_of_network,True,True,True,24,716.72,601.8,0.086,True,False,True,,0
CLM002807,26,United,outpatient,imaging,cardiology,in_network,True,False,True,2,1638.39,1395.63,0.146,False,False,True,missing_prior_authorization,1
CLM002808,66,Humana,professional,evaluation,respiratory,out_of_network,False,False,False,41,352.15,251.45,0.151,False,False,True,network_coverage,1
CLM002809,23,Aetna,outpatient,pharmacy,oncology,in_network,False,True,True,19,269.17,164.77,0.223,False,False,True,,0
CLM002810,26,Cigna,outpatient,pharmacy,cardiology,in_network,False,True,True,30,281.69,198.19,0.051,False,False,True,,0
CLM002811,84,Aetna,inpatient,evaluation,cardiology,out_of_network,True,True,False,52,654.53,504.02,0.162,False,False,True,network_coverage,1
CLM002812,39,Humana,professional,pharmacy,oncology,out_of_network,False,True,True,27,163.3,129.23,0.051,False,False,True,,0
CLM002813,47,United,professional,therapy,oncology,in_network,True,True,True,42,489.03,395.2,0.127,False,False,True,,0
CLM002814,37,Humana,inpatient,pharmacy,cardiology,in_network,True,True,True,23,306.01,238.87,0.09,False,False,True,,0
CLM002815,42,BlueCross,inpatient,pharmacy,orthopedics,out_of_network,True,True,True,6,377.84,297.85,0.112,False,False,True,network_coverage,1
CLM002816,51,Humana,outpatient,lab,respiratory,in_network,False,True,False,62,225.62,145.47,0.09,False,False,True,,0
CLM002817,32,Aetna,outpatient,evaluation,oncology,in_network,False,True,True,64,333.83,214.24,0.125,True,False,True,duplicate_claim,1
CLM002818,19,BlueCross,professional,evaluation,cardiology,in_network,False,True,True,10,283.8,197.19,0.272,False,False,True,,0
CLM002819,68,BlueCross,outpatient,evaluation,orthopedics,in_network,False,False,True,77,445.38,359.9,0.245,False,True,True,,0
CLM002820,56,Cigna,pharmacy,pharmacy,cardiology,in_network,False,True,False,21,94.63,64.44,0.127,False,False,True,,0
CLM002821,56,BlueCross,outpatient,lab,general,in_network,False,True,True,25,156.84,111.92,0.084,False,False,True,,0
CLM002822,29,Cigna,professional,lab,general,in_network,False,True,True,40,186.43,117.65,0.258,False,False,True,,0
CLM002823,69,Aetna,inpatient,evaluation,orthopedics,in_network,True,True,True,33,436.3,252.38,0.189,False,False,True,,0
CLM002824,70,United,pharmacy,evaluation,orthopedics,out_of_network,False,True,True,4,882.0,727.18,0.175,False,False,True,,0
CLM002825,52,BlueCross,pharmacy,evaluation,cardiology,in_network,False,True,True,56,401.29,243.34,0.153,False,False,True,,0
CLM002826,57,United,professional,evaluation,respiratory,out_of_network,False,True,True,23,268.86,188.1,0.1,False,False,True,,0
CLM002827,45,Aetna,outpatient,evaluation,general,in_network,False,True,True,17,307.61,262.22,0.102,False,False,True,,0
CLM002828,74,United,outpatient,pharmacy,orthopedics,in_network,False,True,True,38,129.05,89.52,0.206,False,False,True,,0
CLM002829,84,Humana,professional,imaging,respiratory,in_network,True,True,True,30,1215.06,804.15,0.248,False,False,False,,0
CLM002830,63,BlueCross,professional,pharmacy,orthopedics,in_network,False,True,True,62,129.39,79.98,0.248,False,False,True,,0
CLM002831,25,Humana,outpatient,imaging,general,in_network,True,True,True,59,1153.72,714.16,0.219,False,False,True,,0
CLM002832,83,Humana,outpatient,therapy,orthopedics,in_network,True,False,True,17,337.04,270.47,0.138,False,False,True,,0
CLM002833,57,Humana,outpatient,imaging,cardiology,in_network,True,True,True,21,3418.02,2318.93,0.029,False,False,True,,0
CLM002834,86,United,professional,therapy,general,in_network,True,True,True,10,587.81,359.41,0.047,True,False,True,,0
CLM002835,70,United,professional,lab,general,in_network,False,True,True,59,161.75,127.17,0.13,False,False,True,,0
CLM002836,62,Aetna,professional,imaging,orthopedics,out_of_network,True,False,True,49,1801.64,1325.51,0.087,False,False,True,network_coverage,1
CLM002837,40,BlueCross,professional,evaluation,general,in_network,False,True,True,17,744.48,527.95,0.217,True,False,True,,0
CLM002838,63,Aetna,outpatient,evaluation,orthopedics,in_network,False,True,True,45,497.77,309.82,0.077,False,False,True,,0
CLM002839,34,Aetna,outpatient,imaging,orthopedics,in_network,True,True,False,13,1263.73,670.97,0.224,False,False,True,,0
CLM002840,43,Aetna,inpatient,evaluation,oncology,in_network,True,True,True,32,262.04,180.17,0.174,False,False,False,,0
CLM002841,64,Humana,professional,imaging,respiratory,in_network,True,True,True,34,1576.53,1166.94,0.027,False,False,True,,0
CLM002842,85,Humana,outpatient,imaging,orthopedics,in_network,True,True,True,31,1075.21,673.28,0.266,False,False,True,,0
CLM002843,56,Aetna,outpatient,imaging,respiratory,in_network,True,True,True,7,2290.59,1602.59,0.095,False,False,False,,0
CLM002844,76,Cigna,outpatient,therapy,respiratory,in_network,True,True,True,42,1540.29,1180.91,0.102,False,False,True,,1
CLM002845,49,Aetna,outpatient,evaluation,cardiology,in_network,False,True,True,15,367.57,218.67,0.137,False,False,True,,0
CLM002846,35,Aetna,professional,therapy,general,in_network,True,False,False,8,513.93,322.11,0.055,False,False,True,incomplete_documentation,1
CLM002847,24,Aetna,outpatient,evaluation,cardiology,out_of_network,False,True,True,41,268.14,214.56,0.097,False,False,True,,0
CLM002848,36,Cigna,inpatient,therapy,oncology,in_network,True,True,True,64,988.55,650.39,0.068,False,False,True,,0
CLM002849,26,Aetna,professional,evaluation,oncology,in_network,False,True,True,8,433.68,336.82,0.248,False,True,True,coding_mismatch,1
CLM002850,71,Humana,outpatient,pharmacy,oncology,in_network,False,True,True,2,90.46,71.97,0.142,False,False,True,,0
CLM002851,25,United,outpatient,lab,cardiology,in_network,False,True,False,17,282.45,154.9,0.16,False,False,True,incomplete_documentation,1
CLM002852,43,United,outpatient,imaging,orthopedics,in_network,True,True,False,32,1358.67,1017.89,0.162,False,False,True,,0
CLM002853,81,United,professional,imaging,cardiology,in_network,True,True,True,13,1459.21,925.46,0.157,False,False,True,,0
CLM002854,77,Humana,outpatient,therapy,general,in_network,True,True,True,33,410.37,330.26,0.081,False,False,True,,0
CLM002855,78,United,professional,therapy,cardiology,in_network,True,True,True,16,517.58,300.77,0.237,False,False,True,,0
CLM002856,84,United,pharmacy,surgery,oncology,in_network,True,False,True,10,5742.76,4712.65,0.217,False,False,True,,0
CLM002857,54,BlueCross,professional,pharmacy,orthopedics,in_network,False,True,True,3,206.22,115.42,0.135,False,False,True,,0
CLM002858,26,Humana,outpatient,pharmacy,cardiology,in_network,False,True,True,54,284.42,228.69,0.098,False,False,True,,0
CLM002859,33,BlueCross,professional,surgery,orthopedics,in_network,True,True,True,35,8558.68,5244.88,0.156,False,False,True,,0
CLM002860,55,United,outpatient,surgery,general,in_network,True,False,True,41,6771.04,3658.5,0.171,False,True,True,coding_mismatch,1
CLM002861,32,Aetna,outpatient,surgery,oncology,out_of_network,True,False,True,1,23927.17,14269.69,0.235,False,False,True,network_coverage,1
CLM002862,81,Cigna,outpatient,lab,general,in_network,False,True,False,20,403.02,243.07,0.247,False,False,True,,0
CLM002863,49,BlueCross,outpatient,evaluation,general,in_network,False,True,True,60,213.22,139.33,0.052,False,False,True,,0
CLM002864,57,United,inpatient,therapy,oncology,in_network,True,True,True,102,410.21,265.26,0.1,False,False,True,,0
CLM002865,26,BlueCross,outpatient,imaging,general,out_of_network,True,True,True,47,1881.02,1169.75,0.052,True,False,True,duplicate_claim,1
CLM002866,28,United,inpatient,lab,orthopedics,in_network,True,False,True,26,275.41,228.69,0.131,False,False,True,missing_prior_authorization,1
CLM002867,75,Cigna,outpatient,imaging,oncology,in_network,True,True,True,14,1821.92,1399.63,0.365,False,False,True,,0
CLM002868,74,Humana,outpatient,lab,respiratory,in_network,False,True,True,34,211.24,129.25,0.07,False,True,True,coding_mismatch,1
CLM002869,61,Cigna,pharmacy,lab,oncology,in_network,False,True,True,5,157.88,98.48,0.172,False,False,True,,0
CLM002870,32,Cigna,inpatient,evaluation,general,in_network,True,True,True,11,384.69,304.91,0.181,False,False,False,,0
CLM002871,51,BlueCross,professional,therapy,cardiology,out_of_network,True,True,False,22,479.41,250.02,0.064,False,False,True,,0
CLM002872,53,BlueCross,outpatient,evaluation,oncology,out_of_network,False,True,False,47,598.19,462.23,0.059,False,False,True,,0
CLM002873,36,Humana,inpatient,imaging,respiratory,in_network,True,False,True,27,1757.16,1217.33,0.149,False,False,True,,0
CLM002874,87,BlueCross,outpatient,evaluation,orthopedics,in_network,False,True,True,39,761.52,620.81,0.279,False,False,True,,1
CLM002875,49,United,inpatient,imaging,general,in_network,True,True,True,33,2504.21,2127.44,0.158,False,False,True,,0
CLM002876,82,Aetna,outpatient,lab,orthopedics,in_network,False,True,True,18,329.45,179.36,0.134,False,False,True,,0
CLM002877,55,BlueCross,outpatient,evaluation,orthopedics,in_network,False,True,True,6,289.67,187.23,0.147,False,False,True,,0
CLM002878,61,Aetna,outpatient,evaluation,orthopedics,out_of_network,False,True,True,14,316.74,202.02,0.049,False,True,True,,0
CLM002879,88,United,outpatient,imaging,respiratory,in_network,True,False,True,30,2232.3,1801.7,0.264,False,False,True,,0
CLM002880,29,Cigna,inpatient,therapy,cardiology,in_network,True,False,False,14,595.88,446.19,0.111,False,False,True,incomplete_documentation,1
CLM002881,60,Aetna,outpatient,evaluation,cardiology,in_network,False,True,True,29,239.17,195.46,0.184,False,False,True,,1
CLM002882,45,Aetna,inpatient,pharmacy,respiratory,in_network,True,True,True,73,212.31,132.84,0.247,False,True,True,,0
CLM002883,31,United,outpatient,evaluation,orthopedics,in_network,False,True,True,5,317.13,180.04,0.086,False,False,True,,0
CLM002884,35,United,outpatient,imaging,cardiology,in_network,True,True,True,40,1197.82,899.57,0.086,False,False,True,,0
CLM002885,31,BlueCross,outpatient,therapy,orthopedics,in_network,True,True,True,5,527.02,319.35,0.065,False,False,True,,0
CLM002886,66,Humana,outpatient,imaging,orthopedics,in_network,True,True,True,34,1035.53,833.76,0.33,False,False,True,,0
CLM002887,63,BlueCross,inpatient,imaging,cardiology,in_network,True,True,True,40,802.13,618.72,0.014,False,False,True,,0
CLM002888,72,United,pharmacy,therapy,general,in_network,True,True,True,15,1145.57,757.15,0.168,False,False,True,,0
CLM002889,76,Humana,inpatient,evaluation,cardiology,out_of_network,True,True,True,52,419.58,244.62,0.04,False,False,True,,0
CLM002890,62,Cigna,inpatient,imaging,oncology,in_network,True,False,True,35,1800.93,1143.05,0.308,False,False,True,,0
CLM002891,41,United,inpatient,evaluation,orthopedics,in_network,True,True,True,81,169.11,120.06,0.139,False,True,True,coding_mismatch,1
CLM002892,61,BlueCross,pharmacy,evaluation,orthopedics,in_network,True,False,True,17,185.75,126.14,0.217,False,False,True,missing_prior_authorization,1
CLM002893,62,United,professional,evaluation,cardiology,out_of_network,False,True,True,18,303.56,218.73,0.22,False,False,True,,0
CLM002894,40,BlueCross,professional,surgery,general,in_network,True,False,True,7,6100.42,5128.79,0.138,False,False,True,missing_prior_authorization,1
CLM002895,81,United,pharmacy,lab,general,in_network,False,True,True,97,153.09,128.19,0.122,False,False,True,,0
CLM002896,50,United,inpatient,imaging,cardiology,out_of_network,True,True,False,54,1209.87,864.43,0.259,False,False,True,network_coverage,1
CLM002897,52,Cigna,pharmacy,surgery,cardiology,out_of_network,True,True,False,9,17879.01,10991.76,0.246,False,False,True,network_coverage,1
CLM002898,88,Aetna,outpatient,lab,general,in_network,True,True,True,39,172.05,97.18,0.156,False,False,True,,0
CLM002899,51,Humana,professional,lab,oncology,in_network,False,True,False,68,90.41,48.58,0.01,False,False,True,,0
CLM002900,83,Humana,outpatient,imaging,cardiology,in_network,True,True,False,18,1438.02,832.25,0.211,False,False,True,,0
CLM002901,43,United,outpatient,surgery,cardiology,in_network,True,True,True,16,7441.78,5145.66,0.236,False,True,True,,0
CLM002902,69,BlueCross,pharmacy,pharmacy,oncology,in_network,False,True,True,5,388.3,212.74,0.058,False,False,True,,0
CLM002903,86,BlueCross,inpatient,evaluation,oncology,out_of_network,True,True,False,50,440.55,241.46,0.16,False,False,True,network_coverage,1
CLM002904,80,BlueCross,pharmacy,lab,respiratory,in_network,False,True,True,14,421.62,308.89,0.259,False,False,True,,0
CLM002905,30,BlueCross,outpatient,pharmacy,cardiology,in_network,True,True,True,7,174.59,101.86,0.132,False,True,True,,0
CLM002906,68,Aetna,professional,surgery,orthopedics,in_network,True,True,False,37,7034.67,4625.81,0.194,False,False,True,,0
CLM002907,33,Aetna,pharmacy,lab,orthopedics,in_network,False,True,False,6,311.71,190.71,0.161,False,False,True,,0
CLM002908,64,Cigna,inpatient,evaluation,oncology,in_network,True,True,True,32,192.28,129.62,0.043,False,False,True,,0
CLM002909,71,United,pharmacy,lab,orthopedics,in_network,False,True,True,8,395.72,315.63,0.052,False,False,True,,0
CLM002910,72,Aetna,outpatient,surgery,orthopedics,out_of_network,True,False,False,40,10460.03,8393.91,0.087,False,False,True,network_coverage,1
CLM002911,80,BlueCross,professional,lab,general,in_network,False,True,True,10,118.41,61.91,0.235,False,False,True,,0
CLM002912,35,United,inpatient,therapy,oncology,in_network,True,True,True,15,615.59,375.45,0.037,False,False,True,,0
CLM002913,28,Aetna,outpatient,therapy,oncology,in_network,True,False,True,26,443.07,324.3,0.18,False,False,True,missing_prior_authorization,1
CLM002914,87,Aetna,professional,lab,cardiology,out_of_network,False,True,True,17,187.04,128.67,0.066,False,False,True,,0
CLM002915,65,United,outpatient,lab,cardiology,in_network,False,True,True,99,286.19,242.61,0.088,False,True,True,coding_mismatch,1
CLM002916,49,BlueCross,inpatient,surgery,respiratory,in_network,True,True,True,11,7352.73,4748.46,0.224,False,False,True,,0
CLM002917,48,BlueCross,outpatient,therapy,general,in_network,True,False,True,8,671.1,490.56,0.217,False,False,True,missing_prior_authorization,1
CLM002918,21,Aetna,professional,surgery,oncology,in_network,True,True,True,72,8658.26,5760.52,0.215,False,False,True,,0
CLM002919,88,Cigna,inpatient,evaluation,cardiology,in_network,True,False,True,20,411.74,291.0,0.269,False,False,True,missing_prior_authorization,1
CLM002920,31,United,professional,evaluation,oncology,in_network,False,True,False,38,294.68,165.15,0.155,False,True,True,,0
CLM002921,68,United,pharmacy,lab,orthopedics,in_network,False,True,True,13,120.39,82.83,0.204,False,True,True,,0
CLM002922,65,Humana,inpatient,evaluation,cardiology,out_of_network,True,False,True,18,668.25,426.4,0.033,False,False,True,network_coverage,1
CLM002923,87,Humana,outpatient,imaging,cardiology,out_of_network,True,True,True,31,1306.53,771.66,0.211,False,False,True,,0
CLM002924,65,Humana,professional,lab,oncology,in_network,False,True,True,29,96.48,64.25,0.09,False,False,True,,0
CLM002925,84,Humana,inpatient,lab,oncology,out_of_network,True,False,True,54,268.18,207.17,0.102,False,False,True,network_coverage,1
CLM002926,57,Cigna,professional,lab,oncology,in_network,False,True,False,7,174.96,150.38,0.229,False,False,True,,0
CLM002927,56,BlueCross,professional,evaluation,respiratory,in_network,False,True,True,28,503.43,408.23,0.082,False,False,True,,0
CLM002928,54,United,professional,pharmacy,orthopedics,out_of_network,True,True,True,3,195.44,166.3,0.222,True,False,True,,0
CLM002929,84,United,outpatient,lab,orthopedics,in_network,False,True,True,21,226.02,140.12,0.287,False,False,True,,0
CLM002930,63,Aetna,professional,lab,respiratory,in_network,False,True,True,48,304.32,230.22,0.157,False,False,True,,0
CLM002931,83,Aetna,professional,therapy,cardiology,in_network,True,True,True,127,498.98,393.73,0.411,False,False,True,,0
CLM002932,69,Humana,outpatient,lab,cardiology,in_network,False,True,True,33,375.94,226.51,0.194,False,False,True,,0
CLM002933,57,Aetna,outpatient,imaging,general,in_network,True,True,True,51,2175.09,1597.48,0.108,False,False,True,,0
CLM002934,32,United,pharmacy,pharmacy,orthopedics,out_of_network,False,True,True,17,172.81,98.36,0.115,False,False,True,,0
CLM002935,65,United,professional,evaluation,cardiology,in_network,False,True,True,17,395.33,332.89,0.167,False,False,True,,1
CLM002936,32,Aetna,outpatient,pharmacy,respiratory,in_network,False,False,True,24,405.02,341.13,0.24,False,False,True,,0
CLM002937,71,Humana,outpatient,surgery,oncology,in_network,True,True,True,24,6267.11,3592.11,0.271,False,False,True,,0
CLM002938,20,Aetna,inpatient,imaging,cardiology,in_network,True,True,True,30,806.98,609.85,0.114,False,False,True,,0
CLM002939,48,BlueCross,outpatient,lab,general,in_network,False,True,True,8,324.49,276.42,0.117,False,False,True,,0
CLM002940,61,Cigna,inpatient,pharmacy,orthopedics,in_network,True,False,False,63,138.82,75.64,0.216,False,False,True,incomplete_documentation,1
CLM002941,44,Humana,pharmacy,imaging,respiratory,in_network,True,False,True,27,3311.41,2610.12,0.093,False,False,True,missing_prior_authorization,1
CLM002942,44,Aetna,outpatient,imaging,respiratory,in_network,True,False,True,41,1159.11,801.53,0.133,False,False,True,,0
CLM002943,21,Aetna,professional,imaging,general,in_network,True,True,True,52,896.68,569.12,0.16,False,False,True,,0
CLM002944,85,BlueCross,outpatient,evaluation,respiratory,in_network,False,True,True,10,264.46,169.18,0.218,False,False,True,,1
CLM002945,20,Humana,outpatient,evaluation,respiratory,in_network,False,True,True,59,639.54,411.27,0.42,False,False,True,,0
CLM002946,42,Cigna,outpatient,evaluation,cardiology,out_of_network,False,True,True,34,255.06,149.0,0.118,False,False,False,coverage_inactive,1
CLM002947,82,BlueCross,outpatient,imaging,general,in_network,True,False,True,36,1158.02,613.21,0.339,False,False,True,missing_prior_authorization,1
CLM002948,58,Aetna,professional,evaluation,cardiology,in_network,False,True,True,23,299.14,211.44,0.047,False,False,True,,0
CLM002949,53,United,pharmacy,lab,orthopedics,in_network,False,True,True,72,75.28,51.89,0.076,False,False,True,,0
CLM002950,42,Humana,professional,imaging,oncology,out_of_network,True,False,True,60,1471.44,1119.94,0.108,False,False,True,,0
CLM002951,22,United,inpatient,lab,orthopedics,out_of_network,True,True,True,15,295.3,193.66,0.025,False,False,True,,0
CLM002952,43,Cigna,professional,therapy,oncology,in_network,True,True,True,22,329.86,270.62,0.115,False,False,True,,0
CLM002953,56,United,inpatient,lab,cardiology,in_network,True,True,True,31,330.05,253.86,0.139,False,False,True,,0
CLM002954,44,Humana,pharmacy,pharmacy,oncology,in_network,True,False,True,23,278.68,205.89,0.096,False,False,True,missing_prior_authorization,1
CLM002955,52,Cigna,outpatient,lab,orthopedics,out_of_network,False,True,True,55,342.7,234.12,0.224,True,False,True,,0
CLM002956,61,Cigna,outpatient,lab,respiratory,in_network,False,True,True,60,141.37,80.89,0.045,False,False,True,,0
CLM002957,49,Cigna,inpatient,evaluation,oncology,in_network,True,True,True,18,223.58,120.18,0.215,False,False,True,,0
CLM002958,44,Cigna,inpatient,evaluation,respiratory,out_of_network,True,True,True,15,735.53,558.92,0.098,False,False,True,,0
CLM002959,80,Humana,outpatient,imaging,cardiology,in_network,True,True,True,24,3847.23,2131.39,0.33,False,False,True,,0
CLM002960,28,Cigna,pharmacy,therapy,general,in_network,True,False,True,32,739.91,412.0,0.274,False,False,True,,0
CLM002961,56,United,professional,surgery,orthopedics,in_network,True,True,True,32,11354.78,7061.4,0.153,False,False,True,,1
CLM002962,29,United,pharmacy,lab,orthopedics,out_of_network,False,True,True,11,207.23,172.45,0.133,False,False,True,,0
CLM002963,27,Cigna,inpatient,evaluation,oncology,in_network,True,True,True,8,350.63,264.28,0.337,False,False,True,,1
CLM002964,55,BlueCross,professional,therapy,cardiology,out_of_network,True,False,False,52,365.3,277.2,0.139,False,False,True,,0
CLM002965,21,Humana,outpatient,lab,general,in_network,False,True,True,16,306.78,238.92,0.179,False,False,True,,0
CLM002966,49,Humana,outpatient,imaging,orthopedics,in_network,True,True,False,22,1143.46,901.73,0.182,False,False,True,,0
CLM002967,38,BlueCross,outpatient,therapy,general,out_of_network,True,True,True,46,386.0,331.33,0.132,False,False,True,,0
CLM002968,80,United,outpatient,lab,cardiology,in_network,False,True,True,28,194.21,106.58,0.053,False,False,True,,0
CLM002969,33,Humana,outpatient,pharmacy,general,in_network,True,True,True,22,232.57,129.41,0.042,False,False,True,,0
CLM002970,21,Humana,outpatient,therapy,orthopedics,in_network,True,False,True,10,532.5,452.65,0.333,False,False,True,,0
CLM002971,22,Humana,outpatient,evaluation,respiratory,in_network,False,True,True,16,343.26,233.34,0.102,True,False,True,,0
CLM002972,37,BlueCross,professional,lab,general,in_network,False,True,True,14,276.41,228.3,0.138,False,False,True,,0
CLM002973,19,Humana,inpatient,evaluation,cardiology,in_network,True,True,True,20,205.18,144.44,0.323,False,False,True,,0
CLM002974,67,Aetna,pharmacy,imaging,orthopedics,out_of_network,True,True,True,13,1154.59,872.8,0.266,False,False,True,,0
CLM002975,20,Humana,outpatient,lab,general,out_of_network,False,True,True,9,215.21,150.97,0.172,False,False,True,network_coverage,1
CLM002976,67,Cigna,professional,imaging,cardiology,out_of_network,True,True,True,23,999.46,838.41,0.124,False,False,True,,0
CLM002977,35,Cigna,professional,imaging,cardiology,in_network,True,False,True,35,1345.9,751.6,0.223,False,False,True,,0
CLM002978,23,Humana,professional,pharmacy,oncology,out_of_network,False,True,True,5,134.42,73.82,0.112,False,False,True,,0
CLM002979,45,BlueCross,professional,evaluation,cardiology,out_of_network,False,True,True,11,500.61,410.69,0.133,False,False,True,network_coverage,1
CLM002980,35,Humana,professional,therapy,general,in_network,True,True,True,39,238.84,138.57,0.187,False,False,True,,0
CLM002981,55,Aetna,professional,therapy,general,out_of_network,True,True,True,30,910.87,753.65,0.045,False,True,True,coding_mismatch,1
CLM002982,34,Humana,outpatient,therapy,cardiology,in_network,True,True,True,32,545.39,284.03,0.22,False,False,True,,1
CLM002983,85,Humana,inpatient,evaluation,cardiology,out_of_network,True,True,True,38,228.39,193.62,0.209,False,False,True,,0
CLM002984,87,Aetna,professional,evaluation,respiratory,in_network,False,False,True,44,412.21,234.12,0.137,False,False,True,,0
CLM002985,42,Humana,inpatient,therapy,oncology,in_network,True,True,True,21,461.76,266.2,0.139,False,True,True,coding_mismatch,1
CLM002986,84,Humana,outpatient,evaluation,general,in_network,False,True,True,24,557.8,329.81,0.153,False,False,False,coverage_inactive,1
CLM002987,88,Cigna,inpatient,lab,general,in_network,True,False,True,9,224.15,177.69,0.227,False,False,True,missing_prior_authorization,1
CLM002988,88,Humana,outpatient,pharmacy,oncology,in_network,False,True,True,22,91.59,59.04,0.129,False,False,True,,0
CLM002989,40,Aetna,outpatient,imaging,orthopedics,in_network,True,False,True,37,1106.29,743.53,0.344,False,False,True,,0
CLM002990,28,United,professional,lab,respiratory,out_of_network,False,True,False,20,294.04,187.55,0.089,False,False,True,network_coverage,1
CLM002991,64,United,professional,pharmacy,respiratory,in_network,False,True,True,19,153.12,99.47,0.297,False,False,True,,0
CLM002992,68,Humana,professional,surgery,oncology,in_network,True,True,True,10,11630.11,7648.71,0.217,False,False,True,,1
CLM002993,52,Aetna,outpatient,imaging,orthopedics,in_network,True,False,True,18,2140.53,1670.66,0.319,False,False,True,,0
CLM002994,55,Cigna,outpatient,lab,orthopedics,in_network,False,True,True,22,294.83,210.15,0.098,False,False,True,,0
CLM002995,44,United,outpatient,lab,oncology,in_network,False,True,True,41,150.1,118.28,0.135,False,False,True,,1
CLM002996,72,Humana,outpatient,pharmacy,oncology,in_network,False,True,True,14,228.05,162.91,0.039,False,False,True,,0
CLM002997,77,United,professional,evaluation,oncology,in_network,False,True,True,16,323.72,174.31,0.034,False,False,True,,1
CLM002998,33,Humana,outpatient,lab,cardiology,in_network,False,True,True,39,166.96,135.95,0.092,False,False,True,,0
CLM002999,81,Humana,pharmacy,pharmacy,general,out_of_network,False,True,True,2,502.23,297.29,0.1,False,False,False,coverage_inactive,1
CLM003000,20,BlueCross,inpatient,evaluation,respiratory,in_network,True,False,True,44,348.06,212.22,0.28,False,False,True,missing_prior_authorization,1
CLM003001,66,United,professional,evaluation,general,in_network,False,True,True,18,233.65,154.34,0.198,False,False,True,,0
CLM003002,26,Cigna,professional,surgery,general,in_network,True,True,True,17,8678.67,6919.95,0.108,False,False,True,,0
CLM003003,32,United,outpatient,therapy,respiratory,out_of_network,True,True,True,43,725.11,448.52,0.314,False,False,True,,0
CLM003004,54,BlueCross,professional,imaging,orthopedics,in_network,True,True,True,28,2870.03,1523.75,0.25,False,False,True,,0
CLM003005,36,BlueCross,inpatient,imaging,respiratory,out_of_network,True,False,True,24,2306.39,1845.24,0.146,True,False,True,duplicate_claim,1
CLM003006,88,Aetna,professional,evaluation,oncology,in_network,True,True,True,17,250.4,176.07,0.334,False,False,True,,0
CLM003007,70,Humana,professional,imaging,general,out_of_network,True,False,True,12,2461.73,1421.36,0.144,False,False,True,network_coverage,1
CLM003008,20,Humana,inpatient,therapy,orthopedics,in_network,True,True,True,44,520.42,420.15,0.215,False,False,True,,0
CLM003009,40,BlueCross,inpatient,evaluation,cardiology,in_network,True,True,True,31,166.47,136.54,0.426,False,False,True,,1
CLM003010,60,BlueCross,professional,imaging,cardiology,in_network,True,True,True,8,739.8,504.97,0.22,False,True,False,coverage_inactive,1
CLM003011,28,Cigna,outpatient,lab,cardiology,in_network,False,True,True,49,166.72,134.79,0.156,False,True,True,,0
CLM003012,32,Humana,pharmacy,evaluation,respiratory,out_of_network,False,True,False,4,289.89,187.89,0.081,False,False,True,network_coverage,1
CLM003013,20,BlueCross,professional,pharmacy,cardiology,in_network,False,True,True,13,119.23,98.01,0.277,False,False,True,,0
CLM003014,23,Cigna,professional,lab,cardiology,in_network,False,True,False,10,291.95,183.26,0.362,False,False,True,,0
CLM003015,86,Aetna,outpatient,pharmacy,orthopedics,in_network,False,True,True,4,298.07,251.78,0.237,False,False,True,,0
CLM003016,62,United,professional,evaluation,respiratory,in_network,False,True,False,24,187.4,144.91,0.119,False,False,True,,0
CLM003017,39,United,pharmacy,evaluation,oncology,out_of_network,False,True,True,16,424.63,335.03,0.072,False,False,True,,0
CLM003018,44,Humana,inpatient,lab,orthopedics,in_network,True,True,False,17,408.74,346.92,0.151,False,False,False,coverage_inactive,1
CLM003019,55,United,outpatient,evaluation,orthopedics,in_network,False,True,True,31,498.48,381.22,0.026,False,False,True,,0
CLM003020,71,Humana,outpatient,evaluation,general,in_network,False,True,True,8,290.91,169.44,0.144,True,False,True,,0
CLM003021,38,United,outpatient,lab,oncology,out_of_network,False,True,False,29,258.84,212.34,0.092,False,False,True,network_coverage,1
CLM003022,44,Cigna,professional,pharmacy,orthopedics,out_of_network,False,True,False,79,520.92,372.7,0.169,False,False,True,network_coverage,1
CLM003023,53,BlueCross,outpatient,pharmacy,respiratory,in_network,False,True,True,14,361.81,296.77,0.125,True,False,True,,0
CLM003024,25,United,outpatient,therapy,orthopedics,in_network,True,True,True,87,958.1,583.11,0.061,False,False,True,,0
CLM003025,32,Aetna,outpatient,evaluation,orthopedics,out_of_network,False,True,False,36,411.48,238.85,0.1,False,False,True,network_coverage,1
CLM003026,70,Cigna,inpatient,therapy,respiratory,out_of_network,True,True,True,39,595.7,313.16,0.111,False,False,False,coverage_inactive,1
CLM003027,77,Humana,outpatient,evaluation,orthopedics,in_network,False,True,True,24,204.03,144.89,0.169,False,False,True,,0
CLM003028,65,Humana,professional,evaluation,oncology,in_network,False,True,True,10,377.34,206.76,0.141,False,False,True,,0
CLM003029,84,Humana,professional,imaging,respiratory,in_network,True,False,True,20,1116.71,813.81,0.145,False,False,False,coverage_inactive,1
CLM003030,83,Cigna,outpatient,imaging,orthopedics,in_network,True,False,True,35,1355.92,903.01,0.103,False,False,True,,0
CLM003031,65,United,professional,lab,cardiology,in_network,False,True,True,12,84.37,71.36,0.272,False,False,True,,0
CLM003032,68,BlueCross,inpatient,pharmacy,general,out_of_network,True,True,True,27,218.68,126.88,0.126,False,False,True,network_coverage,1
CLM003033,41,Aetna,outpatient,lab,orthopedics,in_network,False,True,True,46,431.82,290.58,0.118,False,False,True,,0
CLM003034,18,Humana,outpatient,pharmacy,orthopedics,out_of_network,False,True,True,13,282.36,239.57,0.136,False,False,True,,0
CLM003035,37,BlueCross,pharmacy,lab,oncology,in_network,False,True,True,51,69.14,55.63,0.199,False,False,True,,0
CLM003036,77,Cigna,professional,lab,cardiology,in_network,False,True,True,13,323.9,198.72,0.143,False,False,True,,0
CLM003037,71,Cigna,professional,pharmacy,cardiology,in_network,False,True,True,65,342.91,288.23,0.207,False,False,True,,0
CLM003038,57,BlueCross,inpatient,therapy,oncology,in_network,True,True,True,36,245.57,196.06,0.059,False,False,True,,0
CLM003039,58,United,outpatient,lab,general,out_of_network,False,True,True,26,356.87,191.67,0.416,False,False,True,network_coverage,1
CLM003040,18,BlueCross,professional,imaging,oncology,in_network,True,True,True,52,1182.42,659.78,0.143,False,False,True,,0
CLM003041,31,Humana,outpatient,imaging,oncology,in_network,True,True,True,40,1684.53,1329.06,0.101,False,False,True,,0
CLM003042,75,Aetna,pharmacy,imaging,respiratory,out_of_network,True,True,True,32,2503.49,2047.18,0.153,False,False,True,,0
CLM003043,84,United,professional,lab,general,in_network,False,True,True,13,220.97,182.55,0.224,False,False,True,,0
CLM003044,73,United,outpatient,therapy,general,in_network,True,False,True,27,502.93,378.36,0.287,False,False,True,missing_prior_authorization,1
CLM003045,33,Aetna,professional,lab,cardiology,out_of_network,False,True,True,32,723.9,521.91,0.129,False,False,True,,0
CLM003046,89,Humana,pharmacy,imaging,oncology,in_network,True,False,True,43,8359.78,6089.51,0.065,False,False,True,missing_prior_authorization,1
CLM003047,53,Cigna,outpatient,surgery,oncology,in_network,True,True,False,17,13214.08,8534.53,0.091,False,False,True,incomplete_documentation,1
CLM003048,52,Aetna,professional,lab,orthopedics,in_network,False,True,True,14,273.1,232.92,0.094,False,False,True,,0
CLM003049,47,Humana,pharmacy,pharmacy,general,in_network,False,True,True,16,152.36,116.8,0.191,False,False,True,,1
CLM003050,74,Humana,outpatient,lab,orthopedics,in_network,False,True,True,40,233.46,141.25,0.334,False,True,True,,0
CLM003051,68,United,pharmacy,imaging,general,out_of_network,True,True,True,16,1909.31,1534.09,0.169,False,False,False,coverage_inactive,1
CLM003052,69,Humana,inpatient,therapy,cardiology,in_network,True,True,True,40,528.56,324.43,0.055,False,False,True,,0
CLM003053,18,Humana,professional,pharmacy,respiratory,out_of_network,False,True,True,31,100.34,84.28,0.066,False,False,True,network_coverage,1
CLM003054,53,Humana,professional,evaluation,respiratory,in_network,False,True,True,34,260.14,193.15,0.034,False,False,True,,0
CLM003055,27,Humana,professional,evaluation,oncology,in_network,False,True,True,69,305.38,193.14,0.196,False,False,True,,0
CLM003056,30,Cigna,outpatient,pharmacy,cardiology,in_network,False,True,True,43,168.87,115.43,0.103,False,False,True,,0
CLM003057,70,Humana,professional,evaluation,cardiology,in_network,True,False,True,53,402.63,268.03,0.16,False,False,True,missing_prior_authorization,1
CLM003058,49,Aetna,inpatient,pharmacy,respiratory,in_network,True,True,True,16,443.85,349.68,0.069,False,False,True,,0
CLM003059,83,Humana,outpatient,imaging,general,out_of_network,True,True,True,9,2420.84,1592.49,0.136,False,False,True,,0
CLM003060,29,BlueCross,outpatient,evaluation,oncology,out_of_network,False,True,True,12,568.8,446.7,0.026,False,False,True,,0
CLM003061,86,Cigna,professional,evaluation,cardiology,in_network,False,True,True,9,482.3,336.45,0.193,False,False,True,,0
CLM003062,39,Humana,outpatient,pharmacy,respiratory,in_network,False,True,True,13,373.74,312.86,0.12,False,False,True,,1
CLM003063,64,Aetna,outpatient,lab,oncology,out_of_network,False,True,True,22,1196.17,889.44,0.122,False,False,True,network_coverage,1
CLM003064,80,Humana,pharmacy,evaluation,cardiology,in_network,False,True,True,19,390.89,256.45,0.178,False,False,True,,0
CLM003065,28,BlueCross,outpatient,surgery,orthopedics,in_network,True,False,True,36,10593.43,7176.19,0.049,False,False,True,missing_prior_authorization,1
CLM003066,36,Humana,outpatient,therapy,orthopedics,in_network,True,True,False,14,585.21,440.29,0.198,False,False,True,,0
CLM003067,39,Humana,outpatient,lab,general,in_network,False,True,True,17,289.69,230.47,0.091,False,False,True,,0
CLM003068,77,Aetna,outpatient,therapy,general,in_network,True,True,True,34,362.9,225.78,0.122,False,False,True,,1
CLM003069,84,BlueCross,professional,evaluation,cardiology,out_of_network,False,True,True,27,484.68,283.01,0.175,False,True,True,coding_mismatch,1
CLM003070,20,United,outpatient,lab,oncology,in_network,False,True,True,19,176.57,107.74,0.023,False,False,True,,0
CLM003071,75,BlueCross,inpatient,surgery,cardiology,in_network,True,True,True,61,14838.03,9789.38,0.16,False,False,True,,0
CLM003072,53,Cigna,pharmacy,lab,oncology,out_of_network,False,True,False,48,1375.17,762.8,0.13,True,False,True,duplicate_claim,1
CLM003073,68,Aetna,professional,evaluation,cardiology,in_network,False,True,True,81,398.55,341.44,0.37,False,True,True,coding_mismatch,1
CLM003074,71,Humana,professional,evaluation,respiratory,in_network,False,True,False,70,509.03,323.49,0.189,False,False,True,,0
CLM003075,65,Aetna,professional,evaluation,cardiology,in_network,False,True,True,6,601.37,514.64,0.137,False,False,True,,0
CLM003076,80,BlueCross,pharmacy,imaging,general,in_network,True,False,True,30,869.83,675.48,0.171,False,False,True,missing_prior_authorization,1
CLM003077,33,Cigna,outpatient,evaluation,orthopedics,in_network,False,True,True,22,492.19,278.62,0.095,False,False,True,,0
CLM003078,19,Humana,professional,evaluation,orthopedics,in_network,False,True,True,39,417.88,247.35,0.147,False,False,True,,0
CLM003079,55,Cigna,professional,imaging,general,in_network,True,True,False,77,707.32,480.39,0.053,False,False,True,incomplete_documentation,1
CLM003080,75,United,outpatient,lab,general,out_of_network,False,True,True,38,305.0,231.92,0.103,False,False,True,network_coverage,1
CLM003081,33,Cigna,outpatient,lab,cardiology,out_of_network,False,True,True,25,101.07,73.6,0.137,False,False,True,,0
CLM003082,82,BlueCross,inpatient,lab,cardiology,in_network,True,True,True,23,111.41,80.81,0.067,False,False,True,,0
CLM003083,26,Aetna,professional,imaging,general,out_of_network,True,False,True,50,1043.38,793.58,0.245,True,True,True,duplicate_claim,1
CLM003084,29,Humana,professional,surgery,general,in_network,True,True,True,43,4836.65,3119.97,0.306,True,False,True,,0
CLM003085,81,Cigna,professional,imaging,oncology,out_of_network,True,True,False,21,3490.65,2551.96,0.111,False,True,True,coding_mismatch,1
CLM003086,21,Humana,outpatient,imaging,cardiology,in_network,True,False,True,8,796.04,666.88,0.028,False,False,True,missing_prior_authorization,1
CLM003087,88,BlueCross,outpatient,surgery,cardiology,in_network,True,True,False,28,10500.95,5490.39,0.109,False,False,True,,0
CLM003088,32,BlueCross,outpatient,evaluation,orthopedics,out_of_network,True,False,True,16,432.48,328.76,0.087,False,False,True,,0
CLM003089,29,Cigna,outpatient,therapy,respiratory,in_network,True,False,True,14,460.24,287.59,0.047,False,False,True,,0
CLM003090,35,BlueCross,pharmacy,lab,cardiology,in_network,False,True,True,5,193.65,159.43,0.073,False,False,True,,0
CLM003091,77,United,professional,evaluation,respiratory,in_network,False,True,True,65,243.96,201.46,0.166,False,False,True,,1
CLM003092,31,Humana,pharmacy,therapy,general,in_network,True,True,False,84,684.56,358.82,0.082,False,False,True,,0
CLM003093,62,United,professional,imaging,cardiology,in_network,True,True,True,20,446.87,380.26,0.104,False,False,True,,0
CLM003094,60,BlueCross,pharmacy,surgery,general,in_network,True,False,True,23,14632.34,7651.72,0.225,False,True,True,coding_mismatch,1
CLM003095,65,Aetna,outpatient,surgery,general,in_network,True,True,False,28,7573.3,5139.7,0.09,False,False,True,,0
CLM003096,36,Aetna,inpatient,therapy,orthopedics,in_network,True,True,True,19,537.5,308.91,0.16,False,False,True,,1
CLM003097,74,United,inpatient,lab,cardiology,in_network,True,True,True,32,322.64,230.67,0.189,False,False,True,,0
CLM003098,69,United,outpatient,lab,orthopedics,in_network,False,True,True,35,429.03,291.21,0.059,False,False,True,,0
CLM003099,64,Humana,outpatient,therapy,orthopedics,in_network,True,True,True,63,349.0,226.77,0.151,False,False,True,,0
CLM003100,55,Cigna,outpatient,pharmacy,orthopedics,in_network,False,True,True,10,160.72,132.89,0.289,False,False,True,,1
CLM003101,52,BlueCross,pharmacy,lab,general,in_network,False,True,True,32,117.37,80.23,0.261,False,False,True,,0
CLM003102,50,Humana,outpatient,therapy,cardiology,in_network,True,False,True,21,579.25,335.15,0.114,False,False,True,missing_prior_authorization,1
CLM003103,80,Cigna,pharmacy,therapy,orthopedics,in_network,True,True,True,19,1219.06,907.81,0.135,True,True,True,duplicate_claim,1
CLM003104,80,Humana,professional,evaluation,respiratory,in_network,False,True,True,3,264.23,180.79,0.153,False,False,False,coverage_inactive,1
CLM003105,35,Aetna,professional,evaluation,cardiology,in_network,False,True,True,14,301.25,178.55,0.098,False,False,True,,1
CLM003106,60,Cigna,professional,evaluation,cardiology,in_network,False,True,True,36,416.29,247.76,0.147,False,False,True,,0
CLM003107,70,Humana,outpatient,surgery,orthopedics,in_network,True,True,True,15,8851.27,6974.42,0.119,False,False,True,,0
CLM003108,37,Humana,professional,lab,general,in_network,False,True,True,28,342.41,286.53,0.328,False,False,True,,1
CLM003109,31,Aetna,outpatient,evaluation,general,in_network,False,True,True,22,328.96,229.38,0.324,False,False,True,,0
CLM003110,24,Aetna,pharmacy,lab,general,out_of_network,False,True,True,27,500.34,376.13,0.048,False,False,True,network_coverage,1
CLM003111,28,United,outpatient,pharmacy,general,in_network,False,True,False,13,158.28,89.06,0.182,False,False,True,incomplete_documentation,1
CLM003112,56,BlueCross,outpatient,lab,cardiology,out_of_network,False,True,True,20,336.04,226.28,0.195,False,True,True,coding_mismatch,1
CLM003113,52,Cigna,professional,therapy,oncology,in_network,True,True,True,30,317.13,214.28,0.167,False,False,True,,0
CLM003114,71,Humana,professional,lab,oncology,in_network,False,True,True,18,178.22,101.97,0.068,False,False,True,,0
CLM003115,76,Cigna,outpatient,lab,cardiology,in_network,False,True,True,35,250.89,132.79,0.116,False,True,True,coding_mismatch,1
CLM003116,66,United,professional,evaluation,general,in_network,False,True,True,16,336.24,251.78,0.062,False,False,True,,0
CLM003117,50,United,inpatient,imaging,respiratory,in_network,True,True,True,42,2106.55,1359.84,0.071,False,False,True,,0
CLM003118,75,BlueCross,professional,therapy,general,in_network,True,True,True,7,566.83,368.16,0.235,False,False,True,,0
CLM003119,82,Aetna,outpatient,therapy,orthopedics,in_network,True,True,False,23,462.21,390.12,0.099,False,False,True,,0
CLM003120,74,United,outpatient,evaluation,respiratory,in_network,False,True,True,34,271.65,157.08,0.015,False,False,True,,0
CLM003121,64,Humana,outpatient,therapy,cardiology,in_network,True,True,True,24,522.11,413.54,0.197,False,False,True,,0
CLM003122,55,Humana,outpatient,pharmacy,cardiology,in_network,False,True,False,41,297.18,245.33,0.098,False,False,True,,0
CLM003123,39,Cigna,outpatient,evaluation,respiratory,in_network,False,True,False,19,247.66,191.07,0.317,False,False,True,,0
CLM003124,37,Cigna,outpatient,lab,cardiology,in_network,False,True,True,19,828.79,527.18,0.096,False,True,True,,0
CLM003125,83,Aetna,outpatient,evaluation,orthopedics,in_network,False,True,True,5,182.26,117.54,0.214,False,False,True,,0
CLM003126,77,Cigna,outpatient,pharmacy,respiratory,in_network,False,True,True,41,135.52,76.8,0.176,False,False,True,,0
CLM003127,80,Cigna,outpatient,surgery,oncology,in_network,True,False,True,46,7480.72,4006.43,0.074,False,False,True,,0
CLM003128,49,Aetna,inpatient,therapy,orthopedics,in_network,True,True,True,43,743.05,457.28,0.11,False,False,True,,0
CLM003129,72,Humana,professional,lab,orthopedics,out_of_network,False,True,True,17,620.62,391.89,0.207,False,False,True,,0
CLM003130,28,Humana,pharmacy,evaluation,respiratory,in_network,False,True,True,6,289.04,168.03,0.14,False,False,True,,0
CLM003131,82,United,outpatient,imaging,general,in_network,True,True,True,68,915.81,721.89,0.078,False,False,True,,0
CLM003132,82,Aetna,pharmacy,evaluation,respiratory,in_network,False,True,True,22,223.28,158.15,0.442,False,False,True,,0
CLM003133,62,BlueCross,inpatient,lab,orthopedics,in_network,True,True,True,8,366.44,210.23,0.371,False,False,True,,0
CLM003134,32,Cigna,inpatient,therapy,oncology,in_network,True,False,True,55,280.83,151.34,0.261,False,True,True,coding_mismatch,1
CLM003135,74,United,professional,imaging,cardiology,out_of_network,True,True,True,4,2091.01,1781.97,0.142,False,False,True,network_coverage,1
CLM003136,29,BlueCross,professional,evaluation,cardiology,in_network,False,True,True,64,400.08,292.77,0.151,False,True,True,coding_mismatch,1
CLM003137,21,United,professional,therapy,orthopedics,in_network,True,True,True,6,570.16,297.9,0.087,False,False,True,,0
CLM003138,31,United,inpatient,therapy,orthopedics,out_of_network,True,True,True,22,461.87,282.33,0.108,False,False,True,,0
CLM003139,51,Aetna,professional,lab,general,in_network,True,True,True,22,135.59,100.93,0.203,False,False,True,,0
CLM003140,32,BlueCross,outpatient,imaging,general,in_network,True,True,True,29,1355.56,1104.04,0.015,False,False,True,,0
CLM003141,67,BlueCross,outpatient,lab,cardiology,in_network,False,True,True,35,315.09,261.09,0.066,False,False,False,,0
CLM003142,37,Cigna,outpatient,pharmacy,orthopedics,in_network,True,True,True,16,164.93,121.48,0.103,False,True,True,coding_mismatch,1
CLM003143,73,United,pharmacy,surgery,cardiology,out_of_network,True,True,True,20,16555.63,8849.38,0.312,False,False,True,,0
CLM003144,58,BlueCross,inpatient,evaluation,cardiology,in_network,True,True,True,16,314.4,173.22,0.198,False,True,True,,0
CLM003145,63,Humana,professional,imaging,orthopedics,in_network,True,False,True,49,1775.14,1024.58,0.124,False,False,True,,0
CLM003146,33,Aetna,professional,evaluation,general,in_network,False,True,True,32,209.71,132.33,0.331,False,False,True,,0
CLM003147,61,Cigna,professional,surgery,cardiology,in_network,True,True,True,48,8330.38,6769.14,0.137,False,False,True,,0
CLM003148,80,BlueCross,professional,lab,respiratory,out_of_network,False,True,False,18,692.98,569.65,0.246,False,False,True,,0
CLM003149,58,United,professional,lab,orthopedics,out_of_network,False,True,True,18,247.01,158.54,0.073,False,False,True,,0
CLM003150,48,Humana,outpatient,imaging,oncology,out_of_network,True,True,True,8,2148.98,1343.12,0.139,False,False,True,,0
CLM003151,60,BlueCross,inpatient,lab,general,in_network,True,True,True,40,235.52,160.73,0.037,False,False,True,,0
CLM003152,52,Humana,professional,lab,general,in_network,False,True,True,25,189.63,117.04,0.11,False,False,True,,0
CLM003153,18,BlueCross,outpatient,therapy,general,in_network,True,True,True,23,708.55,593.89,0.073,False,False,True,,0
CLM003154,67,Cigna,inpatient,pharmacy,oncology,in_network,True,True,True,16,143.84,95.09,0.357,False,False,False,coverage_inactive,1
CLM003155,53,Cigna,outpatient,lab,cardiology,in_network,False,True,True,19,388.93,318.76,0.277,False,False,True,,0
CLM003156,22,United,outpatient,pharmacy,general,in_network,False,True,True,32,268.88,141.81,0.217,False,False,True,,0
CLM003157,80,BlueCross,inpatient,lab,general,in_network,True,True,True,38,128.2,77.75,0.068,False,False,True,,0
CLM003158,40,Aetna,inpatient,imaging,general,in_network,True,True,True,14,1943.48,1420.44,0.148,False,False,True,,0
CLM003159,73,Aetna,pharmacy,surgery,oncology,out_of_network,True,True,True,37,13043.54,10337.63,0.06,False,False,True,,0
CLM003160,67,United,outpatient,lab,orthopedics,in_network,False,True,True,24,146.92,94.15,0.116,False,False,True,,0
CLM003161,57,BlueCross,pharmacy,lab,cardiology,in_network,False,True,True,30,187.28,121.66,0.066,False,False,True,,0
CLM003162,45,Aetna,pharmacy,evaluation,orthopedics,in_network,False,True,True,20,232.32,178.49,0.166,False,False,True,,1
CLM003163,81,Cigna,inpatient,evaluation,orthopedics,out_of_network,True,True,True,18,530.26,310.47,0.166,False,False,True,network_coverage,1
CLM003164,24,United,professional,therapy,orthopedics,in_network,True,True,True,20,1160.4,620.08,0.1,False,False,True,,0
CLM003165,31,United,professional,therapy,general,in_network,True,True,True,8,483.25,274.52,0.153,False,False,True,,0
CLM003166,53,United,professional,lab,respiratory,in_network,False,True,True,17,186.68,143.42,0.052,False,False,True,,0
CLM003167,18,Humana,inpatient,therapy,orthopedics,out_of_network,True,True,True,5,652.09,498.09,0.085,False,False,True,,0
CLM003168,33,United,outpatient,imaging,respiratory,in_network,True,True,True,39,1284.46,727.63,0.186,False,False,True,,0
CLM003169,26,Humana,inpatient,imaging,respiratory,in_network,True,True,True,8,1732.58,999.36,0.106,False,True,True,,0
CLM003170,81,Aetna,professional,lab,oncology,in_network,False,True,True,34,195.75,160.96,0.172,False,False,True,,0
CLM003171,20,Cigna,pharmacy,imaging,general,in_network,True,False,True,11,365.41,284.92,0.302,False,False,True,missing_prior_authorization,1
CLM003172,26,Cigna,professional,evaluation,general,in_network,True,True,True,54,350.19,234.18,0.12,False,False,True,,0
CLM003173,80,Cigna,professional,imaging,oncology,out_of_network,True,True,True,4,1593.91,1123.71,0.045,False,False,False,,0
CLM003174,23,United,pharmacy,imaging,oncology,out_of_network,True,False,True,22,1114.11,924.56,0.062,True,False,True,duplicate_claim,1
CLM003175,37,United,professional,pharmacy,orthopedics,in_network,True,True,True,55,173.02,104.21,0.141,False,False,True,,0
CLM003176,58,Cigna,inpatient,pharmacy,respiratory,in_network,True,True,True,35,339.01,206.61,0.131,False,False,True,,0
CLM003177,23,Aetna,professional,therapy,general,in_network,True,True,True,17,329.59,243.49,0.12,False,False,True,,0
CLM003178,32,BlueCross,outpatient,therapy,respiratory,in_network,True,True,True,75,460.73,301.65,0.031,False,False,True,,0
CLM003179,84,Aetna,inpatient,evaluation,orthopedics,out_of_network,True,True,True,21,372.3,234.59,0.033,False,False,True,network_coverage,1
CLM003180,79,Cigna,outpatient,imaging,oncology,out_of_network,True,True,True,20,980.85,764.1,0.224,False,False,True,network_coverage,1
CLM003181,64,BlueCross,pharmacy,lab,respiratory,in_network,True,True,True,44,267.4,139.54,0.109,False,False,False,,0
CLM003182,30,Aetna,outpatient,imaging,cardiology,in_network,True,True,True,19,1315.78,879.22,0.035,False,False,True,,0
CLM003183,87,Aetna,outpatient,lab,oncology,in_network,False,True,True,20,659.39,407.82,0.064,False,False,True,,0
CLM003184,52,Cigna,outpatient,pharmacy,respiratory,out_of_network,False,True,True,15,361.75,304.48,0.164,False,False,True,,0
CLM003185,45,Aetna,inpatient,evaluation,oncology,in_network,True,True,False,32,485.13,335.3,0.05,False,False,True,,0
CLM003186,72,Aetna,inpatient,pharmacy,respiratory,in_network,True,True,True,36,133.88,105.68,0.128,False,False,True,,0
CLM003187,67,BlueCross,professional,evaluation,general,in_network,False,True,False,15,469.08,365.2,0.072,False,False,True,,0
CLM003188,21,Humana,professional,therapy,cardiology,in_network,True,False,True,50,625.37,504.84,0.203,False,False,True,missing_prior_authorization,1
CLM003189,62,Humana,inpatient,evaluation,oncology,in_network,True,True,True,15,113.08,63.31,0.075,False,False,True,,0
CLM003190,89,BlueCross,outpatient,evaluation,respiratory,out_of_network,False,True,True,12,753.94,630.51,0.325,False,False,True,network_coverage,1
CLM003191,66,Humana,outpatient,lab,general,out_of_network,False,True,False,9,306.01,204.03,0.181,False,False,False,coverage_inactive,1
CLM003192,73,Aetna,inpatient,lab,oncology,in_network,True,True,True,46,158.88,92.86,0.176,False,False,True,,0
CLM003193,66,Humana,outpatient,therapy,general,in_network,True,True,True,11,465.16,314.11,0.146,False,True,True,,0
CLM003194,42,Aetna,professional,surgery,orthopedics,in_network,True,True,True,68,6963.81,5508.25,0.093,False,False,True,,0
CLM003195,32,Aetna,professional,therapy,oncology,in_network,True,False,True,9,567.68,405.36,0.379,False,False,True,,0
CLM003196,51,United,outpatient,imaging,general,in_network,True,True,True,21,1132.4,828.05,0.048,False,False,True,,0
CLM003197,39,Cigna,outpatient,therapy,oncology,in_network,True,True,True,10,1055.29,653.88,0.127,True,False,True,,0
CLM003198,29,Cigna,inpatient,surgery,orthopedics,in_network,True,False,True,16,19976.57,16223.57,0.038,False,False,True,,0
CLM003199,63,BlueCross,inpatient,lab,oncology,out_of_network,True,True,True,23,360.75,258.83,0.1,False,False,True,,0
CLM003200,46,Humana,pharmacy,therapy,respiratory,in_network,True,True,True,66,630.47,437.44,0.038,False,False,False,,0
CLM003201,67,Humana,professional,imaging,general,out_of_network,True,True,True,40,3913.78,3110.63,0.056,False,False,True,,0
CLM003202,40,Humana,pharmacy,pharmacy,respiratory,in_network,False,True,True,3,168.31,116.71,0.089,False,False,True,,0
CLM003203,33,BlueCross,pharmacy,lab,cardiology,in_network,False,True,True,22,220.27,140.76,0.154,False,False,True,,0
CLM003204,40,Humana,professional,lab,cardiology,in_network,False,True,True,23,313.11,265.58,0.134,False,False,True,,0
CLM003205,18,Humana,pharmacy,imaging,general,in_network,True,True,True,17,1322.38,803.54,0.168,False,False,True,,0
CLM003206,73,Cigna,outpatient,evaluation,oncology,in_network,False,True,True,28,378.78,225.96,0.254,False,False,True,,0
CLM003207,67,BlueCross,inpatient,therapy,orthopedics,out_of_network,True,True,True,86,566.71,426.73,0.28,False,False,True,,0
CLM003208,75,Humana,inpatient,lab,orthopedics,out_of_network,True,True,True,15,206.58,135.57,0.044,False,False,True,,0
CLM003209,66,Cigna,inpatient,surgery,cardiology,in_network,True,False,True,34,5840.92,3317.87,0.167,False,False,True,missing_prior_authorization,1
CLM003210,44,BlueCross,inpatient,evaluation,cardiology,in_network,True,True,True,8,573.7,332.35,0.052,False,False,True,,0
CLM003211,81,United,outpatient,pharmacy,respiratory,in_network,False,True,True,4,232.77,164.2,0.082,False,False,True,,0
CLM003212,26,Cigna,professional,lab,respiratory,in_network,False,True,True,21,359.09,291.24,0.188,False,False,True,,0
CLM003213,63,Cigna,professional,imaging,oncology,in_network,True,False,True,39,903.7,776.3,0.041,False,False,True,,0
CLM003214,21,BlueCross,professional,imaging,cardiology,in_network,True,True,True,20,1671.71,1317.46,0.072,False,False,False,coverage_inactive,1
CLM003215,71,Humana,inpatient,imaging,respiratory,out_of_network,True,True,False,37,2407.53,1414.91,0.067,False,False,True,,0
CLM003216,86,United,professional,evaluation,general,out_of_network,False,True,True,37,339.55,254.86,0.061,False,False,True,,0
CLM003217,62,Humana,outpatient,pharmacy,general,in_network,False,True,True,116,157.13,92.33,0.145,False,False,True,timely_filing,1
CLM003218,25,Cigna,inpatient,pharmacy,orthopedics,in_network,True,True,True,31,377.36,216.64,0.267,False,False,True,,0
CLM003219,23,Humana,outpatient,evaluation,respiratory,in_network,False,True,True,22,306.73,177.12,0.149,False,False,True,,0
CLM003220,65,BlueCross,outpatient,imaging,orthopedics,in_network,True,False,True,33,1872.12,1075.27,0.193,False,False,True,,0
CLM003221,52,Aetna,outpatient,pharmacy,general,in_network,True,False,True,14,134.46,72.83,0.288,True,False,True,duplicate_claim,1
CLM003222,24,Humana,professional,lab,general,in_network,False,True,True,36,457.05,298.13,0.057,False,False,True,,0
CLM003223,62,Aetna,professional,lab,orthopedics,in_network,False,True,False,34,201.63,125.49,0.244,False,False,True,,0
CLM003224,75,Aetna,professional,evaluation,oncology,out_of_network,False,True,True,57,423.98,352.73,0.248,False,False,True,,0
CLM003225,63,Humana,inpatient,imaging,orthopedics,in_network,True,True,True,11,1683.12,1367.07,0.153,False,False,True,,0
CLM003226,43,Cigna,professional,evaluation,respiratory,in_network,False,True,False,26,1189.17,712.02,0.076,False,False,True,incomplete_documentation,1
CLM003227,88,United,professional,pharmacy,orthopedics,in_network,False,True,True,68,157.27,109.22,0.207,False,False,True,,0
CLM003228,41,United,outpatient,evaluation,respiratory,in_network,False,True,True,16,344.92,240.85,0.076,False,False,True,,0
CLM003229,89,Aetna,professional,evaluation,general,in_network,False,True,True,2,597.15,391.8,0.186,False,False,True,,0
CLM003230,19,Humana,outpatient,lab,general,in_network,False,True,True,25,255.2,170.15,0.082,False,False,True,,0
CLM003231,24,BlueCross,outpatient,imaging,cardiology,in_network,True,True,True,23,1425.31,780.71,0.175,False,False,True,,0
CLM003232,87,Humana,inpatient,evaluation,cardiology,in_network,True,False,False,23,888.63,645.96,0.217,False,False,True,incomplete_documentation,1
CLM003233,27,Aetna,outpatient,therapy,general,in_network,True,False,True,29,891.54,617.71,0.081,False,False,True,missing_prior_authorization,1
CLM003234,52,Cigna,inpatient,pharmacy,cardiology,in_network,True,True,True,38,536.42,367.64,0.059,False,False,False,coverage_inactive,1
CLM003235,66,Humana,outpatient,imaging,oncology,in_network,True,True,False,126,1062.24,887.29,0.056,False,False,True,incomplete_documentation,1
CLM003236,28,Cigna,inpatient,lab,general,in_network,True,True,True,16,364.44,295.17,0.032,False,False,True,,0
CLM003237,30,Cigna,pharmacy,lab,oncology,in_network,False,True,True,14,253.0,164.55,0.156,False,False,True,,0
CLM003238,27,Aetna,outpatient,evaluation,cardiology,in_network,True,True,True,38,330.74,230.13,0.129,False,False,True,,0
CLM003239,68,Aetna,outpatient,evaluation,general,in_network,False,True,True,13,346.24,225.16,0.08,False,False,True,,0
CLM003240,67,Humana,outpatient,pharmacy,respiratory,in_network,False,False,True,18,279.41,198.39,0.145,False,False,False,,0
CLM003241,71,Cigna,pharmacy,lab,orthopedics,in_network,False,True,True,19,251.7,207.39,0.196,False,False,True,,1
CLM003242,32,Cigna,outpatient,therapy,respiratory,in_network,True,True,True,55,345.84,245.41,0.069,False,False,True,,0
CLM003243,82,BlueCross,pharmacy,imaging,respiratory,in_network,True,True,True,59,966.81,813.17,0.01,False,False,True,,0
CLM003244,53,Aetna,outpatient,surgery,oncology,in_network,True,True,True,4,5673.07,4569.43,0.095,False,False,True,,0
CLM003245,36,Humana,inpatient,lab,general,in_network,True,True,True,5,247.17,153.69,0.146,False,False,True,,0
CLM003246,31,Aetna,outpatient,therapy,respiratory,in_network,True,False,True,24,670.75,461.34,0.111,False,False,True,,0
CLM003247,46,Humana,outpatient,lab,orthopedics,in_network,False,True,True,47,406.57,271.39,0.127,False,False,True,,0
CLM003248,45,Aetna,professional,lab,general,in_network,False,True,True,70,306.75,170.03,0.07,False,False,True,,1
CLM003249,78,United,professional,therapy,general,out_of_network,True,True,True,25,757.91,468.19,0.186,False,False,True,,0
CLM003250,73,BlueCross,outpatient,evaluation,cardiology,in_network,False,True,True,59,583.78,393.07,0.169,False,False,False,,0
CLM003251,64,United,pharmacy,surgery,orthopedics,in_network,True,True,True,14,5070.16,4075.93,0.092,False,False,True,,0
CLM003252,19,Aetna,outpatient,lab,respiratory,in_network,False,True,True,19,311.92,259.93,0.01,False,False,True,,0
CLM003253,51,Cigna,outpatient,evaluation,general,in_network,False,True,True,28,422.17,277.02,0.203,False,False,True,,0
CLM003254,34,Cigna,outpatient,evaluation,respiratory,in_network,False,True,True,18,204.2,110.82,0.148,True,False,True,,0
CLM003255,59,Aetna,inpatient,evaluation,oncology,out_of_network,True,True,False,67,201.23,165.3,0.015,False,False,True,,0
CLM003256,84,Cigna,professional,surgery,orthopedics,in_network,True,False,True,18,9213.51,6681.51,0.081,False,False,True,missing_prior_authorization,1
CLM003257,82,BlueCross,inpatient,therapy,cardiology,in_network,True,False,True,30,677.44,552.0,0.136,False,False,True,missing_prior_authorization,1
CLM003258,65,Cigna,outpatient,pharmacy,general,in_network,False,False,True,16,108.96,60.16,0.065,False,True,True,,0
CLM003259,32,BlueCross,outpatient,lab,oncology,in_network,False,True,True,16,182.21,145.41,0.308,False,False,True,,0
CLM003260,81,Aetna,inpatient,lab,oncology,in_network,True,True,True,11,237.46,125.16,0.152,False,False,True,,0
CLM003261,63,Humana,inpatient,pharmacy,general,in_network,True,False,True,44,316.98,259.8,0.321,False,False,False,coverage_inactive,1
CLM003262,19,Cigna,professional,imaging,cardiology,in_network,True,False,True,38,1678.05,1422.43,0.208,False,True,True,coding_mismatch,1
CLM003263,20,United,inpatient,evaluation,orthopedics,in_network,True,True,True,40,412.66,305.1,0.39,False,False,True,,0
CLM003264,81,United,outpatient,evaluation,general,in_network,False,True,True,17,302.27,211.59,0.026,False,False,True,,0
CLM003265,25,BlueCross,outpatient,imaging,orthopedics,in_network,True,True,False,20,2712.9,1970.14,0.097,False,False,True,,0
CLM003266,74,BlueCross,outpatient,evaluation,general,in_network,False,True,True,35,409.31,318.94,0.225,False,False,True,,0
CLM003267,19,United,outpatient,lab,general,in_network,False,True,True,11,188.98,149.8,0.101,False,False,True,,0
CLM003268,27,BlueCross,professional,evaluation,cardiology,in_network,True,True,True,22,280.6,171.71,0.206,False,True,True,,0
CLM003269,18,Aetna,pharmacy,pharmacy,oncology,in_network,False,True,True,35,185.63,112.27,0.063,False,False,False,,0
CLM003270,49,Cigna,inpatient,evaluation,respiratory,in_network,True,True,True,14,299.16,196.22,0.033,False,False,True,,0
CLM003271,76,United,pharmacy,imaging,oncology,in_network,True,False,True,76,635.98,430.17,0.315,False,False,False,coverage_inactive,1
CLM003272,45,BlueCross,professional,evaluation,orthopedics,out_of_network,False,True,False,33,359.6,223.06,0.087,False,False,True,,0
CLM003273,41,Humana,professional,pharmacy,cardiology,in_network,False,True,False,23,242.76,156.78,0.111,False,False,True,incomplete_documentation,1
CLM003274,80,BlueCross,professional,therapy,cardiology,in_network,True,True,True,18,345.41,296.36,0.06,False,False,True,,0
CLM003275,58,BlueCross,professional,therapy,cardiology,in_network,True,True,True,36,517.36,374.25,0.109,False,False,True,,0
CLM003276,65,Cigna,professional,imaging,orthopedics,in_network,True,True,True,15,827.47,570.63,0.314,False,False,False,coverage_inactive,1
CLM003277,70,Aetna,outpatient,evaluation,orthopedics,in_network,False,True,True,37,129.33,88.57,0.079,False,False,True,,1
CLM003278,71,BlueCross,outpatient,imaging,general,in_network,True,False,True,10,1189.15,799.22,0.295,False,False,True,missing_prior_authorization,1
CLM003279,29,BlueCross,outpatient,lab,oncology,in_network,False,True,True,23,262.36,136.97,0.127,False,False,True,,0
CLM003280,83,United,inpatient,pharmacy,cardiology,in_network,True,True,True,42,154.83,87.56,0.309,False,False,True,,0
CLM003281,63,BlueCross,professional,pharmacy,cardiology,in_network,False,True,True,14,124.94,95.07,0.109,False,False,True,,0
CLM003282,40,United,inpatient,pharmacy,cardiology,in_network,True,True,True,14,260.57,210.83,0.334,False,False,True,,0
CLM003283,64,Aetna,outpatient,lab,orthopedics,out_of_network,False,True,True,24,317.67,217.9,0.088,False,False,True,,0
CLM003284,22,Cigna,inpatient,imaging,respiratory,in_network,True,True,True,27,1811.71,1518.09,0.174,False,False,True,,0
CLM003285,78,BlueCross,outpatient,therapy,cardiology,in_network,True,False,False,47,1147.33,651.9,0.13,False,False,True,incomplete_documentation,1
CLM003286,49,Cigna,professional,imaging,oncology,in_network,True,True,True,37,1671.28,871.59,0.117,False,False,True,,0
CLM003287,22,Humana,professional,evaluation,oncology,in_network,False,True,True,20,416.13,294.51,0.168,False,False,True,,0
CLM003288,85,United,outpatient,therapy,cardiology,out_of_network,True,False,True,21,477.24,278.23,0.149,False,False,True,network_coverage,1
CLM003289,49,Humana,inpatient,lab,cardiology,in_network,True,True,True,39,236.0,144.17,0.189,False,False,True,,0
CLM003290,66,Cigna,outpatient,imaging,orthopedics,out_of_network,True,True,True,9,1049.04,712.8,0.285,False,False,True,network_coverage,1
CLM003291,72,Cigna,outpatient,lab,cardiology,in_network,False,True,True,12,152.65,89.52,0.509,False,False,True,,0
CLM003292,20,United,professional,evaluation,respiratory,in_network,False,True,True,17,383.06,213.67,0.153,False,False,True,,1
CLM003293,45,United,outpatient,evaluation,general,out_of_network,False,True,True,6,396.03,211.57,0.062,False,False,True,,0
CLM003294,88,Humana,outpatient,imaging,respiratory,in_network,True,True,True,45,1040.07,709.33,0.268,False,False,False,coverage_inactive,1
CLM003295,57,Aetna,outpatient,imaging,respiratory,out_of_network,True,True,True,9,1934.11,1607.17,0.117,False,False,False,coverage_inactive,1
CLM003296,56,BlueCross,pharmacy,lab,respiratory,out_of_network,False,True,True,89,250.92,191.76,0.036,False,True,True,coding_mismatch,1
CLM003297,87,BlueCross,professional,imaging,general,in_network,True,True,True,34,1207.27,872.29,0.12,False,False,True,,0
CLM003298,46,BlueCross,outpatient,pharmacy,cardiology,in_network,True,True,True,17,222.24,122.68,0.17,False,False,True,,1
CLM003299,50,United,outpatient,evaluation,general,in_network,False,True,True,21,271.98,198.11,0.242,False,False,True,,0
CLM003300,53,Aetna,inpatient,imaging,oncology,in_network,True,True,True,62,885.51,649.02,0.194,False,False,True,,0
CLM003301,81,United,pharmacy,evaluation,oncology,in_network,False,True,True,19,589.34,321.39,0.018,False,False,True,,0
CLM003302,56,United,outpatient,lab,respiratory,in_network,False,True,True,16,570.34,433.57,0.144,False,False,True,,0
CLM003303,63,Cigna,outpatient,surgery,oncology,in_network,True,False,True,20,9206.92,6403.68,0.108,False,False,True,,0
CLM003304,84,BlueCross,pharmacy,therapy,orthopedics,in_network,True,False,True,19,452.15,387.72,0.24,False,False,True,missing_prior_authorization,1
CLM003305,32,BlueCross,professional,imaging,cardiology,in_network,True,True,False,25,1375.98,782.12,0.042,False,False,True,incomplete_documentation,1
CLM003306,44,Humana,inpatient,lab,cardiology,in_network,True,True,True,19,174.39,97.5,0.098,False,True,True,,0
CLM003307,62,Humana,inpatient,evaluation,cardiology,in_network,True,True,True,55,566.08,423.39,0.316,False,False,True,,0
CLM003308,65,Cigna,inpatient,pharmacy,orthopedics,in_network,True,True,True,23,298.44,217.14,0.256,False,False,True,,0
CLM003309,32,Cigna,professional,lab,respiratory,in_network,False,True,True,12,193.23,118.28,0.075,False,False,True,,1
CLM003310,26,United,inpatient,evaluation,orthopedics,in_network,True,False,False,8,289.53,206.43,0.155,False,False,True,incomplete_documentation,1
CLM003311,49,Humana,pharmacy,surgery,oncology,in_network,True,True,True,9,10938.37,9346.05,0.393,False,False,True,,0
CLM003312,48,Humana,pharmacy,therapy,cardiology,in_network,True,False,True,39,828.26,479.02,0.219,False,False,True,missing_prior_authorization,1
CLM003313,40,BlueCross,outpatient,surgery,oncology,in_network,True,False,True,34,11219.86,8172.5,0.15,False,False,True,,0
CLM003314,84,Aetna,professional,therapy,general,in_network,True,True,True,28,629.76,351.13,0.108,False,False,True,,0
CLM003315,32,Cigna,outpatient,imaging,orthopedics,in_network,True,False,False,39,1638.89,1293.47,0.369,False,False,True,,0
CLM003316,72,BlueCross,inpatient,pharmacy,oncology,in_network,True,True,True,39,214.26,149.01,0.238,False,False,True,,0
CLM003317,83,BlueCross,professional,pharmacy,general,in_network,False,True,True,34,232.03,132.7,0.287,False,False,True,,0
CLM003318,84,Cigna,inpatient,lab,respiratory,out_of_network,True,False,True,7,461.11,287.19,0.089,True,True,True,duplicate_claim,1
CLM003319,80,United,inpatient,evaluation,orthopedics,in_network,True,True,True,6,390.11,309.58,0.15,False,False,True,,0
CLM003320,27,United,outpatient,imaging,cardiology,in_network,True,True,True,22,1238.59,823.67,0.071,False,False,True,,0
CLM003321,71,Humana,inpatient,evaluation,general,out_of_network,True,False,True,49,1316.29,1110.79,0.101,False,False,False,coverage_inactive,1
CLM003322,51,Humana,outpatient,lab,respiratory,in_network,False,True,True,22,117.35,81.12,0.195,False,True,True,,0
CLM003323,89,Cigna,professional,imaging,cardiology,in_network,True,True,True,23,2026.08,1419.04,0.144,False,False,True,,0
CLM003324,55,Cigna,professional,evaluation,oncology,in_network,False,False,True,37,271.38,157.1,0.364,False,False,True,,0
CLM003325,30,Cigna,professional,lab,general,in_network,False,True,False,2,114.14,93.74,0.492,False,False,True,incomplete_documentation,1
CLM003326,24,United,professional,therapy,general,in_network,True,True,True,23,195.48,151.54,0.101,False,True,True,coding_mismatch,1
CLM003327,67,United,outpatient,therapy,cardiology,in_network,True,True,True,20,449.41,251.7,0.191,False,False,True,,1
CLM003328,55,Cigna,professional,imaging,oncology,in_network,True,False,True,24,3413.28,1967.45,0.028,False,False,True,,0
CLM003329,41,Humana,outpatient,imaging,general,in_network,True,False,True,68,3101.56,2164.15,0.059,False,False,True,,0
CLM003330,45,Aetna,outpatient,therapy,respiratory,in_network,True,False,False,18,380.72,298.77,0.053,False,False,True,incomplete_documentation,1
CLM003331,73,Cigna,pharmacy,therapy,oncology,in_network,True,True,True,37,373.84,288.65,0.029,False,False,True,,0
CLM003332,18,United,outpatient,imaging,orthopedics,in_network,True,True,True,19,1139.59,622.02,0.113,False,False,True,,1
CLM003333,30,Humana,inpatient,lab,respiratory,in_network,True,True,True,13,263.04,198.51,0.083,False,False,True,,0
CLM003334,25,Cigna,outpatient,therapy,oncology,out_of_network,True,True,True,21,1578.43,1342.33,0.023,False,False,True,,0
CLM003335,56,BlueCross,outpatient,evaluation,oncology,in_network,False,True,False,52,518.65,376.22,0.077,False,False,True,incomplete_documentation,1
CLM003336,53,United,outpatient,evaluation,general,in_network,False,True,True,44,453.28,320.95,0.373,False,False,True,,0
CLM003337,74,United,outpatient,lab,orthopedics,in_network,False,True,True,18,269.21,197.59,0.202,False,False,True,,0
CLM003338,25,BlueCross,pharmacy,therapy,respiratory,in_network,True,False,True,9,207.42,146.33,0.168,False,False,True,,0
CLM003339,53,United,outpatient,therapy,cardiology,in_network,True,True,True,42,205.82,122.58,0.189,False,False,True,,1
CLM003340,46,Cigna,outpatient,lab,respiratory,in_network,True,False,True,40,169.35,120.24,0.163,False,False,True,missing_prior_authorization,1
CLM003341,73,BlueCross,outpatient,imaging,oncology,in_network,True,False,True,23,787.34,605.52,0.149,False,True,True,coding_mismatch,1
CLM003342,89,BlueCross,professional,imaging,general,in_network,True,True,True,9,644.19,463.87,0.057,False,False,True,,0
CLM003343,32,Cigna,inpatient,evaluation,orthopedics,in_network,True,True,True,44,520.46,354.86,0.048,False,False,True,,0
CLM003344,49,Cigna,inpatient,surgery,general,in_network,True,True,True,26,8328.31,6277.57,0.28,False,False,True,,0
CLM003345,55,Humana,outpatient,evaluation,oncology,in_network,False,True,True,25,229.7,186.57,0.08,False,False,True,,0
CLM003346,58,Aetna,professional,therapy,orthopedics,in_network,True,True,True,63,274.14,142.96,0.238,False,False,True,,0
CLM003347,33,Cigna,professional,lab,cardiology,in_network,False,True,True,26,332.77,272.95,0.212,False,False,True,,0
CLM003348,48,Humana,professional,evaluation,cardiology,in_network,False,True,True,42,327.79,228.71,0.091,False,False,True,,0
CLM003349,70,United,professional,evaluation,orthopedics,in_network,False,True,True,55,172.83,113.48,0.201,False,False,True,,0
CLM003350,25,BlueCross,outpatient,imaging,oncology,in_network,True,True,True,17,1106.79,840.99,0.136,False,False,True,,1
CLM003351,71,Humana,inpatient,evaluation,general,in_network,True,True,True,12,783.03,671.52,0.17,False,False,True,,0
CLM003352,76,BlueCross,inpatient,therapy,general,in_network,True,False,True,30,775.77,480.82,0.026,False,False,True,missing_prior_authorization,1
CLM003353,87,Humana,inpatient,lab,respiratory,in_network,True,True,True,81,244.84,193.63,0.098,False,False,True,,0
CLM003354,70,BlueCross,outpatient,evaluation,oncology,in_network,False,True,True,23,398.07,329.19,0.11,False,False,True,,0
CLM003355,36,Humana,outpatient,evaluation,respiratory,in_network,False,True,False,12,275.1,162.18,0.206,False,False,True,,0
CLM003356,49,Cigna,outpatient,lab,orthopedics,in_network,False,True,True,14,211.18,172.46,0.106,True,False,True,duplicate_claim,1
CLM003357,75,BlueCross,outpatient,pharmacy,orthopedics,in_network,False,True,True,19,117.04,97.86,0.099,False,False,True,,0
CLM003358,31,Cigna,outpatient,evaluation,oncology,in_network,False,False,True,23,246.99,178.92,0.087,False,False,True,,1
CLM003359,71,Humana,professional,therapy,general,in_network,True,True,True,37,608.03,356.82,0.139,False,True,True,coding_mismatch,1
CLM003360,70,Humana,professional,imaging,cardiology,in_network,True,True,True,33,2576.53,1419.67,0.168,False,True,True,coding_mismatch,1
CLM003361,23,Humana,outpatient,surgery,cardiology,in_network,True,True,False,58,10781.78,7815.06,0.139,False,False,True,,0
CLM003362,41,Humana,outpatient,lab,cardiology,in_network,False,True,True,25,369.6,217.15,0.058,False,False,True,,0
CLM003363,40,United,professional,evaluation,orthopedics,in_network,False,True,True,35,133.21,78.05,0.042,False,False,True,,0
CLM003364,53,Cigna,professional,therapy,cardiology,in_network,True,True,False,61,605.52,417.68,0.26,False,False,True,incomplete_documentation,1
CLM003365,71,Cigna,outpatient,evaluation,cardiology,in_network,False,True,False,28,390.99,254.67,0.331,False,False,True,,0
CLM003366,36,Cigna,outpatient,surgery,cardiology,in_network,True,True,True,3,6498.94,3969.52,0.015,False,False,True,,0
CLM003367,22,Cigna,professional,evaluation,orthopedics,out_of_network,False,True,True,22,440.5,335.6,0.052,False,False,True,,0
CLM003368,48,Aetna,professional,evaluation,respiratory,in_network,False,True,True,24,612.03,409.88,0.075,False,False,True,,0
CLM003369,85,United,inpatient,evaluation,cardiology,in_network,True,True,True,12,406.71,284.27,0.275,True,True,True,duplicate_claim,1
CLM003370,83,Cigna,outpatient,evaluation,orthopedics,in_network,False,True,True,7,289.82,164.45,0.118,False,False,True,,0
CLM003371,48,Cigna,pharmacy,pharmacy,general,in_network,False,True,True,9,445.59,365.98,0.226,False,False,True,,0
CLM003372,39,United,inpatient,imaging,cardiology,in_network,True,True,True,63,1369.34,735.02,0.13,False,False,True,,0
CLM003373,44,Cigna,professional,evaluation,general,out_of_network,False,True,True,38,897.13,712.78,0.223,False,True,True,coding_mismatch,1
CLM003374,45,Cigna,outpatient,pharmacy,oncology,in_network,False,True,True,8,163.81,93.02,0.058,True,False,True,,0
CLM003375,37,Cigna,outpatient,therapy,respiratory,in_network,True,True,True,19,495.92,370.65,0.269,False,False,True,,1
CLM003376,54,United,outpatient,surgery,orthopedics,in_network,True,True,True,2,17955.75,9597.54,0.22,False,False,True,,1
CLM003377,56,BlueCross,inpatient,pharmacy,orthopedics,in_network,True,True,False,21,125.57,66.03,0.122,False,False,True,,0
CLM003378,38,Aetna,pharmacy,imaging,orthopedics,in_network,True,True,True,6,3932.49,2298.95,0.092,False,False,True,,0
CLM003379,68,Aetna,outpatient,lab,cardiology,out_of_network,False,True,True,53,229.71,165.94,0.262,False,False,True,network_coverage,1
CLM003380,87,Humana,pharmacy,imaging,orthopedics,out_of_network,True,True,False,66,2473.99,1312.1,0.192,False,False,True,network_coverage,1
CLM003381,71,Aetna,outpatient,lab,general,in_network,False,True,True,69,303.6,187.85,0.235,False,False,True,,0
CLM003382,25,Humana,professional,lab,cardiology,in_network,False,True,True,11,143.8,120.53,0.359,False,False,True,,0
CLM003383,49,United,pharmacy,therapy,oncology,in_network,True,True,True,7,245.04,175.09,0.193,False,False,True,,0
CLM003384,26,Humana,outpatient,pharmacy,respiratory,in_network,False,True,True,20,109.68,71.29,0.07,False,False,True,,0
CLM003385,42,Aetna,outpatient,lab,cardiology,in_network,False,True,True,19,217.78,117.25,0.077,False,False,True,,0
CLM003386,63,Humana,professional,therapy,cardiology,in_network,True,True,True,3,664.2,355.88,0.028,False,False,True,,0
CLM003387,85,Cigna,outpatient,pharmacy,oncology,out_of_network,False,True,False,14,231.88,165.2,0.138,False,False,True,,0
CLM003388,61,Aetna,pharmacy,evaluation,orthopedics,in_network,False,True,True,21,263.02,225.94,0.14,False,False,True,,0
CLM003389,34,Aetna,outpatient,surgery,general,in_network,True,True,True,6,6902.75,3908.81,0.128,False,False,True,,1
CLM003390,38,Humana,outpatient,imaging,cardiology,out_of_network,True,False,True,11,1665.16,997.24,0.048,False,False,True,network_coverage,1
CLM003391,54,Cigna,inpatient,therapy,cardiology,in_network,True,True,True,29,417.6,354.17,0.11,False,False,True,,0
CLM003392,23,Cigna,professional,evaluation,orthopedics,in_network,False,True,True,28,273.17,231.43,0.116,False,False,True,,0
CLM003393,33,Humana,pharmacy,therapy,orthopedics,in_network,True,True,True,46,307.64,215.27,0.142,False,True,True,,0
CLM003394,27,Cigna,inpatient,surgery,cardiology,out_of_network,True,True,True,3,8571.1,6101.86,0.154,False,False,True,network_coverage,1
CLM003395,89,United,professional,evaluation,respiratory,in_network,False,True,True,25,488.0,356.45,0.212,False,False,True,,0
CLM003396,33,Aetna,pharmacy,evaluation,orthopedics,out_of_network,False,True,True,37,332.34,186.31,0.183,False,False,True,,0
CLM003397,53,BlueCross,inpatient,therapy,oncology,in_network,True,False,True,64,703.11,446.26,0.171,False,False,True,,0
CLM003398,46,Aetna,inpatient,evaluation,orthopedics,in_network,True,False,True,18,353.7,184.8,0.065,False,True,True,coding_mismatch,1
CLM003399,70,Cigna,professional,evaluation,cardiology,out_of_network,False,True,True,21,1072.53,663.12,0.111,False,False,True,,0
CLM003400,58,United,professional,evaluation,cardiology,in_network,False,True,True,17,359.96,243.54,0.136,False,False,True,,0
CLM003401,37,Cigna,inpatient,evaluation,cardiology,in_network,True,True,True,24,436.02,232.81,0.089,False,False,True,,0
CLM003402,62,BlueCross,professional,evaluation,general,in_network,True,True,True,48,208.79,131.54,0.296,False,False,True,,0
CLM003403,77,Aetna,outpatient,therapy,orthopedics,in_network,True,True,True,44,262.45,159.87,0.077,False,False,True,,0
CLM003404,68,BlueCross,pharmacy,lab,orthopedics,in_network,False,True,True,12,560.93,460.6,0.164,False,False,True,,0
CLM003405,36,BlueCross,professional,evaluation,oncology,in_network,False,True,True,22,506.74,278.32,0.141,False,False,True,,1
CLM003406,21,Aetna,professional,therapy,cardiology,in_network,True,True,True,17,272.82,170.02,0.069,False,False,True,,0
CLM003407,69,Aetna,outpatient,therapy,respiratory,in_network,True,False,True,16,652.54,532.17,0.212,False,False,True,,0
CLM003408,57,Humana,outpatient,imaging,oncology,in_network,True,True,True,35,1890.66,1317.54,0.155,False,False,True,,0
CLM003409,22,Humana,outpatient,evaluation,respiratory,in_network,False,True,True,18,693.12,422.7,0.28,False,True,True,,0
CLM003410,21,Humana,inpatient,evaluation,cardiology,in_network,True,False,True,35,228.34,173.07,0.081,False,False,True,,0
CLM003411,27,Aetna,professional,lab,cardiology,in_network,False,True,True,18,222.4,150.36,0.102,False,False,True,,0
CLM003412,64,United,inpatient,lab,respiratory,in_network,True,True,True,15,189.58,99.69,0.145,False,False,True,,0
CLM003413,36,Cigna,outpatient,surgery,orthopedics,out_of_network,True,True,True,22,13718.29,9677.16,0.136,False,False,True,,0
CLM003414,40,Cigna,inpatient,pharmacy,cardiology,in_network,True,True,True,90,163.34,88.52,0.141,False,False,True,,0
CLM003415,89,United,outpatient,evaluation,oncology,in_network,False,True,False,11,463.23,259.0,0.157,False,False,True,,0
CLM003416,61,BlueCross,outpatient,therapy,oncology,in_network,True,True,True,13,260.65,199.66,0.129,False,False,True,,0
CLM003417,23,Cigna,professional,lab,general,in_network,False,True,True,5,257.48,196.39,0.072,False,False,True,,0
CLM003418,52,Aetna,professional,evaluation,general,in_network,False,True,True,15,179.06,116.84,0.259,False,False,True,,0
CLM003419,42,Cigna,inpatient,therapy,oncology,in_network,True,True,True,4,824.81,492.78,0.094,False,False,True,,0
CLM003420,76,BlueCross,professional,pharmacy,cardiology,in_network,False,True,True,4,173.26,91.8,0.031,True,False,True,,0
CLM003421,58,Aetna,professional,imaging,respiratory,out_of_network,True,False,False,30,1698.47,1308.44,0.213,False,True,True,coding_mismatch,1
CLM003422,25,Humana,outpatient,imaging,orthopedics,in_network,True,True,True,38,1965.76,1487.88,0.036,False,False,True,,0
CLM003423,40,Aetna,professional,therapy,general,in_network,True,True,False,72,535.16,417.15,0.252,False,False,True,,0
CLM003424,56,United,outpatient,surgery,respiratory,in_network,True,False,True,11,9230.28,5138.8,0.088,False,False,True,,0
CLM003425,40,BlueCross,inpatient,therapy,orthopedics,in_network,True,True,True,11,372.38,200.09,0.154,False,False,True,,0
CLM003426,40,Aetna,outpatient,evaluation,general,in_network,False,True,True,50,306.11,180.33,0.027,False,False,True,,0
CLM003427,89,Cigna,inpatient,imaging,oncology,out_of_network,True,True,True,25,1181.99,934.8,0.137,False,False,True,,0
CLM003428,18,BlueCross,professional,lab,orthopedics,out_of_network,False,True,True,12,204.7,117.38,0.072,False,False,True,network_coverage,1
CLM003429,40,Humana,pharmacy,evaluation,cardiology,in_network,False,True,True,39,392.0,284.19,0.119,False,False,True,,0
CLM003430,56,Humana,professional,evaluation,respiratory,in_network,False,True,True,23,183.88,135.75,0.106,False,False,True,,0
CLM003431,73,Cigna,outpatient,therapy,orthopedics,in_network,True,True,True,22,442.53,347.51,0.1,False,False,True,,0
CLM003432,74,Cigna,outpatient,surgery,cardiology,in_network,True,True,False,61,10218.6,5328.48,0.33,False,False,True,incomplete_documentation,1
CLM003433,34,Humana,pharmacy,therapy,cardiology,in_network,True,True,True,32,569.26,418.17,0.105,False,False,True,,0
CLM003434,62,Humana,outpatient,lab,respiratory,in_network,False,True,True,33,84.59,70.58,0.076,False,False,False,coverage_inactive,1
CLM003435,68,Aetna,inpatient,evaluation,general,out_of_network,True,True,True,39,336.24,227.0,0.206,False,False,True,,0
CLM003436,21,Cigna,outpatient,therapy,orthopedics,in_network,True,True,True,22,705.2,545.44,0.032,False,False,True,,0
CLM003437,58,Humana,outpatient,surgery,orthopedics,in_network,True,False,True,38,11946.73,7797.33,0.187,False,False,True,missing_prior_authorization,1
CLM003438,64,BlueCross,outpatient,evaluation,respiratory,out_of_network,False,True,True,63,462.29,260.93,0.075,False,False,True,,0
CLM003439,30,United,inpatient,therapy,cardiology,in_network,True,True,True,23,384.84,245.38,0.279,False,False,False,coverage_inactive,1
CLM003440,69,Cigna,professional,imaging,cardiology,in_network,True,False,True,30,1240.62,938.31,0.102,False,False,False,,0
CLM003441,47,BlueCross,outpatient,therapy,respiratory,out_of_network,True,True,True,12,780.83,430.52,0.232,False,False,True,,0
CLM003442,23,BlueCross,outpatient,pharmacy,oncology,in_network,False,True,True,14,164.98,110.04,0.031,False,True,True,,0
CLM003443,49,Humana,inpatient,evaluation,cardiology,in_network,True,True,True,20,421.3,227.57,0.157,False,True,True,coding_mismatch,1
CLM003444,45,Humana,outpatient,lab,orthopedics,in_network,False,True,True,21,365.21,298.49,0.178,False,False,True,,1
CLM003445,71,BlueCross,professional,evaluation,cardiology,out_of_network,False,True,True,6,388.84,321.14,0.178,False,False,True,,0
CLM003446,39,Aetna,outpatient,lab,respiratory,in_network,False,True,True,65,306.95,204.04,0.189,True,False,True,,0
CLM003447,72,Aetna,professional,therapy,respiratory,in_network,True,True,True,40,385.4,249.08,0.065,False,True,True,,0
CLM003448,71,Cigna,professional,therapy,respiratory,in_network,True,True,True,28,414.71,329.75,0.225,False,False,True,,0
CLM003449,63,United,outpatient,surgery,cardiology,in_network,True,True,True,11,12009.07,9821.04,0.114,False,False,True,,0
CLM003450,44,United,professional,lab,general,in_network,False,True,False,29,570.66,419.37,0.176,False,False,True,,0
CLM003451,26,Cigna,professional,pharmacy,orthopedics,in_network,False,True,True,19,177.12,145.57,0.235,False,False,True,,0
CLM003452,32,Cigna,outpatient,surgery,general,out_of_network,True,True,True,34,36282.08,25161.45,0.19,False,False,True,network_coverage,1
CLM003453,39,Cigna,inpatient,evaluation,general,in_network,True,True,True,9,262.99,149.85,0.118,False,False,True,,0
CLM003454,56,BlueCross,inpatient,evaluation,oncology,out_of_network,True,True,True,52,729.87,626.67,0.055,False,False,True,,0
CLM003455,85,Cigna,pharmacy,therapy,respiratory,out_of_network,True,True,True,21,1050.01,865.56,0.12,False,False,True,,0
CLM003456,72,United,professional,imaging,respiratory,out_of_network,True,True,True,50,3210.5,2558.24,0.113,False,False,True,,0
CLM003457,81,Humana,pharmacy,surgery,respiratory,in_network,True,True,True,97,7812.36,6449.32,0.084,False,False,True,,0
CLM003458,46,BlueCross,pharmacy,imaging,cardiology,in_network,True,True,True,11,1709.17,890.18,0.107,False,False,True,,0
CLM003459,22,Aetna,inpatient,therapy,cardiology,out_of_network,True,True,True,21,714.58,613.28,0.039,False,False,True,,0
CLM003460,82,Humana,professional,pharmacy,general,in_network,False,True,True,9,182.5,121.94,0.393,False,False,True,,0
CLM003461,85,United,outpatient,evaluation,respiratory,in_network,False,True,True,14,325.56,172.55,0.103,False,False,True,,0
CLM003462,64,Aetna,professional,imaging,respiratory,in_network,True,True,True,27,729.37,539.67,0.041,False,False,True,,0
CLM003463,52,BlueCross,inpatient,surgery,orthopedics,in_network,True,True,True,7,8925.45,4945.35,0.01,False,True,True,,0
CLM003464,26,United,outpatient,imaging,oncology,in_network,True,True,False,59,1126.2,695.48,0.03,False,False,True,incomplete_documentation,1
CLM003465,74,BlueCross,professional,pharmacy,orthopedics,in_network,False,True,True,17,176.08,111.03,0.24,False,False,True,,0
CLM003466,88,Aetna,professional,surgery,oncology,in_network,True,True,True,34,5334.06,4385.87,0.298,False,False,True,,0
CLM003467,53,BlueCross,professional,surgery,respiratory,in_network,True,True,False,62,8039.89,6040.71,0.226,False,False,True,,0
CLM003468,70,BlueCross,outpatient,therapy,respiratory,in_network,True,True,True,8,554.48,469.82,0.176,False,False,True,,1
CLM003469,24,Cigna,outpatient,therapy,orthopedics,out_of_network,True,False,True,36,440.13,232.38,0.125,False,False,True,network_coverage,1
CLM003470,34,United,pharmacy,surgery,general,in_network,True,False,False,41,10652.97,8587.42,0.068,False,False,True,incomplete_documentation,1
CLM003471,62,United,outpatient,evaluation,cardiology,in_network,False,True,True,8,353.66,204.72,0.023,False,False,True,,1
CLM003472,40,Cigna,outpatient,imaging,general,in_network,True,True,True,10,1160.87,729.13,0.115,False,False,True,,0
CLM003473,25,Aetna,outpatient,imaging,respiratory,out_of_network,True,True,False,27,2374.82,1925.35,0.109,False,False,True,,0
CLM003474,51,BlueCross,outpatient,imaging,oncology,in_network,True,True,True,59,2095.8,1128.29,0.066,False,False,True,,0
CLM003475,70,Aetna,outpatient,lab,orthopedics,in_network,False,True,True,45,195.24,167.32,0.088,False,True,True,,0
CLM003476,19,Aetna,outpatient,pharmacy,orthopedics,in_network,False,True,True,13,142.41,105.26,0.255,False,False,True,,0
CLM003477,43,BlueCross,professional,therapy,orthopedics,out_of_network,True,True,False,40,870.98,593.91,0.164,False,False,True,,0
CLM003478,82,Aetna,pharmacy,evaluation,general,in_network,False,False,True,61,256.51,218.52,0.187,False,False,True,,0
CLM003479,21,Cigna,pharmacy,lab,cardiology,in_network,False,True,False,15,138.75,101.06,0.183,False,False,True,,0
CLM003480,23,BlueCross,outpatient,evaluation,respiratory,in_network,False,True,True,16,460.74,276.82,0.144,True,False,True,,0
CLM003481,84,Humana,outpatient,pharmacy,general,in_network,False,False,True,6,153.7,113.93,0.055,False,False,True,,0
CLM003482,30,Cigna,professional,lab,oncology,in_network,False,False,True,11,300.42,164.52,0.066,False,False,True,,0
CLM003483,57,United,professional,pharmacy,respiratory,in_network,True,True,True,26,107.48,88.87,0.238,False,False,True,,0
CLM003484,56,Cigna,outpatient,evaluation,oncology,in_network,False,True,True,15,374.3,277.0,0.447,False,False,True,,1
CLM003485,61,Aetna,professional,evaluation,oncology,in_network,False,True,True,6,336.88,249.25,0.089,False,False,True,,0
CLM003486,75,United,professional,surgery,respiratory,in_network,True,True,True,15,13256.01,8934.07,0.208,False,False,True,,0
CLM003487,64,BlueCross,professional,evaluation,general,out_of_network,False,True,True,82,207.6,165.29,0.122,False,False,True,,0
CLM003488,85,Humana,professional,therapy,respiratory,in_network,True,True,True,60,271.94,212.34,0.11,False,False,True,,0
CLM003489,64,Humana,outpatient,pharmacy,general,in_network,False,True,True,32,337.91,242.28,0.147,True,False,True,,0
CLM003490,26,United,outpatient,pharmacy,oncology,in_network,False,True,False,30,186.64,128.29,0.156,False,False,True,incomplete_documentation,1
CLM003491,61,Humana,professional,lab,respiratory,in_network,False,True,True,58,142.01,94.42,0.33,False,False,True,,0
CLM003492,19,Cigna,inpatient,pharmacy,general,out_of_network,True,True,True,33,315.58,256.26,0.146,False,False,True,,0
CLM003493,45,BlueCross,professional,pharmacy,orthopedics,in_network,False,True,True,26,155.19,129.81,0.086,False,False,True,,0
CLM003494,68,Cigna,professional,therapy,general,out_of_network,True,True,False,36,477.93,358.99,0.056,False,False,True,,0
CLM003495,87,Humana,inpatient,imaging,respiratory,in_network,True,True,True,13,2850.34,2433.45,0.095,False,True,True,,0
CLM003496,37,Cigna,professional,imaging,oncology,in_network,True,True,True,26,1100.76,932.02,0.083,False,False,True,,0
CLM003497,24,Aetna,professional,imaging,respiratory,in_network,True,True,True,29,551.99,398.94,0.179,False,False,True,,0
CLM003498,27,BlueCross,professional,imaging,cardiology,in_network,True,True,True,21,1160.09,794.39,0.12,False,False,True,,0
CLM003499,47,United,outpatient,pharmacy,respiratory,out_of_network,False,True,True,27,183.26,127.75,0.199,False,False,True,,0
CLM003500,18,BlueCross,professional,surgery,oncology,in_network,True,True,True,18,3160.21,2096.01,0.059,False,False,True,,0
CLM003501,41,Cigna,outpatient,evaluation,general,in_network,False,True,True,10,450.99,362.35,0.14,False,False,True,,0
CLM003502,87,United,outpatient,evaluation,respiratory,in_network,True,True,False,16,588.22,447.82,0.565,False,False,True,incomplete_documentation,1
CLM003503,43,BlueCross,inpatient,evaluation,oncology,in_network,True,True,False,28,391.43,282.93,0.196,False,False,False,coverage_inactive,1
CLM003504,70,Humana,professional,surgery,oncology,in_network,True,True,True,26,8464.3,6733.02,0.276,False,False,True,,0
CLM003505,28,Humana,professional,therapy,oncology,in_network,True,False,True,28,394.68,285.96,0.117,False,False,True,,0
CLM003506,42,BlueCross,outpatient,therapy,general,in_network,True,True,True,20,443.12,367.48,0.153,False,False,True,,0
CLM003507,52,United,outpatient,therapy,respiratory,in_network,True,True,True,5,712.15,373.79,0.045,False,False,True,,0
CLM003508,61,Cigna,professional,surgery,cardiology,in_network,True,True,True,34,3560.38,2506.27,0.094,False,False,True,,0
CLM003509,56,BlueCross,professional,evaluation,oncology,in_network,False,True,False,23,328.85,256.34,0.118,False,False,True,,0
CLM003510,82,BlueCross,outpatient,imaging,orthopedics,out_of_network,True,True,True,34,2906.05,2333.23,0.547,False,True,True,coding_mismatch,1
CLM003511,87,BlueCross,pharmacy,therapy,cardiology,in_network,True,False,True,27,265.02,180.04,0.112,False,False,True,,0
CLM003512,83,Cigna,professional,lab,general,in_network,False,True,True,16,357.28,218.99,0.082,False,False,True,,0
CLM003513,72,BlueCross,pharmacy,surgery,general,out_of_network,True,True,True,24,25422.77,15147.7,0.037,False,False,True,,0
CLM003514,56,BlueCross,pharmacy,evaluation,general,in_network,False,True,True,88,256.67,165.9,0.065,False,False,True,,0
CLM003515,66,Humana,pharmacy,imaging,orthopedics,in_network,True,True,True,48,730.01,606.3,0.056,False,False,True,,0
CLM003516,85,United,professional,pharmacy,oncology,in_network,False,True,True,30,146.3,103.38,0.109,False,False,True,,1
CLM003517,65,Humana,professional,pharmacy,respiratory,in_network,False,True,True,110,226.59,173.93,0.248,False,False,True,timely_filing,1
CLM003518,72,Cigna,outpatient,lab,cardiology,out_of_network,False,True,True,14,977.76,650.57,0.044,True,False,True,duplicate_claim,1
CLM003519,63,Humana,outpatient,lab,cardiology,in_network,False,True,True,20,166.9,126.52,0.124,False,False,True,,0
CLM003520,57,Cigna,professional,imaging,oncology,in_network,True,True,True,26,969.66,824.26,0.36,False,False,True,,0
CLM003521,47,BlueCross,outpatient,pharmacy,respiratory,in_network,False,True,True,11,184.3,132.02,0.253,False,False,True,,0
CLM003522,45,Humana,professional,therapy,oncology,in_network,True,True,True,77,513.82,434.36,0.063,False,False,True,,0
CLM003523,45,Aetna,inpatient,imaging,orthopedics,out_of_network,True,True,True,81,1807.58,1444.05,0.092,False,False,True,,0
CLM003524,85,United,outpatient,therapy,oncology,in_network,True,False,True,39,229.35,137.84,0.255,False,False,True,missing_prior_authorization,1
CLM003525,28,Cigna,outpatient,imaging,general,in_network,True,True,True,4,777.22,464.72,0.123,False,False,True,,0
CLM003526,32,United,outpatient,therapy,orthopedics,in_network,True,True,True,7,699.87,573.81,0.048,False,False,True,,0
CLM003527,48,Aetna,inpatient,therapy,oncology,in_network,True,True,True,31,867.18,523.91,0.126,False,False,True,,0
CLM003528,57,Cigna,inpatient,imaging,orthopedics,in_network,True,True,True,60,742.44,444.53,0.074,False,True,True,coding_mismatch,1
CLM003529,27,Cigna,professional,evaluation,orthopedics,in_network,True,False,True,18,579.65,377.61,0.056,False,False,True,,0
CLM003530,27,BlueCross,outpatient,surgery,respiratory,in_network,True,False,False,33,3229.39,2420.15,0.092,False,False,True,incomplete_documentation,1
CLM003531,41,Cigna,inpatient,therapy,orthopedics,out_of_network,True,True,True,56,739.35,456.73,0.099,False,True,True,coding_mismatch,1
CLM003532,27,Humana,inpatient,evaluation,respiratory,out_of_network,True,True,True,13,389.11,298.14,0.067,False,False,True,,0
CLM003533,75,United,outpatient,pharmacy,cardiology,in_network,False,True,False,52,227.9,132.07,0.197,False,False,True,,0
CLM003534,22,United,outpatient,therapy,respiratory,out_of_network,True,False,True,20,355.83,295.49,0.178,False,False,True,,0
CLM003535,78,BlueCross,professional,pharmacy,cardiology,in_network,False,True,True,22,279.43,168.98,0.179,False,False,True,,0
CLM003536,40,United,professional,lab,orthopedics,in_network,False,True,True,30,206.03,124.33,0.092,False,False,True,,0
CLM003537,64,Cigna,outpatient,evaluation,general,in_network,False,True,True,10,236.05,145.84,0.11,False,False,True,,1
CLM003538,75,Cigna,professional,surgery,orthopedics,in_network,True,True,True,35,7447.83,6019.82,0.197,False,False,True,,0
CLM003539,44,Aetna,inpatient,evaluation,respiratory,in_network,True,False,True,15,464.86,257.5,0.114,True,False,True,duplicate_claim,1
CLM003540,31,Humana,outpatient,imaging,orthopedics,in_network,True,True,True,12,1306.86,869.08,0.047,False,False,True,,0
CLM003541,73,United,pharmacy,pharmacy,general,in_network,False,True,True,19,224.34,176.76,0.104,False,False,True,,0
CLM003542,77,BlueCross,outpatient,pharmacy,general,in_network,False,True,True,9,264.47,140.77,0.041,False,False,True,,0
CLM003543,55,United,pharmacy,lab,general,in_network,False,True,True,11,171.11,119.44,0.046,False,True,True,,0
CLM003544,89,Aetna,outpatient,therapy,orthopedics,in_network,True,False,True,42,364.54,192.04,0.105,False,False,True,,0
CLM003545,71,United,outpatient,therapy,orthopedics,in_network,True,True,False,33,1552.52,1082.72,0.093,False,False,False,coverage_inactive,1
CLM003546,55,BlueCross,outpatient,surgery,respiratory,in_network,True,False,False,22,5002.92,3919.92,0.02,False,False,True,incomplete_documentation,1
CLM003547,74,Cigna,outpatient,evaluation,general,in_network,False,True,True,12,127.65,96.05,0.235,False,False,True,,0
CLM003548,74,Aetna,pharmacy,evaluation,oncology,in_network,False,True,False,37,233.92,125.27,0.133,False,False,True,,0
CLM003549,67,United,inpatient,therapy,respiratory,in_network,True,True,True,51,419.77,244.84,0.095,False,False,True,,0
CLM003550,66,Cigna,professional,imaging,general,in_network,True,False,True,113,1869.58,1043.05,0.362,False,False,True,,0
CLM003551,78,United,professional,pharmacy,respiratory,in_network,True,True,True,54,143.36,94.88,0.07,False,False,True,,0
CLM003552,51,BlueCross,outpatient,imaging,orthopedics,in_network,True,True,True,18,1898.41,1332.73,0.268,False,False,True,,0
CLM003553,56,Aetna,outpatient,therapy,orthopedics,in_network,True,False,True,10,388.83,242.58,0.189,False,False,True,,0
CLM003554,38,Humana,outpatient,imaging,oncology,in_network,True,True,True,23,1689.53,1261.42,0.201,False,False,True,,0
CLM003555,43,Aetna,outpatient,imaging,oncology,out_of_network,True,False,True,51,2979.82,1581.69,0.022,False,False,True,,0
CLM003556,66,Humana,professional,imaging,general,out_of_network,True,True,True,18,1365.05,761.87,0.11,False,False,True,network_coverage,1
CLM003557,77,Aetna,outpatient,lab,orthopedics,in_network,False,True,True,6,345.86,190.02,0.153,False,False,True,,0
CLM003558,34,Aetna,pharmacy,evaluation,cardiology,in_network,False,True,True,33,197.57,142.64,0.173,False,False,True,,1
CLM003559,89,Humana,professional,therapy,orthopedics,in_network,True,True,True,19,497.53,265.07,0.295,False,False,True,,1
CLM003560,44,Humana,outpatient,evaluation,oncology,in_network,False,True,True,11,362.51,219.31,0.286,False,False,True,,0
CLM003561,67,Aetna,professional,evaluation,orthopedics,in_network,False,True,True,55,352.92,301.85,0.277,False,False,True,,0
CLM003562,29,Aetna,outpatient,imaging,orthopedics,in_network,True,True,True,12,1497.64,932.59,0.052,False,False,True,,0
CLM003563,73,United,pharmacy,imaging,orthopedics,in_network,True,True,True,17,1468.33,887.64,0.076,False,False,True,,0
CLM003564,59,Aetna,outpatient,therapy,general,in_network,True,True,True,15,124.05,87.84,0.145,False,False,True,,0
CLM003565,62,BlueCross,pharmacy,evaluation,oncology,in_network,False,True,True,6,360.02,187.97,0.371,False,False,True,,0
CLM003566,29,United,professional,therapy,respiratory,in_network,True,False,True,21,228.24,129.95,0.331,False,False,True,missing_prior_authorization,1
CLM003567,58,Cigna,professional,surgery,oncology,in_network,True,True,True,5,6967.03,5539.93,0.208,False,False,True,,0
CLM003568,75,Aetna,outpatient,evaluation,cardiology,in_network,True,True,False,10,477.21,284.91,0.177,False,False,True,,0
CLM003569,37,United,professional,imaging,orthopedics,in_network,True,True,True,11,1681.22,959.76,0.044,False,False,True,,0
CLM003570,52,BlueCross,outpatient,evaluation,general,in_network,False,True,True,7,641.87,352.22,0.075,False,False,True,,0
CLM003571,57,Humana,professional,imaging,oncology,in_network,True,False,True,32,1594.64,1071.72,0.296,True,False,True,duplicate_claim,1
CLM003572,69,Humana,inpatient,evaluation,respiratory,in_network,True,True,True,27,233.13,192.64,0.128,False,False,True,,0
CLM003573,68,BlueCross,outpatient,lab,respiratory,in_network,False,True,True,34,130.53,79.73,0.045,False,False,True,,1
CLM003574,50,BlueCross,outpatient,evaluation,oncology,in_network,False,True,True,6,565.74,396.72,0.186,False,False,True,,1
CLM003575,51,Cigna,outpatient,imaging,oncology,in_network,True,True,True,45,819.9,639.24,0.165,False,False,True,,0
CLM003576,73,BlueCross,outpatient,therapy,orthopedics,in_network,True,False,True,46,282.8,156.68,0.051,False,False,True,missing_prior_authorization,1
CLM003577,18,Aetna,professional,imaging,orthopedics,in_network,True,True,True,49,1368.09,1009.29,0.266,False,False,True,,0
CLM003578,81,Humana,outpatient,evaluation,cardiology,in_network,False,True,True,25,565.29,307.9,0.133,False,False,True,,0
CLM003579,45,Humana,professional,imaging,orthopedics,out_of_network,True,True,True,23,1851.98,1121.2,0.074,False,False,True,,0
CLM003580,51,Humana,inpatient,imaging,respiratory,in_network,True,True,True,34,1154.21,901.4,0.189,False,False,True,,0
CLM003581,28,Humana,professional,evaluation,general,in_network,False,True,True,54,235.3,137.03,0.107,False,False,True,,0
CLM003582,44,Cigna,professional,imaging,oncology,in_network,True,True,True,23,1579.03,1357.94,0.455,False,False,True,,0
CLM003583,52,United,outpatient,surgery,respiratory,in_network,True,True,True,20,4036.7,2703.43,0.39,False,False,True,,0
CLM003584,69,United,professional,evaluation,general,out_of_network,False,True,True,28,234.47,148.0,0.293,False,False,True,,0
CLM003585,78,United,pharmacy,evaluation,respiratory,in_network,False,True,True,23,229.76,152.3,0.025,False,False,True,,0
CLM003586,87,Aetna,professional,evaluation,orthopedics,in_network,False,True,True,5,232.73,127.54,0.044,False,False,True,,0
CLM003587,83,Aetna,outpatient,lab,orthopedics,in_network,False,True,True,20,179.21,100.65,0.162,False,False,True,,0
CLM003588,30,Cigna,outpatient,therapy,respiratory,in_network,True,True,True,25,737.15,477.95,0.176,False,False,True,,1
CLM003589,51,Humana,professional,evaluation,orthopedics,in_network,False,True,True,31,592.16,462.03,0.237,False,False,True,,0
CLM003590,71,BlueCross,outpatient,imaging,orthopedics,in_network,True,True,True,32,876.76,456.49,0.081,False,False,True,,0
CLM003591,69,Aetna,professional,evaluation,oncology,in_network,False,True,True,27,292.0,167.06,0.088,False,False,True,,0
CLM003592,18,Aetna,outpatient,imaging,respiratory,in_network,True,True,True,40,939.39,526.94,0.046,False,False,True,,0
CLM003593,79,Cigna,professional,pharmacy,orthopedics,in_network,False,True,True,74,146.55,98.97,0.155,False,False,True,,1
CLM003594,88,United,inpatient,evaluation,cardiology,in_network,True,True,True,22,418.84,277.38,0.142,False,False,True,,0
CLM003595,88,Cigna,inpatient,therapy,respiratory,in_network,True,True,True,32,795.72,582.08,0.336,False,False,True,,0
CLM003596,75,Humana,pharmacy,therapy,orthopedics,in_network,True,False,True,58,837.91,528.78,0.271,False,False,True,missing_prior_authorization,1
CLM003597,64,Aetna,professional,surgery,respiratory,in_network,True,False,True,22,9221.58,5348.27,0.061,False,False,True,,0
CLM003598,86,BlueCross,pharmacy,lab,cardiology,in_network,False,False,True,26,102.93,76.09,0.067,False,False,True,,0
CLM003599,19,Humana,pharmacy,evaluation,orthopedics,in_network,False,True,False,4,178.89,134.38,0.079,True,False,True,duplicate_claim,1
CLM003600,25,Cigna,outpatient,therapy,respiratory,in_network,True,True,False,20,220.87,158.49,0.233,False,False,True,incomplete_documentation,1
CLM003601,65,Aetna,outpatient,therapy,cardiology,out_of_network,True,False,True,29,1022.65,750.53,0.125,False,False,False,coverage_inactive,1
CLM003602,21,BlueCross,inpatient,surgery,orthopedics,in_network,True,False,False,28,6802.18,4443.21,0.188,False,False,True,incomplete_documentation,1
CLM003603,40,Humana,outpatient,evaluation,respiratory,in_network,False,False,True,23,349.94,199.12,0.092,False,False,True,,0
CLM003604,49,Humana,outpatient,lab,respiratory,in_network,False,True,True,18,462.99,388.37,0.129,False,False,True,,0
CLM003605,76,United,pharmacy,surgery,orthopedics,in_network,True,False,True,29,5575.64,3081.02,0.144,False,True,True,coding_mismatch,1
CLM003606,22,BlueCross,inpatient,pharmacy,cardiology,in_network,True,True,True,52,166.9,132.01,0.106,False,False,True,,0
CLM003607,78,United,inpatient,therapy,cardiology,in_network,True,False,True,18,495.67,336.63,0.149,False,True,True,,0
CLM003608,21,United,outpatient,therapy,oncology,in_network,True,True,True,10,249.18,173.99,0.168,False,False,True,,0
CLM003609,73,BlueCross,outpatient,pharmacy,respiratory,out_of_network,False,True,True,50,373.13,226.22,0.078,False,False,True,,0
CLM003610,24,BlueCross,outpatient,lab,oncology,out_of_network,True,True,True,30,543.22,435.73,0.15,False,False,True,,0
CLM003611,75,United,professional,pharmacy,oncology,in_network,False,True,True,9,260.64,208.57,0.049,False,False,True,,0
CLM003612,22,BlueCross,outpatient,evaluation,cardiology,in_network,False,True,True,37,451.76,339.29,0.143,False,False,True,,0
CLM003613,84,Cigna,professional,evaluation,orthopedics,in_network,False,True,True,41,345.5,214.75,0.052,False,False,True,,0
CLM003614,25,United,pharmacy,surgery,cardiology,out_of_network,True,False,True,8,14394.94,8998.66,0.26,False,False,True,network_coverage,1
CLM003615,50,BlueCross,professional,imaging,oncology,in_network,True,True,True,34,2297.59,1736.91,0.167,False,False,True,,1
CLM003616,44,United,professional,lab,orthopedics,in_network,False,True,True,46,384.0,202.5,0.072,False,False,True,,0
CLM003617,46,Aetna,outpatient,imaging,cardiology,in_network,True,True,False,12,1609.08,1382.12,0.172,False,False,True,,0
CLM003618,54,BlueCross,inpatient,imaging,respiratory,in_network,True,True,True,18,910.08,488.33,0.184,True,False,True,duplicate_claim,1
CLM003619,74,BlueCross,outpatient,therapy,orthopedics,in_network,True,True,True,50,149.55,101.86,0.114,False,False,True,,0
CLM003620,25,Cigna,pharmacy,evaluation,general,in_network,False,True,True,44,607.89,489.08,0.263,False,False,True,,0
CLM003621,20,BlueCross,professional,imaging,oncology,in_network,True,True,True,21,2856.9,2058.36,0.019,False,False,True,,0
CLM003622,64,United,outpatient,evaluation,cardiology,in_network,False,False,True,35,254.99,171.13,0.222,False,False,True,,0
CLM003623,19,Humana,outpatient,pharmacy,respiratory,in_network,False,True,True,18,323.45,207.66,0.092,False,True,True,coding_mismatch,1
CLM003624,61,Humana,professional,evaluation,respiratory,in_network,False,False,True,51,126.31,74.74,0.159,False,True,True,coding_mismatch,1
CLM003625,26,Humana,professional,evaluation,general,in_network,False,True,True,8,459.48,359.06,0.161,False,False,True,,0
CLM003626,39,Humana,outpatient,evaluation,respiratory,in_network,False,True,True,8,399.96,302.58,0.11,False,False,True,,1
CLM003627,57,Humana,pharmacy,surgery,orthopedics,in_network,True,True,False,29,6834.44,5487.52,0.136,False,False,True,incomplete_documentation,1
CLM003628,39,Humana,professional,lab,respiratory,in_network,False,True,True,25,575.21,448.87,0.094,False,False,True,,0
CLM003629,54,Humana,professional,pharmacy,respiratory,in_network,False,True,True,114,172.75,97.1,0.18,False,False,True,timely_filing,1
CLM003630,88,United,outpatient,evaluation,oncology,in_network,False,True,True,33,509.39,267.29,0.079,False,True,True,,0
CLM003631,48,Aetna,inpatient,evaluation,respiratory,in_network,True,False,True,11,776.01,454.17,0.151,False,False,True,missing_prior_authorization,1
CLM003632,39,Cigna,pharmacy,pharmacy,general,in_network,False,True,False,17,184.48,97.19,0.172,False,False,True,,0
CLM003633,30,Aetna,professional,surgery,respiratory,in_network,True,True,True,14,13670.81,11189.57,0.245,False,False,True,,1
CLM003634,83,Aetna,outpatient,lab,oncology,in_network,False,True,True,13,233.22,148.87,0.094,False,True,True,,0
CLM003635,87,United,professional,evaluation,oncology,out_of_network,False,True,True,29,523.68,440.4,0.203,True,False,True,duplicate_claim,1
CLM003636,32,Cigna,inpatient,imaging,general,in_network,True,True,False,21,872.98,492.44,0.101,False,False,True,,0
CLM003637,27,Humana,professional,therapy,general,in_network,True,True,True,18,516.76,385.47,0.117,False,False,True,,0
CLM003638,30,Humana,outpatient,evaluation,orthopedics,in_network,False,True,True,61,362.52,198.96,0.033,False,False,True,,0
CLM003639,71,Aetna,professional,therapy,cardiology,in_network,True,True,True,27,512.78,389.09,0.244,False,False,True,,0
CLM003640,79,Cigna,outpatient,lab,general,out_of_network,False,True,True,1,541.18,284.68,0.088,False,False,True,network_coverage,1
CLM003641,19,Aetna,outpatient,evaluation,orthopedics,in_network,False,True,True,48,380.29,208.8,0.08,False,False,True,,0
CLM003642,61,BlueCross,inpatient,imaging,general,in_network,True,True,True,93,851.51,518.57,0.074,False,False,True,,0
CLM003643,56,Aetna,professional,pharmacy,cardiology,in_network,False,True,True,11,248.11,176.42,0.035,False,False,True,,0
CLM003644,73,Humana,outpatient,imaging,general,in_network,True,True,True,53,1036.77,718.48,0.155,False,False,True,,0
CLM003645,71,Aetna,inpatient,evaluation,respiratory,in_network,True,True,True,9,364.32,268.35,0.126,False,True,True,coding_mismatch,1
CLM003646,59,Cigna,professional,therapy,orthopedics,in_network,True,False,True,5,516.67,411.19,0.184,False,False,True,,0
CLM003647,48,BlueCross,outpatient,lab,cardiology,in_network,False,True,True,11,327.72,179.44,0.333,False,False,True,,0
CLM003648,88,United,outpatient,therapy,general,out_of_network,True,True,False,22,718.29,504.97,0.105,False,False,True,network_coverage,1
CLM003649,38,Humana,outpatient,surgery,cardiology,in_network,True,False,True,38,12066.7,7371.44,0.276,False,False,True,,0
CLM003650,20,BlueCross,professional,lab,cardiology,in_network,False,False,True,14,254.33,175.25,0.157,False,False,True,,0
CLM003651,74,BlueCross,outpatient,evaluation,respiratory,in_network,False,True,True,15,945.08,517.07,0.093,False,False,False,,0
CLM003652,28,Humana,outpatient,evaluation,respiratory,in_network,False,True,True,24,288.46,191.95,0.092,False,False,True,,0
CLM003653,74,Humana,outpatient,imaging,cardiology,out_of_network,True,True,True,20,1435.82,921.35,0.274,False,True,True,coding_mismatch,1
CLM003654,25,Cigna,outpatient,evaluation,orthopedics,in_network,False,True,True,66,443.8,369.71,0.197,False,False,True,,1
CLM003655,86,Aetna,outpatient,evaluation,respiratory,out_of_network,False,True,True,31,373.87,205.77,0.075,False,False,True,network_coverage,1
CLM003656,66,Aetna,inpatient,evaluation,respiratory,in_network,True,True,True,21,481.28,266.8,0.162,False,False,True,,0
CLM003657,87,Humana,inpatient,lab,orthopedics,out_of_network,True,True,True,55,186.61,125.84,0.17,False,False,True,,0
CLM003658,40,Cigna,outpatient,imaging,oncology,in_network,True,True,True,53,1460.09,1231.81,0.04,False,False,True,,0
CLM003659,47,United,professional,pharmacy,cardiology,in_network,False,True,True,21,241.5,189.77,0.062,False,True,True,,0
CLM003660,74,Aetna,inpatient,lab,cardiology,in_network,True,True,True,54,145.46,91.52,0.208,False,False,True,,0
CLM003661,79,Aetna,outpatient,lab,general,in_network,False,False,True,44,285.87,218.12,0.058,False,False,True,,0
CLM003662,26,Humana,pharmacy,evaluation,orthopedics,in_network,False,True,True,41,139.94,76.54,0.032,False,False,True,,0
CLM003663,52,United,pharmacy,surgery,general,in_network,True,True,True,11,9411.38,8038.36,0.072,False,False,True,,0
CLM003664,34,Humana,professional,evaluation,cardiology,in_network,False,True,True,22,576.37,335.11,0.086,False,False,True,,1
CLM003665,42,Aetna,outpatient,imaging,general,in_network,True,True,True,26,926.63,533.79,0.019,True,False,True,,0
CLM003666,22,Aetna,outpatient,evaluation,oncology,in_network,False,True,True,19,327.62,171.6,0.381,False,False,True,,1
CLM003667,56,United,outpatient,pharmacy,general,in_network,False,True,True,24,134.38,83.31,0.141,False,False,False,,0
CLM003668,89,Cigna,inpatient,pharmacy,general,out_of_network,True,True,True,30,361.81,196.26,0.1,False,False,True,,0
CLM003669,76,Cigna,outpatient,pharmacy,orthopedics,in_network,False,True,True,5,282.3,236.05,0.226,False,False,True,,0
CLM003670,69,United,outpatient,evaluation,respiratory,in_network,False,True,True,24,430.42,275.99,0.23,False,False,True,,0
CLM003671,18,BlueCross,outpatient,surgery,orthopedics,out_of_network,True,True,True,52,17527.95,12273.67,0.03,False,False,True,,0
CLM003672,25,BlueCross,professional,pharmacy,respiratory,in_network,False,True,True,56,144.92,87.96,0.411,False,False,True,,1
CLM003673,66,Humana,outpatient,pharmacy,general,in_network,False,True,True,5,187.54,107.1,0.108,False,False,True,,0
CLM003674,64,United,outpatient,therapy,general,in_network,True,False,True,57,290.81,157.75,0.141,False,False,True,missing_prior_authorization,1
CLM003675,26,BlueCross,professional,lab,respiratory,out_of_network,False,True,True,10,214.51,145.46,0.145,False,False,True,network_coverage,1
CLM003676,49,Aetna,professional,imaging,orthopedics,in_network,True,True,True,39,1249.31,793.2,0.105,False,False,True,,0
CLM003677,86,Aetna,outpatient,therapy,cardiology,in_network,True,False,True,29,836.03,592.57,0.162,False,False,True,,0
CLM003678,83,Aetna,outpatient,evaluation,oncology,in_network,False,True,True,79,229.04,189.78,0.383,False,False,True,,0
CLM003679,66,BlueCross,outpatient,lab,cardiology,in_network,False,True,True,7,276.16,234.97,0.178,False,False,True,,0
CLM003680,27,Cigna,inpatient,lab,oncology,in_network,True,True,True,119,161.73,134.98,0.212,False,False,True,timely_filing,1
CLM003681,35,Cigna,professional,therapy,general,out_of_network,True,False,True,41,386.21,240.59,0.056,False,False,True,network_coverage,1
CLM003682,20,BlueCross,outpatient,imaging,cardiology,in_network,True,True,True,32,2527.59,1366.34,0.269,False,False,True,,0
CLM003683,27,Humana,outpatient,pharmacy,general,in_network,False,True,True,14,327.16,229.12,0.171,False,False,True,,1
CLM003684,29,United,outpatient,lab,oncology,in_network,False,True,True,13,168.38,123.86,0.051,False,False,True,,0
CLM003685,83,BlueCross,outpatient,imaging,cardiology,out_of_network,True,True,True,54,1579.75,886.82,0.052,False,False,True,,0
CLM003686,85,Humana,inpatient,imaging,respiratory,in_network,True,True,True,31,1469.76,1120.55,0.017,False,False,True,,0
CLM003687,74,Cigna,outpatient,evaluation,cardiology,in_network,False,True,True,5,214.57,115.42,0.065,False,False,True,,0
CLM003688,84,Humana,pharmacy,evaluation,respiratory,in_network,False,True,True,23,423.45,253.79,0.021,False,False,True,,0
CLM003689,58,Aetna,professional,imaging,oncology,in_network,True,True,True,58,661.54,556.75,0.018,False,False,True,,0
CLM003690,22,Humana,outpatient,imaging,respiratory,in_network,True,False,True,7,1071.58,831.74,0.067,False,False,True,,0
CLM003691,74,Humana,inpatient,lab,orthopedics,in_network,True,True,True,38,203.84,160.34,0.109,False,False,True,,1
CLM003692,55,Humana,professional,surgery,cardiology,in_network,True,True,True,35,11311.22,9317.51,0.086,False,False,True,,0
CLM003693,27,United,inpatient,evaluation,orthopedics,in_network,True,False,True,50,591.63,374.27,0.098,False,False,True,missing_prior_authorization,1
CLM003694,67,Humana,outpatient,imaging,respiratory,in_network,True,True,True,26,842.96,614.08,0.211,False,False,True,,0
CLM003695,36,United,professional,therapy,general,in_network,True,True,True,14,455.8,341.19,0.067,False,False,True,,0
CLM003696,18,Humana,outpatient,lab,orthopedics,in_network,False,True,True,48,307.06,227.57,0.333,False,False,True,,0
CLM003697,26,Cigna,outpatient,lab,orthopedics,in_network,False,True,True,25,228.05,134.22,0.16,False,False,True,,0
CLM003698,19,United,inpatient,lab,general,in_network,True,False,True,13,216.4,116.78,0.05,False,False,True,,0
CLM003699,50,Humana,inpatient,imaging,orthopedics,in_network,True,True,True,28,1930.42,1243.08,0.063,False,False,True,,0
CLM003700,22,Cigna,outpatient,surgery,orthopedics,in_network,True,True,True,60,3938.83,3272.24,0.376,False,False,True,,0
CLM003701,58,Cigna,pharmacy,imaging,general,in_network,True,True,True,3,1213.07,893.09,0.145,False,False,True,,0
CLM003702,68,BlueCross,outpatient,imaging,oncology,in_network,True,False,True,20,1373.42,887.32,0.098,False,False,True,missing_prior_authorization,1
CLM003703,70,Humana,outpatient,pharmacy,oncology,out_of_network,False,True,True,27,257.11,166.18,0.071,False,False,True,,0
CLM003704,85,Cigna,professional,surgery,oncology,in_network,True,False,True,43,6389.85,4623.07,0.147,False,False,True,,0
CLM003705,87,Aetna,inpatient,lab,respiratory,in_network,True,True,True,17,351.32,296.35,0.046,True,False,True,,0
CLM003706,22,Cigna,inpatient,imaging,orthopedics,in_network,True,True,True,16,1526.12,945.69,0.123,False,False,True,,0
CLM003707,42,United,outpatient,evaluation,respiratory,in_network,False,True,True,16,74.35,49.3,0.098,True,False,True,,0
CLM003708,28,BlueCross,professional,pharmacy,orthopedics,in_network,False,True,False,19,253.83,217.97,0.083,False,False,True,,0
CLM003709,39,Humana,outpatient,evaluation,oncology,out_of_network,False,True,True,39,419.32,295.52,0.087,False,False,True,,0
CLM003710,51,Cigna,professional,therapy,cardiology,in_network,True,True,True,17,718.13,495.23,0.232,False,False,True,,0
CLM003711,80,BlueCross,professional,evaluation,cardiology,in_network,False,True,False,18,607.41,451.92,0.11,False,False,True,incomplete_documentation,1
CLM003712,49,BlueCross,professional,lab,oncology,in_network,False,True,True,9,245.08,190.65,0.01,False,False,True,,0
CLM003713,35,United,pharmacy,evaluation,cardiology,in_network,False,True,True,13,236.64,153.48,0.167,False,False,True,,0
CLM003714,33,Aetna,professional,evaluation,general,in_network,False,True,True,31,503.19,405.29,0.079,False,True,True,coding_mismatch,1
CLM003715,72,Humana,professional,imaging,general,in_network,True,True,True,32,2624.56,1576.66,0.135,False,False,True,,0
CLM003716,32,United,professional,therapy,orthopedics,out_of_network,True,False,True,23,761.25,415.95,0.266,False,False,True,network_coverage,1
CLM003717,69,Aetna,professional,surgery,orthopedics,in_network,True,False,False,24,8976.51,6324.43,0.024,False,False,True,incomplete_documentation,1
CLM003718,28,Humana,professional,imaging,oncology,in_network,True,False,True,11,2069.19,1495.29,0.041,False,False,True,missing_prior_authorization,1
CLM003719,89,Humana,pharmacy,evaluation,orthopedics,in_network,True,False,True,38,228.28,142.67,0.05,False,False,True,,0
CLM003720,36,BlueCross,outpatient,imaging,general,in_network,True,True,True,20,1415.74,873.12,0.132,False,False,True,,0
CLM003721,89,Aetna,professional,evaluation,cardiology,out_of_network,False,True,True,31,371.11,252.14,0.184,False,False,True,network_coverage,1
CLM003722,78,United,outpatient,pharmacy,oncology,in_network,False,True,True,54,252.12,172.91,0.235,False,False,True,,0
CLM003723,56,Aetna,professional,therapy,cardiology,out_of_network,True,False,True,37,599.59,472.81,0.283,False,False,True,network_coverage,1
CLM003724,50,United,outpatient,lab,general,out_of_network,False,True,True,29,297.65,219.09,0.023,False,False,True,,0
CLM003725,38,Humana,professional,therapy,cardiology,in_network,True,True,True,25,629.38,506.48,0.061,False,False,True,,0
CLM003726,84,United,professional,evaluation,oncology,in_network,False,True,True,17,625.68,471.82,0.076,False,False,True,,0
CLM003727,85,BlueCross,pharmacy,surgery,general,in_network,True,False,True,17,12284.12,7334.3,0.126,False,True,True,coding_mismatch,1
CLM003728,78,Aetna,outpatient,surgery,oncology,in_network,True,True,True,14,13314.12,10677.1,0.254,False,False,True,,0
CLM003729,78,Humana,professional,therapy,cardiology,in_network,True,False,True,49,781.7,468.06,0.173,False,True,True,coding_mismatch,1
CLM003730,56,BlueCross,professional,pharmacy,cardiology,in_network,True,False,True,12,169.99,121.51,0.102,False,False,True,missing_prior_authorization,1
CLM003731,55,Cigna,pharmacy,lab,respiratory,out_of_network,False,True,True,18,353.24,212.55,0.279,False,False,True,,0
CLM003732,77,Cigna,pharmacy,lab,cardiology,in_network,False,True,True,25,227.11,157.95,0.265,False,False,True,,1
CLM003733,57,BlueCross,outpatient,pharmacy,orthopedics,out_of_network,False,True,True,74,264.49,172.2,0.182,False,True,True,coding_mismatch,1
CLM003734,29,Humana,outpatient,imaging,respiratory,out_of_network,True,True,True,9,1554.75,1082.44,0.17,False,True,True,coding_mismatch,1
CLM003735,20,Cigna,outpatient,imaging,orthopedics,out_of_network,True,True,True,9,1700.26,1172.53,0.069,False,False,True,,0
CLM003736,64,Humana,pharmacy,therapy,general,in_network,True,True,True,48,430.2,285.38,0.142,False,False,True,,0
CLM003737,84,Humana,outpatient,imaging,respiratory,in_network,True,True,True,34,974.84,766.78,0.143,False,False,True,,0
CLM003738,85,Humana,professional,surgery,cardiology,in_network,True,False,True,29,3047.58,2398.61,0.137,False,False,True,missing_prior_authorization,1
CLM003739,43,BlueCross,professional,therapy,general,in_network,True,False,True,41,495.23,328.31,0.212,False,False,True,missing_prior_authorization,1
CLM003740,62,Humana,outpatient,evaluation,general,in_network,False,True,True,12,676.34,547.54,0.098,False,False,True,,0
CLM003741,61,BlueCross,outpatient,therapy,orthopedics,in_network,True,True,True,42,616.77,397.19,0.134,False,False,True,,0
CLM003742,53,United,outpatient,lab,orthopedics,in_network,False,True,False,34,222.81,159.58,0.084,False,False,True,,0
CLM003743,61,United,professional,therapy,orthopedics,in_network,True,True,True,19,268.33,149.77,0.089,False,False,True,,0
CLM003744,65,Cigna,outpatient,evaluation,oncology,out_of_network,False,True,False,25,306.43,246.89,0.085,True,False,True,duplicate_claim,1
CLM003745,25,Aetna,inpatient,evaluation,oncology,in_network,True,True,True,12,147.75,85.48,0.095,False,False,True,,1
CLM003746,27,United,professional,evaluation,general,out_of_network,False,True,True,40,543.06,398.04,0.092,False,False,False,coverage_inactive,1
CLM003747,35,Cigna,outpatient,evaluation,respiratory,in_network,False,True,True,9,234.14,196.79,0.354,False,False,True,,0
CLM003748,39,United,professional,pharmacy,general,in_network,False,True,True,10,322.01,204.75,0.157,False,False,True,,0
CLM003749,66,Aetna,outpatient,evaluation,orthopedics,in_network,False,True,False,18,117.76,69.7,0.148,False,False,True,incomplete_documentation,1
CLM003750,36,BlueCross,outpatient,imaging,oncology,in_network,True,False,True,3,1060.25,746.91,0.425,False,False,True,missing_prior_authorization,1
CLM003751,70,BlueCross,inpatient,pharmacy,cardiology,in_network,True,True,True,26,304.22,246.18,0.156,False,False,True,,1
CLM003752,26,United,outpatient,pharmacy,orthopedics,out_of_network,False,True,True,30,145.55,119.7,0.157,False,False,True,,0
CLM003753,58,Cigna,outpatient,lab,oncology,out_of_network,False,True,True,54,176.94,105.58,0.101,False,False,True,,0
CLM003754,68,Aetna,professional,imaging,cardiology,in_network,True,False,True,20,1029.54,876.01,0.119,False,False,True,,0
CLM003755,73,Humana,outpatient,therapy,general,in_network,True,False,True,28,288.86,207.67,0.018,False,False,True,,0
CLM003756,63,Aetna,outpatient,lab,orthopedics,in_network,False,False,True,25,194.74,143.82,0.045,False,False,True,,0
CLM003757,73,Cigna,outpatient,evaluation,cardiology,in_network,False,True,True,45,119.26,72.11,0.069,False,False,True,,1
CLM003758,80,United,outpatient,therapy,respiratory,in_network,True,True,True,70,814.84,522.63,0.373,False,False,True,,0
CLM003759,58,Cigna,pharmacy,imaging,cardiology,in_network,True,True,True,28,1895.82,1056.6,0.139,False,False,True,,0
CLM003760,68,Cigna,outpatient,surgery,orthopedics,in_network,True,False,True,20,7036.51,5447.64,0.039,True,False,True,duplicate_claim,1
CLM003761,32,Aetna,pharmacy,pharmacy,cardiology,in_network,False,True,True,29,82.99,53.14,0.089,False,False,True,,0
CLM003762,76,Cigna,outpatient,imaging,respiratory,in_network,True,False,True,24,883.83,643.16,0.065,False,False,True,,0
CLM003763,33,United,inpatient,evaluation,general,in_network,True,True,True,9,456.3,357.24,0.11,False,False,True,,0
CLM003764,28,United,outpatient,lab,cardiology,in_network,False,False,True,17,329.35,238.92,0.141,False,False,True,,0
CLM003765,26,United,inpatient,lab,oncology,in_network,True,False,True,33,174.74,100.73,0.098,False,False,True,missing_prior_authorization,1
CLM003766,22,BlueCross,professional,therapy,oncology,in_network,True,False,True,43,581.87,327.42,0.224,False,False,True,,0
CLM003767,77,Aetna,outpatient,surgery,respiratory,in_network,True,True,True,79,4495.77,3017.02,0.029,False,True,True,,0
CLM003768,44,BlueCross,outpatient,evaluation,orthopedics,out_of_network,False,True,True,7,423.54,282.59,0.113,False,False,True,,0
CLM003769,30,BlueCross,professional,evaluation,oncology,in_network,True,True,True,33,182.67,115.55,0.11,False,False,True,,0
CLM003770,27,Aetna,professional,imaging,oncology,out_of_network,True,True,True,8,2091.15,1128.29,0.129,False,False,True,,0
CLM003771,58,Humana,pharmacy,lab,cardiology,in_network,False,True,True,64,189.95,110.57,0.301,False,False,True,,0
CLM003772,73,Cigna,pharmacy,evaluation,oncology,in_network,True,False,True,23,289.15,202.99,0.103,False,False,True,,0
CLM003773,23,Humana,professional,evaluation,oncology,in_network,False,True,True,38,324.06,272.7,0.169,False,False,True,,0
CLM003774,49,Aetna,professional,therapy,general,in_network,True,True,True,5,211.59,126.28,0.31,False,False,True,,0
CLM003775,48,Humana,professional,evaluation,oncology,in_network,False,False,True,31,330.08,175.81,0.044,False,False,True,,0
CLM003776,85,Aetna,outpatient,imaging,general,in_network,True,True,True,55,2210.1,1273.7,0.153,False,False,True,,0
CLM003777,18,Humana,professional,imaging,orthopedics,in_network,True,True,True,47,1388.33,1002.07,0.086,False,False,True,,0
CLM003778,24,United,inpatient,evaluation,respiratory,in_network,True,True,True,28,531.26,309.26,0.131,False,False,False,,0
CLM003779,35,BlueCross,professional,evaluation,general,in_network,False,True,True,13,276.94,157.65,0.353,False,False,True,,0
CLM003780,86,BlueCross,pharmacy,evaluation,cardiology,in_network,False,True,True,36,371.17,299.35,0.479,False,False,True,,0
CLM003781,19,Cigna,inpatient,surgery,oncology,in_network,True,True,True,31,10731.33,7703.77,0.088,False,False,True,,0
CLM003782,70,Cigna,professional,therapy,general,out_of_network,True,True,True,53,868.49,729.03,0.215,False,False,True,network_coverage,1
CLM003783,51,Cigna,pharmacy,evaluation,oncology,in_network,False,True,True,13,508.95,395.7,0.076,False,False,True,,0
CLM003784,75,Aetna,outpatient,surgery,general,in_network,True,False,True,32,4897.05,3064.5,0.226,False,True,False,coverage_inactive,1
CLM003785,34,BlueCross,outpatient,therapy,oncology,in_network,True,True,True,39,342.58,245.49,0.045,False,False,True,,0
CLM003786,53,Cigna,pharmacy,evaluation,general,in_network,False,True,True,5,417.55,264.37,0.13,False,False,True,,0
CLM003787,52,Humana,pharmacy,surgery,respiratory,in_network,True,True,True,17,10854.71,5715.32,0.073,False,False,True,,0
CLM003788,44,Humana,inpatient,lab,oncology,in_network,True,True,True,37,235.37,157.27,0.123,False,False,True,,0
CLM003789,42,Humana,outpatient,surgery,orthopedics,out_of_network,True,True,True,15,40344.79,34274.03,0.141,False,False,True,,0
CLM003790,70,Cigna,professional,pharmacy,cardiology,out_of_network,False,True,True,54,274.63,217.27,0.017,False,False,True,network_coverage,1
CLM003791,28,Cigna,outpatient,surgery,orthopedics,in_network,True,True,True,57,10491.97,5483.84,0.219,False,False,True,,0
CLM003792,88,BlueCross,outpatient,imaging,respiratory,out_of_network,True,True,True,22,994.82,637.38,0.251,False,False,True,,0
CLM003793,82,BlueCross,inpatient,imaging,oncology,in_network,True,False,False,3,2069.32,1559.49,0.227,False,False,True,incomplete_documentation,1
CLM003794,19,BlueCross,inpatient,imaging,orthopedics,out_of_network,True,True,False,22,1904.99,1430.09,0.06,False,False,True,network_coverage,1
CLM003795,82,Cigna,outpatient,surgery,oncology,in_network,True,True,True,18,9469.68,5707.7,0.17,False,False,True,,0
CLM003796,60,Aetna,professional,therapy,orthopedics,out_of_network,True,True,True,72,1546.19,1015.71,0.168,False,False,True,network_coverage,1
CLM003797,84,BlueCross,professional,imaging,general,in_network,True,True,True,15,1254.93,966.35,0.114,False,False,True,,0
CLM003798,35,Aetna,professional,lab,orthopedics,in_network,False,True,True,20,393.71,332.01,0.427,False,False,False,coverage_inactive,1
CLM003799,79,Cigna,outpatient,imaging,oncology,out_of_network,True,True,True,21,3000.62,1890.56,0.225,False,False,True,network_coverage,1
CLM003800,46,Cigna,outpatient,lab,oncology,in_network,False,True,True,21,218.45,120.6,0.134,False,False,True,,0
CLM003801,53,Aetna,inpatient,imaging,respiratory,in_network,True,True,True,11,709.57,520.78,0.125,False,False,True,,0
CLM003802,59,Aetna,outpatient,therapy,orthopedics,in_network,True,True,False,5,365.96,242.29,0.054,False,False,True,,0
CLM003803,74,Cigna,outpatient,evaluation,cardiology,in_network,False,True,True,16,552.72,395.05,0.223,False,False,True,,0
CLM003804,33,BlueCross,outpatient,evaluation,respiratory,in_network,False,True,False,29,281.61,174.56,0.131,False,False,True,,0
CLM003805,19,United,inpatient,surgery,oncology,in_network,True,True,True,47,5245.52,3787.71,0.09,False,False,True,,0
CLM003806,18,Aetna,inpatient,evaluation,respiratory,in_network,True,True,True,20,357.89,204.94,0.206,False,False,True,,0
CLM003807,81,Cigna,professional,evaluation,oncology,in_network,False,True,True,23,206.9,111.72,0.185,False,False,True,,0
CLM003808,22,United,professional,imaging,oncology,in_network,True,True,True,14,888.98,722.47,0.226,False,False,True,,0
CLM003809,22,Aetna,pharmacy,lab,general,out_of_network,False,True,False,33,204.0,108.18,0.155,False,False,True,,0
CLM003810,19,Cigna,professional,evaluation,cardiology,in_network,False,False,True,30,521.48,340.79,0.14,False,False,True,,0
CLM003811,41,Cigna,outpatient,lab,cardiology,in_network,False,True,True,54,419.22,276.87,0.019,False,False,True,,0
CLM003812,21,Cigna,inpatient,lab,general,in_network,True,True,True,4,129.03,87.68,0.139,False,False,True,,0
CLM003813,51,United,outpatient,therapy,general,out_of_network,True,False,True,29,721.79,606.04,0.316,False,False,True,network_coverage,1
CLM003814,29,Cigna,inpatient,imaging,oncology,in_network,True,True,True,42,1699.88,1106.5,0.074,False,False,False,coverage_inactive,1
CLM003815,37,BlueCross,outpatient,pharmacy,oncology,in_network,False,True,True,21,142.51,104.8,0.302,False,False,True,,0
CLM003816,49,BlueCross,outpatient,imaging,oncology,out_of_network,True,True,True,8,1270.09,865.43,0.088,False,False,True,,0
CLM003817,52,Humana,outpatient,imaging,general,in_network,True,False,True,18,2832.02,2101.27,0.214,False,False,True,missing_prior_authorization,1
CLM003818,50,BlueCross,outpatient,imaging,oncology,in_network,True,True,True,81,766.12,652.4,0.108,False,False,True,,0
CLM003819,23,Humana,professional,lab,respiratory,in_network,False,True,True,46,311.95,258.91,0.03,False,False,True,,1
CLM003820,18,BlueCross,professional,pharmacy,orthopedics,in_network,False,True,False,28,237.76,198.01,0.087,False,False,True,,0
CLM003821,73,Aetna,professional,evaluation,orthopedics,in_network,False,True,True,23,983.9,779.4,0.201,False,False,True,,0
CLM003822,19,Cigna,professional,pharmacy,respiratory,in_network,False,True,False,13,323.63,238.36,0.256,False,False,True,,0
CLM003823,46,BlueCross,outpatient,therapy,orthopedics,out_of_network,True,False,True,28,323.74,236.67,0.212,False,False,True,,0
CLM003824,36,BlueCross,inpatient,lab,cardiology,in_network,True,True,True,55,136.76,98.5,0.086,False,False,True,,0
CLM003825,20,BlueCross,professional,lab,cardiology,in_network,False,True,False,25,174.06,102.86,0.063,False,False,True,incomplete_documentation,1
CLM003826,21,Aetna,outpatient,imaging,general,in_network,True,True,True,56,1399.48,1109.46,0.284,False,False,True,,0
CLM003827,25,BlueCross,outpatient,pharmacy,orthopedics,in_network,False,True,False,95,88.73,67.03,0.272,False,True,True,coding_mismatch,1
CLM003828,32,United,outpatient,therapy,cardiology,in_network,True,True,True,16,569.72,426.75,0.109,False,False,True,,0
CLM003829,73,BlueCross,pharmacy,lab,general,in_network,True,True,True,16,267.35,202.6,0.218,False,False,True,,0
CLM003830,20,Humana,professional,therapy,general,in_network,True,True,True,11,399.57,304.51,0.073,False,False,True,,0
CLM003831,76,Cigna,outpatient,evaluation,oncology,out_of_network,False,True,True,17,764.28,439.71,0.284,False,False,True,,0
CLM003832,24,Aetna,professional,surgery,respiratory,in_network,True,True,True,16,11952.21,9843.56,0.19,False,False,True,,1
CLM003833,30,United,outpatient,evaluation,respiratory,in_network,False,True,True,17,572.83,336.48,0.185,False,True,True,,0
CLM003834,65,United,outpatient,evaluation,cardiology,in_network,False,True,True,6,1088.98,800.73,0.266,False,False,True,,0
CLM003835,86,BlueCross,outpatient,evaluation,orthopedics,in_network,False,True,True,20,222.81,153.72,0.134,False,False,True,,0
CLM003836,27,Aetna,outpatient,imaging,oncology,in_network,True,True,False,55,1707.29,1012.72,0.086,False,False,True,,0
CLM003837,65,United,professional,imaging,oncology,in_network,True,True,True,33,1043.19,865.46,0.024,False,False,True,,0
CLM003838,50,Aetna,inpatient,lab,orthopedics,in_network,True,True,True,19,328.15,214.4,0.251,False,False,True,,0
CLM003839,75,United,professional,evaluation,cardiology,in_network,False,True,True,34,280.03,223.59,0.215,False,False,True,,1
CLM003840,76,Aetna,outpatient,pharmacy,general,in_network,False,True,True,39,165.41,108.62,0.27,False,False,True,,0
CLM003841,70,United,professional,therapy,respiratory,in_network,True,False,False,19,303.86,253.78,0.083,False,False,True,incomplete_documentation,1
CLM003842,22,United,professional,surgery,respiratory,in_network,True,True,False,37,11635.6,6166.89,0.116,False,False,False,,0
CLM003843,39,BlueCross,professional,surgery,oncology,in_network,True,True,True,1,19886.32,16396.8,0.199,False,False,False,,0
CLM003844,37,BlueCross,professional,evaluation,oncology,in_network,False,True,True,65,210.48,176.33,0.082,False,False,True,,0
CLM003845,69,Aetna,pharmacy,surgery,oncology,in_network,True,True,True,29,3686.48,2977.25,0.19,False,True,True,,0
CLM003846,63,Humana,outpatient,therapy,oncology,in_network,True,True,True,42,664.11,474.42,0.038,False,False,True,,0
CLM003847,54,BlueCross,professional,evaluation,respiratory,out_of_network,False,False,True,44,810.6,693.55,0.284,False,False,True,,0
CLM003848,30,Humana,professional,lab,general,out_of_network,False,True,True,117,1029.38,650.19,0.026,False,False,False,coverage_inactive,1
CLM003849,27,Humana,outpatient,lab,respiratory,out_of_network,False,True,True,96,304.52,229.61,0.198,False,False,True,,0
CLM003850,55,Cigna,outpatient,imaging,respiratory,in_network,True,True,True,19,1278.91,912.35,0.366,False,True,True,,0
CLM003851,89,BlueCross,outpatient,surgery,cardiology,in_network,True,False,True,34,12097.37,6986.06,0.262,False,False,True,,0
CLM003852,67,BlueCross,outpatient,evaluation,oncology,in_network,False,True,True,48,227.09,163.24,0.343,False,False,True,,1
CLM003853,30,Cigna,outpatient,lab,general,in_network,False,True,True,37,172.71,113.05,0.101,False,False,True,,0
CLM003854,86,Aetna,outpatient,imaging,orthopedics,in_network,True,True,True,8,2038.23,1154.31,0.01,False,False,True,,0
CLM003855,37,Cigna,professional,imaging,oncology,in_network,True,True,True,26,732.5,456.54,0.085,False,False,True,,0
CLM003856,88,Humana,outpatient,imaging,orthopedics,in_network,True,True,True,63,860.6,448.37,0.123,False,False,True,,0
CLM003857,75,Cigna,professional,evaluation,cardiology,in_network,False,True,True,19,172.84,147.65,0.315,False,False,True,,0
CLM003858,29,BlueCross,outpatient,therapy,respiratory,out_of_network,True,True,False,25,474.46,250.1,0.173,False,False,True,network_coverage,1
CLM003859,22,United,professional,therapy,orthopedics,in_network,True,True,True,18,416.99,281.85,0.111,False,False,True,,0
CLM003860,81,Cigna,inpatient,therapy,oncology,in_network,True,True,True,33,433.04,229.67,0.071,False,False,True,,0
CLM003861,18,Humana,outpatient,imaging,oncology,in_network,True,True,False,38,1223.85,818.15,0.228,False,False,True,,0
CLM003862,21,Aetna,inpatient,therapy,general,in_network,True,True,True,9,686.61,516.45,0.233,False,True,True,,0
CLM003863,52,United,professional,imaging,general,out_of_network,True,True,True,32,1692.64,1218.6,0.178,False,False,True,,0
CLM003864,50,Humana,outpatient,pharmacy,oncology,out_of_network,False,True,False,12,182.99,127.78,0.073,False,False,True,,0
CLM003865,49,United,pharmacy,imaging,cardiology,in_network,True,True,True,7,794.32,448.85,0.058,False,False,True,,0
CLM003866,51,Humana,outpatient,lab,oncology,in_network,False,True,True,52,201.45,138.3,0.238,False,False,True,,0
CLM003867,33,Cigna,outpatient,imaging,general,in_network,True,True,True,42,3216.38,1865.58,0.244,False,False,True,,0
CLM003868,24,Cigna,outpatient,evaluation,oncology,in_network,False,True,True,16,377.38,263.85,0.056,False,False,False,coverage_inactive,1
CLM003869,46,Humana,professional,imaging,oncology,in_network,True,True,True,50,2918.44,1830.93,0.098,False,False,True,,0
CLM003870,40,Cigna,outpatient,pharmacy,respiratory,in_network,False,True,True,5,76.51,52.05,0.336,False,False,True,,0
CLM003871,47,Humana,outpatient,imaging,oncology,in_network,True,True,True,12,884.74,512.54,0.12,False,False,True,,0
CLM003872,73,BlueCross,outpatient,evaluation,oncology,in_network,False,True,True,14,147.78,90.82,0.036,False,False,True,,0
CLM003873,18,Humana,inpatient,evaluation,oncology,in_network,True,True,True,28,316.4,228.52,0.234,False,True,True,,0
CLM003874,33,BlueCross,inpatient,surgery,general,in_network,True,True,True,89,11334.75,6793.75,0.039,False,False,True,,0
CLM003875,83,Cigna,pharmacy,surgery,oncology,in_network,True,True,True,8,13979.39,9677.21,0.029,False,False,True,,0
CLM003876,62,Aetna,outpatient,lab,orthopedics,in_network,False,True,True,11,332.38,274.98,0.143,False,False,True,,0
CLM003877,54,United,inpatient,evaluation,oncology,in_network,True,True,True,43,516.26,268.55,0.309,False,False,True,,0
CLM003878,87,Humana,pharmacy,evaluation,respiratory,in_network,False,True,True,24,302.79,230.7,0.138,False,True,True,coding_mismatch,1
CLM003879,47,BlueCross,inpatient,imaging,general,in_network,True,True,True,38,1052.26,764.47,0.252,False,False,True,,0
CLM003880,21,Aetna,outpatient,lab,general,in_network,False,True,True,30,156.64,132.54,0.102,False,True,True,,0
CLM003881,86,United,professional,surgery,respiratory,in_network,True,True,True,35,18565.03,15831.6,0.035,False,False,True,,0
CLM003882,19,Aetna,pharmacy,imaging,respiratory,in_network,True,True,True,4,1924.05,1533.81,0.318,False,False,True,,0
CLM003883,74,Cigna,professional,evaluation,oncology,in_network,False,True,True,23,281.97,228.53,0.282,False,False,True,,0
CLM003884,37,Aetna,outpatient,lab,orthopedics,in_network,False,True,True,58,243.92,175.43,0.132,False,False,True,,1
CLM003885,73,Humana,pharmacy,surgery,oncology,in_network,True,True,False,88,14596.92,9627.25,0.101,False,False,True,,0
CLM003886,24,BlueCross,inpatient,evaluation,respiratory,in_network,True,False,True,35,244.98,186.13,0.139,True,False,True,,0
CLM003887,39,Cigna,pharmacy,evaluation,oncology,in_network,False,True,True,85,378.63,217.86,0.127,False,False,True,,0
CLM003888,24,Cigna,professional,evaluation,orthopedics,in_network,False,True,True,33,308.15,232.78,0.136,False,False,True,,0
CLM003889,60,BlueCross,pharmacy,imaging,cardiology,in_network,True,True,True,32,2399.81,1724.61,0.122,False,False,True,,0
CLM003890,47,Humana,outpatient,pharmacy,cardiology,in_network,False,True,True,35,169.65,98.75,0.097,False,False,True,,0
CLM003891,33,Cigna,inpatient,therapy,oncology,in_network,True,True,True,14,666.17,420.05,0.221,False,False,True,,0
CLM003892,64,Cigna,professional,therapy,respiratory,in_network,True,True,True,15,312.75,183.27,0.111,False,False,True,,0
CLM003893,18,BlueCross,outpatient,imaging,respiratory,in_network,True,False,True,12,825.73,472.46,0.087,False,False,True,,0
CLM003894,71,Cigna,outpatient,pharmacy,general,in_network,False,False,True,13,112.39,73.47,0.233,False,False,True,,0
CLM003895,24,BlueCross,pharmacy,therapy,respiratory,out_of_network,True,True,True,8,1022.25,850.35,0.047,False,False,True,,0
CLM003896,25,Cigna,professional,evaluation,cardiology,in_network,False,True,True,31,449.23,263.12,0.182,True,False,True,,0
CLM003897,38,Humana,outpatient,evaluation,general,in_network,False,True,False,14,612.17,340.1,0.126,False,False,True,,0
CLM003898,59,Cigna,outpatient,evaluation,general,out_of_network,False,True,True,21,602.8,511.08,0.432,False,False,True,,0
CLM003899,79,Aetna,inpatient,evaluation,general,out_of_network,True,True,True,29,480.97,324.74,0.01,False,False,True,,0
CLM003900,69,United,outpatient,pharmacy,oncology,in_network,False,True,True,58,172.31,107.42,0.248,False,False,True,,0
CLM003901,42,Humana,inpatient,surgery,orthopedics,in_network,True,True,True,9,14620.96,10701.88,0.194,False,False,False,coverage_inactive,1
CLM003902,62,United,professional,surgery,general,in_network,True,True,True,38,12200.57,10069.57,0.138,False,False,True,,0
CLM003903,77,Aetna,professional,evaluation,cardiology,in_network,False,True,True,23,234.3,186.7,0.173,False,False,True,,0
CLM003904,51,United,outpatient,therapy,respiratory,out_of_network,True,True,False,11,510.76,303.65,0.111,False,False,True,,0
CLM003905,71,Cigna,outpatient,therapy,general,in_network,True,True,True,23,524.94,380.01,0.272,False,False,True,,0
CLM003906,49,United,professional,evaluation,general,out_of_network,False,True,False,43,456.54,303.55,0.084,True,False,True,,0
CLM003907,48,Humana,professional,therapy,oncology,in_network,True,True,True,43,696.62,512.59,0.153,False,False,True,,0
CLM003908,74,United,pharmacy,evaluation,general,in_network,False,True,True,12,455.55,255.9,0.144,False,False,True,,0
CLM003909,74,Aetna,outpatient,lab,general,in_network,False,True,True,25,169.02,135.98,0.424,False,False,True,,0
CLM003910,34,Cigna,professional,evaluation,general,in_network,False,True,False,25,206.55,164.49,0.302,False,False,True,incomplete_documentation,1
CLM003911,25,Humana,outpatient,imaging,orthopedics,in_network,True,True,True,8,645.19,469.78,0.259,False,False,True,,0
CLM003912,31,Cigna,outpatient,evaluation,respiratory,in_network,False,True,True,18,335.75,185.4,0.358,False,True,True,coding_mismatch,1
CLM003913,83,United,professional,pharmacy,general,out_of_network,False,True,True,21,593.95,491.28,0.014,False,False,True,network_coverage,1
CLM003914,22,Humana,outpatient,surgery,orthopedics,in_network,True,False,True,76,8384.02,6334.1,0.084,False,False,True,missing_prior_authorization,1
CLM003915,76,Aetna,outpatient,lab,orthopedics,in_network,False,True,False,36,236.13,147.16,0.075,False,False,True,,0
CLM003916,46,Aetna,outpatient,lab,orthopedics,in_network,False,True,True,26,267.55,196.89,0.136,False,False,False,coverage_inactive,1
CLM003917,80,Humana,outpatient,therapy,orthopedics,in_network,True,True,True,38,491.26,333.14,0.196,False,False,True,,0
CLM003918,65,BlueCross,outpatient,lab,respiratory,in_network,True,True,True,18,137.84,102.09,0.338,False,False,False,coverage_inactive,1
CLM003919,69,BlueCross,professional,imaging,general,in_network,True,False,True,34,993.05,710.92,0.043,False,False,True,,0
CLM003920,55,United,outpatient,pharmacy,cardiology,in_network,True,True,True,10,174.23,103.35,0.059,False,False,True,,0
CLM003921,48,Aetna,outpatient,surgery,orthopedics,out_of_network,True,True,True,15,25251.16,17082.47,0.102,False,False,True,,0
CLM003922,24,Cigna,professional,therapy,general,in_network,True,False,True,17,837.65,589.19,0.167,False,True,True,coding_mismatch,1
CLM003923,40,BlueCross,outpatient,therapy,oncology,out_of_network,True,True,True,4,393.42,267.49,0.11,False,True,True,,0
CLM003924,89,Aetna,pharmacy,imaging,orthopedics,in_network,True,True,True,46,2473.63,1742.13,0.014,False,False,True,,0
CLM003925,48,BlueCross,outpatient,imaging,respiratory,in_network,True,True,True,45,2968.37,1587.31,0.218,False,True,True,,0
CLM003926,44,Cigna,outpatient,pharmacy,general,in_network,False,True,True,12,238.15,195.9,0.041,False,False,True,,0
CLM003927,89,Cigna,outpatient,evaluation,orthopedics,out_of_network,False,True,True,6,345.62,225.41,0.059,False,False,True,,0
CLM003928,18,Aetna,professional,imaging,oncology,in_network,True,True,True,35,1395.66,1040.77,0.033,False,False,True,,0
CLM003929,63,Humana,inpatient,evaluation,respiratory,in_network,True,True,False,13,680.55,489.08,0.317,False,False,True,incomplete_documentation,1
CLM003930,61,BlueCross,pharmacy,therapy,general,in_network,True,True,True,39,293.21,243.47,0.172,False,False,True,,0
CLM003931,68,Cigna,outpatient,imaging,oncology,out_of_network,True,False,True,35,1518.32,1227.8,0.119,False,True,True,coding_mismatch,1
CLM003932,18,Cigna,professional,evaluation,general,in_network,False,True,True,51,402.66,314.9,0.233,False,False,True,,0
CLM003933,76,Cigna,outpatient,therapy,respiratory,in_network,True,True,True,15,416.43,296.61,0.182,False,False,True,,0
CLM003934,82,Cigna,inpatient,surgery,oncology,in_network,True,True,True,18,4313.24,2997.4,0.205,False,False,False,coverage_inactive,1
CLM003935,65,BlueCross,outpatient,evaluation,oncology,in_network,False,True,True,13,199.7,127.44,0.133,False,False,True,,1
CLM003936,61,Cigna,outpatient,lab,respiratory,in_network,False,True,True,4,128.66,81.97,0.187,False,False,True,,0
CLM003937,56,Cigna,outpatient,lab,cardiology,in_network,False,True,True,23,195.08,112.46,0.313,False,False,True,,0
CLM003938,41,Aetna,professional,surgery,orthopedics,out_of_network,True,True,True,58,27967.47,17889.61,0.068,False,False,True,,0
CLM003939,83,Humana,outpatient,evaluation,orthopedics,in_network,False,True,True,23,626.33,491.7,0.147,False,False,True,,1
CLM003940,42,Cigna,inpatient,evaluation,general,out_of_network,True,False,True,13,460.75,327.72,0.07,False,False,True,,0
CLM003941,74,BlueCross,inpatient,pharmacy,general,in_network,True,True,True,1,260.98,178.16,0.039,False,False,True,,0
CLM003942,25,Aetna,outpatient,surgery,general,in_network,True,True,True,14,9968.17,8002.87,0.175,False,False,True,,0
CLM003943,27,BlueCross,outpatient,evaluation,cardiology,in_network,False,True,False,18,308.02,229.96,0.116,False,False,False,coverage_inactive,1
CLM003944,48,Cigna,professional,therapy,orthopedics,in_network,True,True,False,34,495.81,329.31,0.204,False,False,True,incomplete_documentation,1
CLM003945,19,United,outpatient,lab,orthopedics,in_network,True,True,False,43,206.16,118.52,0.121,False,False,True,incomplete_documentation,1
CLM003946,54,Humana,pharmacy,imaging,cardiology,out_of_network,True,False,True,6,1031.36,873.1,0.046,False,False,True,network_coverage,1
CLM003947,59,Cigna,outpatient,evaluation,orthopedics,in_network,False,True,True,16,340.42,203.68,0.263,False,False,True,,0
CLM003948,28,Aetna,inpatient,surgery,oncology,in_network,True,True,True,29,6425.48,4966.32,0.069,False,False,True,,0
CLM003949,61,BlueCross,professional,evaluation,general,in_network,False,True,True,45,266.1,140.27,0.11,False,False,True,,0
CLM003950,66,United,outpatient,therapy,cardiology,in_network,True,False,True,16,599.59,470.75,0.3,False,False,True,,0
CLM003951,31,Aetna,outpatient,imaging,general,out_of_network,True,True,True,48,892.45,679.66,0.117,False,False,True,,0
CLM003952,40,Humana,pharmacy,pharmacy,general,in_network,False,False,True,30,118.21,87.14,0.197,False,False,True,,0
CLM003953,76,Cigna,pharmacy,evaluation,cardiology,out_of_network,False,True,True,25,451.16,269.88,0.178,False,False,True,,0
CLM003954,22,BlueCross,professional,therapy,orthopedics,in_network,True,False,True,15,285.88,235.77,0.088,False,False,True,,0
CLM003955,65,United,inpatient,evaluation,oncology,in_network,True,True,True,32,251.31,160.98,0.223,False,True,True,,0
CLM003956,35,BlueCross,professional,lab,general,in_network,False,True,False,4,349.96,214.23,0.208,False,False,True,,0
CLM003957,68,Humana,pharmacy,evaluation,respiratory,in_network,False,True,True,22,295.92,168.29,0.172,False,True,True,,0
CLM003958,20,Aetna,pharmacy,imaging,general,in_network,True,False,True,40,963.76,682.18,0.211,False,False,True,,0
CLM003959,77,United,inpatient,lab,orthopedics,in_network,True,True,True,28,339.03,266.31,0.032,False,False,True,,0
CLM003960,83,Aetna,outpatient,lab,general,in_network,False,True,True,26,109.11,63.63,0.064,False,False,True,,0
CLM003961,60,BlueCross,outpatient,lab,general,in_network,False,True,True,15,123.62,84.88,0.11,False,False,True,,1
CLM003962,51,United,inpatient,lab,oncology,in_network,True,True,True,29,128.12,105.57,0.218,False,False,True,,0
CLM003963,68,Humana,professional,imaging,cardiology,in_network,True,True,True,42,995.99,764.03,0.2,False,False,True,,0
CLM003964,87,Humana,outpatient,pharmacy,orthopedics,in_network,False,True,True,26,95.96,57.99,0.345,False,False,True,,0
CLM003965,65,BlueCross,outpatient,imaging,cardiology,in_network,True,True,True,39,3098.31,2035.77,0.09,False,False,True,,0
CLM003966,62,Humana,inpatient,imaging,general,out_of_network,True,False,True,1,567.22,316.09,0.139,False,False,True,,0
CLM003967,54,United,outpatient,lab,orthopedics,in_network,False,True,False,3,286.83,156.23,0.084,False,False,True,,0
CLM003968,21,Humana,inpatient,therapy,respiratory,in_network,True,True,True,26,405.02,308.11,0.028,False,False,True,,0
CLM003969,26,BlueCross,outpatient,imaging,orthopedics,in_network,True,True,True,34,1389.33,774.08,0.087,False,False,True,,0
CLM003970,30,United,inpatient,therapy,general,in_network,True,True,True,50,376.24,279.37,0.145,False,False,True,,0
CLM003971,22,Aetna,pharmacy,evaluation,respiratory,in_network,False,True,True,45,302.02,247.07,0.151,False,False,True,,0
CLM003972,56,United,inpatient,imaging,orthopedics,in_network,True,True,False,83,864.12,475.45,0.015,False,False,False,coverage_inactive,1
CLM003973,46,Aetna,outpatient,pharmacy,oncology,in_network,False,True,True,63,331.67,197.02,0.043,False,False,True,,0
CLM003974,18,Aetna,outpatient,lab,cardiology,in_network,True,True,False,16,131.55,70.36,0.318,False,False,True,incomplete_documentation,1
CLM003975,56,Aetna,inpatient,evaluation,cardiology,in_network,True,False,True,26,311.95,228.32,0.137,False,False,True,missing_prior_authorization,1
CLM003976,62,Aetna,outpatient,imaging,general,in_network,True,False,True,8,3962.71,2421.07,0.359,False,False,True,missing_prior_authorization,1
CLM003977,32,Humana,inpatient,evaluation,general,in_network,True,True,True,8,477.56,343.26,0.221,False,False,True,,0
CLM003978,80,BlueCross,inpatient,evaluation,general,out_of_network,True,True,True,11,259.56,201.9,0.17,False,False,True,,0
CLM003979,40,Aetna,outpatient,imaging,respiratory,in_network,True,False,False,15,2401.41,1548.97,0.185,False,False,True,incomplete_documentation,1
CLM003980,40,BlueCross,professional,imaging,orthopedics,in_network,True,False,True,7,1558.4,894.23,0.28,False,False,True,,0
CLM003981,84,United,inpatient,lab,cardiology,in_network,True,True,False,30,194.03,105.8,0.145,False,False,True,,0
CLM003982,78,Cigna,outpatient,imaging,respiratory,in_network,True,True,True,14,1936.84,1395.85,0.154,False,False,True,,0
CLM003983,45,Humana,professional,pharmacy,orthopedics,in_network,False,True,True,35,353.3,191.52,0.306,False,False,True,,0
CLM003984,84,BlueCross,outpatient,therapy,cardiology,in_network,True,False,False,19,349.54,263.91,0.147,False,False,True,incomplete_documentation,1
CLM003985,61,Cigna,outpatient,therapy,cardiology,in_network,True,True,True,11,395.36,213.44,0.297,False,True,True,,0
CLM003986,36,Humana,inpatient,pharmacy,oncology,in_network,True,True,True,31,155.32,95.64,0.039,False,False,True,,0
CLM003987,50,Humana,outpatient,evaluation,general,in_network,False,True,True,109,431.78,342.28,0.124,False,True,True,coding_mismatch,1
CLM003988,51,Aetna,outpatient,evaluation,orthopedics,in_network,False,True,True,17,499.36,395.8,0.238,False,False,True,,0
CLM003989,20,Humana,pharmacy,lab,general,in_network,False,True,True,45,317.23,195.64,0.072,False,False,True,,0
CLM003990,40,Humana,pharmacy,lab,orthopedics,in_network,False,True,True,5,154.07,105.6,0.08,False,False,True,,1
CLM003991,65,Aetna,pharmacy,lab,respiratory,in_network,False,True,False,21,557.87,406.29,0.202,False,False,True,,0
CLM003992,38,BlueCross,outpatient,lab,orthopedics,in_network,False,True,False,24,164.13,117.27,0.142,False,False,True,incomplete_documentation,1
CLM003993,61,Humana,inpatient,lab,respiratory,in_network,True,True,False,51,268.5,220.41,0.168,False,False,True,incomplete_documentation,1
CLM003994,18,Aetna,outpatient,imaging,orthopedics,in_network,True,True,True,48,1248.55,874.77,0.141,False,False,True,,0
CLM003995,34,Humana,outpatient,lab,respiratory,in_network,False,True,True,17,148.24,108.11,0.075,False,False,True,,0
CLM003996,34,United,inpatient,lab,oncology,out_of_network,True,True,True,50,358.95,268.25,0.022,False,False,True,,0
CLM003997,64,Cigna,inpatient,lab,cardiology,in_network,True,True,True,12,246.52,160.45,0.281,False,False,True,,0
CLM003998,75,Cigna,outpatient,imaging,orthopedics,in_network,True,False,True,24,1857.22,1496.14,0.089,False,False,True,,0
CLM003999,46,Aetna,outpatient,lab,orthopedics,in_network,False,True,True,76,234.35,134.96,0.099,False,False,True,,0
CLM004000,82,Humana,outpatient,therapy,oncology,in_network,True,True,True,14,541.26,412.21,0.142,False,False,True,,0
CLM004001,88,United,professional,evaluation,orthopedics,in_network,False,True,True,43,757.47,434.92,0.236,False,False,False,coverage_inactive,1
CLM004002,39,United,outpatient,evaluation,oncology,out_of_network,False,True,True,14,417.24,248.68,0.01,False,False,True,,0
CLM004003,47,Cigna,professional,surgery,general,out_of_network,True,True,True,40,5932.4,4689.88,0.219,False,True,True,,0
CLM004004,20,Aetna,outpatient,imaging,respiratory,in_network,True,True,True,28,2059.28,1517.69,0.226,False,True,True,coding_mismatch,1
CLM004005,43,BlueCross,outpatient,lab,orthopedics,in_network,False,False,False,20,352.07,258.0,0.041,False,False,True,,0
CLM004006,72,BlueCross,outpatient,imaging,respiratory,in_network,True,True,True,7,720.05,462.72,0.044,False,False,True,,0
CLM004007,76,Aetna,outpatient,lab,general,out_of_network,False,True,True,17,185.4,156.1,0.252,False,False,True,,0
CLM004008,68,Aetna,inpatient,pharmacy,orthopedics,in_network,True,True,True,36,155.33,97.83,0.19,False,False,True,,0
CLM004009,51,Cigna,outpatient,surgery,orthopedics,in_network,True,True,True,105,6069.78,3480.23,0.027,False,False,True,,0
CLM004010,38,Aetna,professional,lab,cardiology,in_network,False,True,True,35,203.35,129.0,0.048,False,False,True,,0
CLM004011,54,Aetna,outpatient,evaluation,general,in_network,False,True,True,52,293.16,167.2,0.151,False,False,True,,0
CLM004012,76,United,outpatient,therapy,general,in_network,True,True,True,20,466.38,397.84,0.258,False,False,True,,0
CLM004013,83,Humana,pharmacy,imaging,oncology,in_network,True,True,True,21,2398.92,2001.82,0.112,False,True,True,coding_mismatch,1
CLM004014,72,United,inpatient,imaging,general,in_network,True,True,True,22,3475.4,2720.53,0.278,False,False,True,,1
CLM004015,49,BlueCross,outpatient,pharmacy,respiratory,in_network,False,True,True,86,110.85,85.15,0.216,False,False,False,,0
CLM004016,24,BlueCross,outpatient,imaging,general,in_network,True,True,True,19,1422.38,780.51,0.241,False,False,True,,0
CLM004017,71,Humana,outpatient,evaluation,general,in_network,False,True,True,10,549.8,357.74,0.045,False,False,True,,0
CLM004018,53,Humana,outpatient,evaluation,general,in_network,True,True,True,6,585.53,362.71,0.109,False,False,True,,0
CLM004019,21,BlueCross,inpatient,surgery,orthopedics,in_network,True,True,False,14,4795.08,2634.05,0.028,False,False,True,,0
CLM004020,30,United,professional,evaluation,respiratory,in_network,False,True,True,6,336.06,270.9,0.334,False,False,True,,0
CLM004021,89,Humana,outpatient,imaging,cardiology,out_of_network,True,True,True,33,2762.79,2310.25,0.129,False,False,True,network_coverage,1
CLM004022,30,BlueCross,outpatient,lab,general,in_network,False,True,True,25,163.47,123.18,0.255,False,False,True,,0
CLM004023,48,Aetna,outpatient,lab,orthopedics,in_network,True,True,True,37,180.17,104.83,0.088,False,True,True,,0
CLM004024,44,Aetna,pharmacy,pharmacy,oncology,in_network,False,True,True,50,296.77,241.55,0.212,False,False,True,,0
CLM004025,53,United,professional,surgery,oncology,out_of_network,True,True,True,13,10054.4,7728.95,0.107,False,False,True,,0
CLM004026,29,United,pharmacy,imaging,respiratory,in_network,True,True,True,28,1778.3,975.63,0.091,False,True,True,,0
CLM004027,45,Cigna,professional,pharmacy,respiratory,in_network,False,True,True,24,420.25,317.33,0.077,False,False,True,,0
CLM004028,77,Humana,professional,imaging,general,in_network,True,True,True,14,1496.51,820.8,0.242,False,False,True,,0
CLM004029,25,United,outpatient,evaluation,respiratory,in_network,False,True,True,14,287.77,183.5,0.242,False,False,True,,0
CLM004030,49,Aetna,pharmacy,evaluation,respiratory,out_of_network,False,True,True,49,610.21,325.8,0.152,False,False,True,,0
CLM004031,76,United,outpatient,therapy,oncology,in_network,True,True,True,27,593.03,461.56,0.096,False,False,True,,0
CLM004032,80,Cigna,outpatient,evaluation,oncology,in_network,False,True,True,8,269.17,192.91,0.198,False,False,True,,0
CLM004033,81,Cigna,professional,evaluation,general,in_network,False,True,True,39,351.08,236.54,0.182,False,False,True,,0
CLM004034,57,Aetna,outpatient,imaging,orthopedics,out_of_network,True,True,True,16,2606.53,2065.33,0.181,False,False,True,,0
CLM004035,20,Humana,inpatient,pharmacy,respiratory,out_of_network,True,True,True,27,297.14,234.73,0.166,False,False,True,,0
CLM004036,61,Humana,outpatient,pharmacy,orthopedics,in_network,False,True,True,3,131.2,94.9,0.283,False,False,True,,1
CLM004037,85,Aetna,outpatient,pharmacy,oncology,in_network,False,True,True,16,282.02,146.85,0.366,False,False,True,,1
CLM004038,59,Humana,professional,therapy,orthopedics,in_network,True,True,True,33,445.18,382.16,0.03,False,False,True,,0
CLM004039,66,Aetna,outpatient,therapy,orthopedics,in_network,True,True,True,10,423.46,351.33,0.057,False,False,True,,0
CLM004040,31,BlueCross,professional,therapy,general,in_network,True,True,False,6,234.48,159.85,0.283,False,False,True,,0
CLM004041,70,Humana,outpatient,imaging,respiratory,in_network,True,True,True,15,2494.41,2036.08,0.154,False,False,True,,0
CLM004042,27,Humana,professional,therapy,respiratory,in_network,True,False,True,31,624.14,398.62,0.127,False,False,True,missing_prior_authorization,1
CLM004043,44,Aetna,inpatient,therapy,cardiology,in_network,True,True,True,46,409.53,239.68,0.106,False,False,True,,0
CLM004044,39,Cigna,pharmacy,evaluation,orthopedics,in_network,False,True,True,43,446.81,284.89,0.023,False,False,True,,0
CLM004045,20,BlueCross,outpatient,lab,orthopedics,in_network,False,True,True,40,394.41,311.95,0.098,False,False,False,,0
CLM004046,66,Humana,outpatient,lab,respiratory,out_of_network,False,True,True,60,479.73,256.52,0.079,False,False,True,network_coverage,1
CLM004047,26,United,outpatient,evaluation,general,in_network,False,True,True,48,288.55,238.86,0.075,False,False,True,,0
CLM004048,80,Humana,outpatient,lab,orthopedics,in_network,True,True,True,34,155.58,128.24,0.061,False,False,False,,0
CLM004049,78,Humana,outpatient,pharmacy,orthopedics,in_network,False,True,True,28,151.8,84.47,0.122,False,False,True,,0
CLM004050,29,Cigna,professional,evaluation,oncology,in_network,False,True,True,25,394.69,257.4,0.189,False,False,True,,0
CLM004051,53,Cigna,pharmacy,imaging,general,in_network,True,False,True,18,757.37,597.99,0.154,False,True,True,coding_mismatch,1
CLM004052,23,BlueCross,professional,imaging,orthopedics,in_network,True,False,True,22,3050.41,2592.74,0.163,False,False,True,,0
CLM004053,32,United,outpatient,evaluation,orthopedics,in_network,False,True,True,13,389.18,310.35,0.258,False,False,True,,0
CLM004054,78,BlueCross,outpatient,lab,oncology,in_network,False,True,True,39,386.87,222.1,0.096,False,False,True,,1
CLM004055,42,United,professional,evaluation,general,in_network,False,True,True,9,224.93,140.33,0.062,False,False,True,,0
CLM004056,43,Humana,professional,imaging,respiratory,in_network,True,False,True,40,1455.26,936.16,0.102,False,False,True,,0
CLM004057,83,United,outpatient,imaging,oncology,in_network,True,True,True,100,1041.96,637.56,0.118,False,False,True,timely_filing,1
CLM004058,36,Humana,pharmacy,lab,respiratory,in_network,False,True,True,7,105.73,72.71,0.225,False,False,True,,0
CLM004059,32,BlueCross,outpatient,evaluation,cardiology,in_network,False,True,True,38,441.17,314.87,0.07,False,False,True,,0
CLM004060,18,BlueCross,professional,pharmacy,respiratory,in_network,False,True,True,17,344.89,253.27,0.057,False,False,True,,0
CLM004061,75,Aetna,pharmacy,pharmacy,cardiology,in_network,False,True,True,49,569.88,321.36,0.129,False,False,True,,1
CLM004062,32,United,professional,therapy,orthopedics,in_network,True,True,True,30,557.89,311.45,0.166,False,False,True,,0
CLM004063,49,Aetna,outpatient,evaluation,orthopedics,in_network,True,False,False,8,279.0,215.42,0.351,False,False,True,incomplete_documentation,1
CLM004064,21,United,professional,imaging,respiratory,out_of_network,True,True,False,25,2748.87,2329.89,0.055,False,True,True,coding_mismatch,1
CLM004065,55,Humana,inpatient,therapy,orthopedics,in_network,True,True,True,30,354.87,242.47,0.221,False,False,True,,0
CLM004066,67,Aetna,professional,pharmacy,orthopedics,in_network,False,True,True,19,149.73,119.02,0.096,False,False,True,,1
CLM004067,41,United,outpatient,lab,general,in_network,False,True,True,27,230.88,128.44,0.198,False,False,True,,0
CLM004068,22,Aetna,professional,pharmacy,oncology,in_network,False,True,True,18,129.03,76.64,0.273,False,False,True,,0
CLM004069,33,Aetna,pharmacy,surgery,respiratory,out_of_network,True,True,True,19,8371.13,6995.08,0.457,False,False,True,,0
CLM004070,72,Cigna,outpatient,imaging,oncology,in_network,True,False,True,3,2691.23,2180.77,0.233,False,False,True,missing_prior_authorization,1
CLM004071,81,Aetna,outpatient,therapy,respiratory,in_network,True,True,True,6,328.72,220.97,0.265,False,False,True,,0
CLM004072,67,Aetna,professional,pharmacy,respiratory,out_of_network,False,True,False,6,341.24,291.72,0.246,False,False,True,network_coverage,1
CLM004073,84,Humana,outpatient,lab,respiratory,out_of_network,False,True,True,13,220.89,175.58,0.108,False,False,True,,0
CLM004074,20,United,outpatient,evaluation,general,out_of_network,False,True,False,6,423.88,288.87,0.189,False,False,True,,0
CLM004075,74,Aetna,inpatient,imaging,respiratory,in_network,True,False,False,8,1590.68,945.9,0.059,False,False,False,coverage_inactive,1
CLM004076,89,Humana,outpatient,evaluation,orthopedics,in_network,False,True,True,27,353.78,231.9,0.016,False,False,True,,0
CLM004077,81,Humana,professional,therapy,cardiology,in_network,True,True,True,37,334.46,237.5,0.218,False,False,True,,0
CLM004078,88,Aetna,outpatient,imaging,general,in_network,True,True,True,19,2024.06,1171.59,0.191,False,False,True,,0
CLM004079,54,Aetna,inpatient,evaluation,orthopedics,in_network,True,True,True,27,355.15,210.49,0.289,False,False,True,,0
CLM004080,86,Cigna,outpatient,evaluation,orthopedics,in_network,False,True,True,28,156.03,103.2,0.185,False,False,True,,0
CLM004081,49,Humana,outpatient,therapy,cardiology,in_network,True,True,True,77,734.93,448.12,0.179,False,False,False,,0
CLM004082,35,BlueCross,outpatient,surgery,oncology,in_network,True,False,True,6,9522.98,6114.74,0.232,False,False,False,coverage_inactive,1
CLM004083,79,Cigna,professional,imaging,oncology,in_network,True,True,True,21,1259.94,1046.11,0.127,False,True,True,coding_mismatch,1
CLM004084,66,Cigna,outpatient,pharmacy,general,in_network,False,True,True,6,219.08,163.43,0.189,False,False,True,,0
CLM004085,67,Humana,outpatient,evaluation,respiratory,out_of_network,False,True,True,27,212.67,157.78,0.011,False,False,True,,0
CLM004086,50,BlueCross,pharmacy,evaluation,respiratory,in_network,False,True,True,9,233.06,184.96,0.024,False,False,True,,0
CLM004087,89,Humana,outpatient,evaluation,oncology,in_network,False,False,True,16,363.83,257.23,0.12,False,False,True,,0
CLM004088,42,United,professional,evaluation,general,in_network,False,True,True,5,214.29,147.69,0.104,False,False,True,,0
CLM004089,62,Cigna,inpatient,imaging,general,in_network,True,True,True,19,1854.75,1106.5,0.108,False,False,True,,0
CLM004090,48,Humana,outpatient,therapy,general,in_network,True,True,False,20,274.3,235.85,0.125,False,False,True,,0
CLM004091,42,Aetna,inpatient,evaluation,orthopedics,out_of_network,True,True,True,19,421.72,322.87,0.304,False,False,True,,0
CLM004092,68,United,professional,imaging,orthopedics,in_network,True,True,True,39,2505.29,1883.71,0.301,False,False,True,,0
CLM004093,27,BlueCross,professional,imaging,cardiology,in_network,True,True,True,25,915.86,581.21,0.377,False,False,False,coverage_inactive,1
CLM004094,25,Aetna,outpatient,evaluation,general,in_network,False,True,True,13,337.64,198.35,0.5,False,False,True,,0
CLM004095,64,Cigna,outpatient,evaluation,respiratory,in_network,False,True,False,22,222.33,168.29,0.073,False,False,True,,0
CLM004096,50,BlueCross,outpatient,evaluation,general,in_network,False,True,True,14,167.52,111.61,0.094,False,False,True,,0
CLM004097,28,Cigna,professional,imaging,respiratory,in_network,True,True,True,9,1785.16,1300.41,0.09,False,False,True,,0
CLM004098,85,United,professional,pharmacy,oncology,in_network,False,True,True,13,190.53,106.7,0.069,False,False,True,,0
CLM004099,85,Cigna,professional,imaging,cardiology,in_network,True,True,True,10,1398.12,1130.34,0.157,False,False,True,,0
CLM004100,61,BlueCross,pharmacy,surgery,cardiology,in_network,True,True,True,37,10522.09,8225.93,0.223,False,False,True,,0
CLM004101,44,United,outpatient,pharmacy,respiratory,in_network,False,True,True,52,133.95,105.37,0.082,False,False,True,,0
CLM004102,84,BlueCross,professional,evaluation,orthopedics,in_network,False,True,False,23,194.89,151.48,0.133,False,False,True,incomplete_documentation,1
CLM004103,32,United,outpatient,pharmacy,orthopedics,in_network,False,True,True,10,211.84,126.61,0.1,False,False,True,,0
CLM004104,19,United,outpatient,evaluation,general,in_network,False,True,True,60,653.62,344.19,0.112,False,False,True,,0
CLM004105,61,Cigna,pharmacy,evaluation,oncology,in_network,False,True,True,95,387.51,279.77,0.123,False,False,True,,0
CLM004106,58,Humana,inpatient,lab,general,in_network,True,False,True,4,126.12,88.77,0.083,False,False,True,missing_prior_authorization,1
CLM004107,38,Humana,professional,lab,oncology,in_network,False,True,False,20,894.35,617.62,0.075,False,False,True,,0
CLM004108,68,United,professional,pharmacy,general,in_network,False,True,True,12,111.82,74.03,0.072,False,False,True,,0
CLM004109,34,Cigna,pharmacy,evaluation,cardiology,out_of_network,False,True,True,6,198.83,144.65,0.048,False,False,True,network_coverage,1
CLM004110,42,Cigna,outpatient,lab,orthopedics,in_network,False,True,True,30,526.13,370.1,0.249,False,False,True,,0
CLM004111,28,BlueCross,outpatient,lab,cardiology,in_network,False,True,True,10,165.28,128.39,0.245,False,False,True,,0
CLM004112,26,Cigna,professional,lab,cardiology,in_network,False,True,True,9,190.72,155.31,0.292,False,False,True,,0
CLM004113,25,Humana,professional,lab,general,in_network,True,True,True,47,401.63,232.65,0.093,False,False,True,,0
CLM004114,24,Cigna,outpatient,evaluation,oncology,in_network,False,True,True,21,711.35,507.52,0.19,False,False,True,,0
CLM004115,32,BlueCross,professional,imaging,orthopedics,in_network,True,False,True,39,1247.84,871.66,0.328,False,False,True,missing_prior_authorization,1
CLM004116,56,Cigna,outpatient,lab,orthopedics,in_network,False,True,True,53,332.69,240.75,0.278,False,False,True,,0
CLM004117,46,Cigna,professional,pharmacy,orthopedics,in_network,True,True,True,97,440.68,255.9,0.051,False,False,True,,0
CLM004118,31,Aetna,professional,therapy,cardiology,in_network,True,True,True,23,286.52,167.65,0.056,False,False,True,,1
CLM004119,26,Humana,outpatient,lab,general,in_network,False,True,True,57,271.51,170.38,0.254,False,False,True,,1
CLM004120,21,United,outpatient,lab,cardiology,in_network,False,True,True,36,200.4,136.84,0.292,True,False,False,duplicate_claim,1
CLM004121,63,BlueCross,pharmacy,imaging,orthopedics,in_network,True,True,True,28,785.88,493.76,0.236,True,False,True,,0
CLM004122,77,BlueCross,professional,surgery,cardiology,in_network,True,True,True,27,13996.63,9141.05,0.178,False,False,True,,0
CLM004123,35,Aetna,pharmacy,imaging,general,out_of_network,True,True,True,30,3131.94,1732.54,0.175,False,False,True,,0
CLM004124,75,Cigna,outpatient,imaging,orthopedics,in_network,True,True,False,22,1806.3,1266.01,0.349,False,True,True,coding_mismatch,1
CLM004125,69,Cigna,pharmacy,imaging,orthopedics,in_network,True,True,True,6,1754.59,1025.9,0.014,False,False,False,,0
CLM004126,71,United,inpatient,lab,respiratory,out_of_network,True,True,True,12,284.19,227.22,0.18,False,False,True,,0
CLM004127,38,United,outpatient,imaging,oncology,in_network,True,True,True,3,1564.25,1095.64,0.154,False,False,False,,0
CLM004128,57,Humana,outpatient,pharmacy,orthopedics,in_network,False,True,False,34,250.88,157.35,0.363,True,False,True,duplicate_claim,1
CLM004129,58,BlueCross,professional,imaging,oncology,in_network,True,True,True,6,3888.85,2446.28,0.151,True,False,True,duplicate_claim,1
CLM004130,55,Aetna,pharmacy,lab,oncology,in_network,False,True,True,9,115.25,68.5,0.249,False,False,True,,0
CLM004131,71,Cigna,professional,evaluation,orthopedics,in_network,False,True,False,11,255.36,168.3,0.136,False,True,True,,0
CLM004132,57,Humana,professional,imaging,oncology,out_of_network,True,True,True,23,1677.07,1361.76,0.066,False,False,True,,0
CLM004133,59,Aetna,outpatient,therapy,orthopedics,in_network,True,True,True,35,604.76,409.93,0.135,False,False,True,,0
CLM004134,73,Cigna,outpatient,evaluation,general,in_network,False,True,True,30,656.15,482.22,0.048,False,False,True,,0
CLM004135,36,Aetna,outpatient,therapy,oncology,in_network,True,True,False,43,772.26,626.03,0.368,False,False,True,incomplete_documentation,1
CLM004136,65,BlueCross,inpatient,surgery,respiratory,in_network,True,True,True,46,8074.1,6008.96,0.161,False,False,True,,0
CLM004137,67,BlueCross,outpatient,evaluation,orthopedics,out_of_network,False,True,True,32,605.77,328.64,0.081,False,False,True,,0
CLM004138,28,Aetna,professional,evaluation,respiratory,out_of_network,False,True,True,17,430.61,284.15,0.086,False,False,True,network_coverage,1
CLM004139,69,BlueCross,professional,lab,oncology,in_network,False,True,True,6,267.36,155.78,0.075,True,False,True,,0
CLM004140,43,Humana,professional,imaging,respiratory,in_network,True,True,True,15,2155.22,1379.39,0.089,False,False,True,,0
CLM004141,67,United,outpatient,imaging,oncology,in_network,True,True,True,11,409.49,298.94,0.344,True,False,True,,0
CLM004142,67,Humana,outpatient,evaluation,respiratory,out_of_network,False,True,True,24,401.58,231.13,0.055,False,False,True,,0
CLM004143,37,BlueCross,inpatient,lab,cardiology,in_network,True,True,True,43,153.63,101.31,0.422,False,True,True,,0
CLM004144,57,United,outpatient,imaging,respiratory,in_network,True,True,True,14,910.74,679.18,0.026,False,False,False,coverage_inactive,1
CLM004145,54,Cigna,outpatient,therapy,respiratory,in_network,True,False,True,91,370.11,250.74,0.323,False,False,True,missing_prior_authorization,1
CLM004146,85,BlueCross,outpatient,pharmacy,oncology,out_of_network,False,True,False,11,113.42,84.42,0.085,False,False,True,network_coverage,1
CLM004147,30,United,inpatient,imaging,cardiology,in_network,True,False,True,19,2412.63,2069.03,0.086,False,False,True,missing_prior_authorization,1
CLM004148,38,BlueCross,professional,imaging,oncology,out_of_network,True,False,False,10,5766.0,3574.06,0.28,False,False,True,network_coverage,1
CLM004149,47,Humana,outpatient,lab,respiratory,in_network,False,True,True,13,259.87,211.11,0.069,False,True,True,coding_mismatch,1
CLM004150,70,Aetna,outpatient,evaluation,oncology,in_network,False,True,False,27,695.34,453.94,0.135,False,False,True,,0
CLM004151,34,BlueCross,outpatient,lab,cardiology,in_network,False,True,True,22,177.56,149.29,0.092,False,False,True,,0
CLM004152,69,United,outpatient,pharmacy,orthopedics,in_network,False,True,True,34,355.22,287.98,0.205,False,False,True,,0
CLM004153,28,BlueCross,outpatient,imaging,general,in_network,True,False,False,34,1100.15,844.29,0.098,False,False,True,incomplete_documentation,1
CLM004154,72,United,outpatient,lab,orthopedics,in_network,True,True,True,44,184.3,132.48,0.141,False,True,True,,0
CLM004155,72,Cigna,professional,lab,oncology,out_of_network,False,True,False,29,346.41,224.77,0.033,False,False,True,,0
CLM004156,64,United,inpatient,lab,orthopedics,out_of_network,True,False,False,18,728.48,472.06,0.091,False,False,True,network_coverage,1
CLM004157,88,Cigna,pharmacy,therapy,respiratory,in_network,True,False,True,19,821.13,642.53,0.036,False,False,False,coverage_inactive,1
CLM004158,81,Cigna,inpatient,evaluation,oncology,in_network,True,True,True,26,651.27,417.45,0.156,False,False,True,,0
CLM004159,67,BlueCross,outpatient,lab,orthopedics,in_network,False,True,True,22,125.49,104.97,0.253,False,False,True,,0
CLM004160,74,BlueCross,outpatient,evaluation,oncology,in_network,False,True,False,26,205.07,106.92,0.073,False,False,True,,0
CLM004161,65,United,outpatient,imaging,oncology,in_network,True,True,False,6,1088.93,868.06,0.369,False,False,True,,0
CLM004162,76,Cigna,outpatient,therapy,oncology,in_network,True,False,True,17,951.0,740.45,0.135,False,False,True,,0
CLM004163,76,Cigna,professional,lab,orthopedics,in_network,False,True,True,3,326.39,226.61,0.075,False,False,True,,0
CLM004164,50,BlueCross,outpatient,therapy,cardiology,in_network,True,True,True,63,218.63,179.14,0.151,False,False,True,,0
CLM004165,28,Humana,professional,imaging,respiratory,in_network,True,False,True,23,1196.34,639.41,0.067,False,False,True,,0
CLM004166,23,BlueCross,outpatient,pharmacy,orthopedics,in_network,False,True,True,37,144.35,98.36,0.109,False,True,True,,0
CLM004167,38,BlueCross,inpatient,pharmacy,respiratory,out_of_network,True,False,False,39,247.86,129.73,0.123,False,False,True,network_coverage,1
CLM004168,57,Aetna,outpatient,evaluation,orthopedics,in_network,False,True,True,52,934.03,561.68,0.113,False,False,True,,0
CLM004169,38,United,outpatient,pharmacy,general,out_of_network,False,False,True,25,241.58,189.14,0.04,False,False,True,network_coverage,1
CLM004170,52,Aetna,outpatient,imaging,respiratory,in_network,True,True,True,14,1133.04,737.39,0.034,False,True,True,coding_mismatch,1
CLM004171,32,United,pharmacy,therapy,oncology,in_network,True,True,True,27,287.36,186.63,0.233,False,True,True,coding_mismatch,1
CLM004172,84,BlueCross,professional,lab,orthopedics,in_network,False,True,True,42,347.89,231.82,0.143,False,False,True,,1
CLM004173,48,Aetna,pharmacy,pharmacy,respiratory,in_network,False,True,True,14,184.52,139.12,0.127,False,False,True,,0
CLM004174,66,United,outpatient,surgery,cardiology,in_network,True,True,True,18,6261.89,4591.18,0.011,False,False,True,,0
CLM004175,58,Humana,professional,surgery,cardiology,out_of_network,True,False,True,13,16665.27,13448.85,0.055,False,False,False,coverage_inactive,1
CLM004176,74,Humana,outpatient,evaluation,cardiology,in_network,True,True,True,22,285.31,209.62,0.217,False,False,True,,0
CLM004177,58,Cigna,professional,imaging,orthopedics,in_network,True,True,True,38,1232.75,1029.57,0.178,False,True,True,,0
CLM004178,68,Humana,pharmacy,evaluation,oncology,in_network,False,True,True,27,211.79,169.75,0.144,True,False,False,,0
CLM004179,78,Aetna,professional,surgery,orthopedics,in_network,True,False,True,14,3866.01,2241.06,0.066,False,False,True,,0
CLM004180,63,BlueCross,pharmacy,evaluation,cardiology,in_network,False,True,True,38,483.15,284.93,0.073,False,False,True,,0
CLM004181,63,Cigna,professional,evaluation,orthopedics,in_network,False,True,True,10,402.77,216.06,0.073,False,False,True,,0
CLM004182,83,Humana,inpatient,therapy,oncology,in_network,True,True,True,68,558.89,439.27,0.043,False,False,True,,1
CLM004183,69,Cigna,professional,surgery,orthopedics,in_network,True,False,True,59,8627.76,5581.84,0.027,False,False,True,,0
CLM004184,22,Cigna,outpatient,imaging,oncology,in_network,True,False,True,72,1048.69,829.62,0.045,False,False,True,,0
CLM004185,75,Humana,pharmacy,imaging,orthopedics,out_of_network,True,True,True,14,1906.97,1453.82,0.266,False,False,True,,0
CLM004186,80,Aetna,professional,imaging,general,in_network,True,True,True,10,1836.52,1481.37,0.407,False,False,True,,1
CLM004187,60,Cigna,inpatient,therapy,general,out_of_network,True,True,True,48,782.26,537.74,0.146,False,False,True,,0
CLM004188,75,BlueCross,inpatient,lab,respiratory,in_network,True,True,True,57,173.15,138.07,0.253,False,False,True,,0
CLM004189,23,Cigna,inpatient,surgery,oncology,in_network,True,True,True,31,14194.22,11862.4,0.177,False,False,True,,0
CLM004190,89,Aetna,outpatient,surgery,cardiology,in_network,True,True,True,73,9433.0,7437.85,0.222,False,False,True,,0
CLM004191,80,United,inpatient,pharmacy,respiratory,out_of_network,True,True,True,10,267.09,154.37,0.039,False,False,True,,0
CLM004192,27,United,professional,imaging,orthopedics,in_network,True,False,True,48,1055.54,629.04,0.184,False,False,True,,0
CLM004193,65,United,outpatient,lab,orthopedics,in_network,False,True,True,33,193.56,134.84,0.058,False,False,True,,0
CLM004194,78,United,professional,lab,respiratory,out_of_network,False,True,True,8,353.02,241.86,0.151,False,False,True,,0
CLM004195,70,Humana,outpatient,imaging,cardiology,out_of_network,True,True,True,53,1002.24,753.45,0.069,False,False,True,,0
CLM004196,35,BlueCross,outpatient,pharmacy,orthopedics,in_network,False,True,True,8,161.93,100.04,0.127,False,False,False,coverage_inactive,1
CLM004197,34,Aetna,inpatient,imaging,respiratory,in_network,True,True,True,40,1063.85,814.74,0.048,False,False,True,,0
CLM004198,22,Humana,pharmacy,evaluation,general,in_network,False,True,True,52,305.94,238.88,0.142,False,False,True,,0
CLM004199,56,United,outpatient,therapy,oncology,in_network,True,True,True,5,551.81,426.98,0.14,False,False,True,,0
CLM004200,36,BlueCross,inpatient,evaluation,oncology,in_network,True,True,True,52,179.12,130.59,0.075,False,True,True,,0
CLM004201,59,United,outpatient,evaluation,general,in_network,False,True,True,21,716.9,563.2,0.094,False,False,True,,0
CLM004202,28,Aetna,professional,evaluation,cardiology,in_network,False,True,True,19,330.64,266.29,0.06,False,False,True,,0
CLM004203,47,BlueCross,inpatient,lab,oncology,in_network,True,True,True,17,308.34,168.28,0.195,False,False,True,,0
CLM004204,38,Humana,professional,therapy,orthopedics,in_network,True,False,False,78,744.36,507.62,0.178,False,False,True,incomplete_documentation,1
CLM004205,27,Cigna,professional,evaluation,oncology,in_network,False,True,True,33,765.23,440.48,0.061,False,False,False,coverage_inactive,1
CLM004206,83,Humana,professional,therapy,general,in_network,True,True,True,14,524.61,446.0,0.095,False,False,True,,0
CLM004207,25,BlueCross,outpatient,therapy,oncology,in_network,True,True,True,67,324.73,200.18,0.162,False,False,True,,0
CLM004208,65,Humana,inpatient,surgery,general,in_network,True,True,True,57,5228.51,2867.8,0.149,False,False,True,,0
CLM004209,49,BlueCross,outpatient,surgery,oncology,in_network,True,True,True,31,11290.83,8506.14,0.05,False,False,True,,0
CLM004210,59,Aetna,outpatient,lab,general,out_of_network,False,True,True,32,274.98,174.13,0.047,False,False,True,,0
CLM004211,37,Cigna,professional,imaging,cardiology,in_network,True,True,True,5,2830.15,1591.9,0.193,False,False,True,,0
CLM004212,80,Cigna,outpatient,lab,orthopedics,in_network,True,True,True,17,172.77,123.3,0.207,False,False,False,coverage_inactive,1
CLM004213,43,Cigna,outpatient,imaging,orthopedics,out_of_network,True,True,True,12,1163.33,665.8,0.214,False,False,False,,0
CLM004214,82,Aetna,inpatient,therapy,respiratory,in_network,True,True,True,25,302.05,172.85,0.206,False,False,True,,1
CLM004215,45,Cigna,outpatient,evaluation,oncology,in_network,False,True,True,18,965.27,594.27,0.115,False,False,True,,0
CLM004216,87,Aetna,outpatient,therapy,orthopedics,out_of_network,True,True,True,23,1355.23,877.83,0.389,False,False,True,,0
CLM004217,70,United,professional,evaluation,cardiology,out_of_network,False,False,True,29,287.62,246.22,0.172,False,False,True,,0
CLM004218,81,Aetna,inpatient,imaging,orthopedics,in_network,True,True,True,5,1166.47,647.62,0.264,False,False,True,,0
CLM004219,26,United,pharmacy,imaging,cardiology,out_of_network,True,False,False,13,1535.01,812.83,0.17,False,True,True,coding_mismatch,1
CLM004220,76,Aetna,professional,evaluation,respiratory,in_network,False,True,True,41,152.72,117.06,0.171,False,False,True,,0
CLM004221,69,Humana,outpatient,evaluation,general,in_network,False,True,True,18,319.07,241.12,0.156,False,False,True,,0
CLM004222,20,BlueCross,inpatient,evaluation,general,in_network,True,True,True,37,454.21,241.06,0.109,False,False,True,,0
CLM004223,22,Aetna,outpatient,evaluation,orthopedics,in_network,False,True,True,64,347.87,254.19,0.194,False,False,True,,0
CLM004224,58,BlueCross,inpatient,evaluation,oncology,in_network,True,True,True,45,299.65,243.15,0.039,False,False,True,,0
CLM004225,63,Aetna,outpatient,evaluation,oncology,in_network,False,True,True,7,281.64,151.23,0.152,False,False,True,,0
CLM004226,46,Humana,professional,evaluation,oncology,in_network,False,True,True,3,279.22,214.15,0.117,False,False,True,,0
CLM004227,84,United,professional,evaluation,oncology,in_network,False,True,False,26,367.77,309.38,0.193,False,False,True,incomplete_documentation,1
CLM004228,22,BlueCross,outpatient,imaging,orthopedics,in_network,True,True,True,14,2588.16,2110.82,0.086,False,False,True,,0
CLM004229,43,Cigna,outpatient,imaging,cardiology,in_network,True,True,True,26,1149.34,706.21,0.128,False,False,True,,0
CLM004230,24,Aetna,outpatient,lab,oncology,in_network,False,True,False,14,169.38,126.0,0.185,False,False,True,,0
CLM004231,89,Cigna,pharmacy,therapy,cardiology,in_network,True,True,True,8,324.55,195.84,0.383,False,False,True,,1
CLM004232,48,United,inpatient,evaluation,cardiology,in_network,True,True,True,50,784.05,626.32,0.211,False,False,True,,0
CLM004233,20,Cigna,professional,lab,oncology,in_network,False,True,True,28,549.94,384.86,0.271,False,False,True,,0
CLM004234,86,United,professional,surgery,general,out_of_network,True,True,False,16,12214.23,8936.49,0.346,False,False,False,coverage_inactive,1
CLM004235,70,Humana,inpatient,evaluation,oncology,out_of_network,True,True,False,25,478.92,300.5,0.132,False,False,True,,0
CLM004236,50,Aetna,outpatient,surgery,cardiology,in_network,True,True,True,99,8244.0,6486.63,0.079,False,True,True,,0
CLM004237,60,Aetna,outpatient,evaluation,general,in_network,False,True,True,2,203.67,116.5,0.161,False,False,True,,0
CLM004238,73,BlueCross,professional,imaging,respiratory,in_network,True,True,True,21,1341.32,1024.25,0.101,False,False,True,,0
CLM004239,36,United,outpatient,lab,orthopedics,in_network,False,True,True,18,123.22,93.88,0.242,False,False,True,,0
CLM004240,33,Aetna,professional,lab,orthopedics,in_network,False,True,False,19,165.92,95.07,0.087,False,True,True,,0
CLM004241,79,Aetna,professional,lab,general,in_network,False,True,True,59,190.86,125.23,0.042,False,False,True,,0
CLM004242,34,United,professional,imaging,oncology,out_of_network,True,True,True,15,2961.85,2348.78,0.253,False,False,True,network_coverage,1
CLM004243,65,Aetna,outpatient,surgery,cardiology,in_network,True,True,True,3,9483.91,7495.78,0.126,False,False,True,,0
CLM004244,78,BlueCross,outpatient,lab,orthopedics,in_network,False,True,True,23,153.52,127.84,0.141,False,False,True,,0
CLM004245,22,Humana,professional,lab,orthopedics,in_network,False,True,True,37,390.03,327.44,0.071,False,False,True,,1
CLM004246,38,Aetna,outpatient,evaluation,oncology,in_network,False,True,True,17,317.41,263.95,0.084,False,False,True,,0
CLM004247,21,Aetna,professional,imaging,orthopedics,in_network,True,True,True,64,865.83,654.16,0.101,False,False,True,,0
CLM004248,64,Humana,inpatient,lab,oncology,in_network,True,True,True,22,315.55,185.79,0.151,False,False,True,,1
CLM004249,31,Aetna,outpatient,imaging,orthopedics,in_network,True,True,False,39,1458.29,758.89,0.205,False,False,True,,0
CLM004250,18,Humana,professional,pharmacy,respiratory,in_network,True,True,True,69,71.52,55.17,0.026,False,True,True,,0
CLM004251,76,Cigna,outpatient,evaluation,oncology,in_network,False,True,True,17,360.63,190.97,0.063,False,False,True,,0
CLM004252,20,BlueCross,inpatient,pharmacy,general,in_network,True,True,False,36,143.15,81.96,0.146,False,False,True,incomplete_documentation,1
CLM004253,58,Humana,outpatient,pharmacy,general,in_network,False,True,True,25,134.47,99.81,0.414,False,False,True,,0
CLM004254,52,BlueCross,outpatient,lab,orthopedics,in_network,False,True,True,43,206.48,147.51,0.077,False,False,True,,0
CLM004255,39,United,professional,evaluation,cardiology,in_network,False,True,True,25,147.33,109.06,0.16,True,False,True,,0
CLM004256,60,Cigna,inpatient,lab,oncology,in_network,True,True,False,19,213.95,161.97,0.068,False,False,True,,0
CLM004257,61,Humana,inpatient,pharmacy,orthopedics,in_network,True,True,True,48,220.11,180.24,0.189,False,False,True,,0
CLM004258,23,BlueCross,outpatient,lab,general,in_network,False,True,True,23,163.79,112.36,0.16,False,False,True,,1
CLM004259,24,United,pharmacy,lab,oncology,out_of_network,False,True,True,44,281.6,180.25,0.133,False,False,True,,0
CLM004260,74,BlueCross,outpatient,pharmacy,orthopedics,in_network,False,True,True,60,198.64,150.2,0.242,False,False,True,,0
CLM004261,29,Cigna,pharmacy,evaluation,orthopedics,in_network,False,True,True,47,414.4,279.15,0.08,True,False,True,,0
CLM004262,22,United,pharmacy,pharmacy,general,in_network,False,True,True,8,257.12,134.43,0.087,False,False,True,,0
CLM004263,31,United,outpatient,imaging,cardiology,in_network,True,True,True,19,1023.91,608.6,0.329,False,False,True,,0
CLM004264,65,Humana,professional,surgery,general,in_network,True,False,True,23,8134.57,5853.62,0.289,False,False,True,missing_prior_authorization,1
CLM004265,31,Humana,professional,lab,orthopedics,in_network,True,True,True,41,119.14,91.21,0.098,False,False,True,,0
CLM004266,66,Humana,outpatient,lab,general,out_of_network,False,True,True,26,239.48,167.64,0.045,False,False,True,,0
CLM004267,86,Cigna,outpatient,lab,oncology,out_of_network,True,True,True,58,581.54,322.67,0.09,False,False,True,,0
CLM004268,49,Humana,professional,lab,oncology,in_network,True,True,True,16,152.97,113.77,0.164,False,True,True,,0
CLM004269,88,Cigna,professional,evaluation,orthopedics,in_network,False,True,True,48,568.52,373.88,0.198,False,False,True,,0
CLM004270,51,Cigna,professional,surgery,respiratory,in_network,True,False,True,32,5543.47,3311.96,0.069,True,False,True,duplicate_claim,1
CLM004271,82,BlueCross,pharmacy,evaluation,respiratory,in_network,False,True,False,19,459.95,297.61,0.317,True,False,True,duplicate_claim,1
CLM004272,18,BlueCross,outpatient,evaluation,oncology,in_network,False,True,True,32,373.3,280.94,0.198,False,False,True,,1
CLM004273,69,Aetna,professional,therapy,oncology,in_network,True,False,True,86,1027.48,732.55,0.259,False,False,True,missing_prior_authorization,1
CLM004274,56,Humana,professional,lab,oncology,in_network,False,True,True,30,79.61,49.44,0.062,False,False,True,,0
CLM004275,79,Aetna,outpatient,surgery,oncology,in_network,True,True,False,23,6421.38,5217.27,0.191,False,False,True,,0
CLM004276,39,Aetna,inpatient,imaging,general,in_network,True,True,True,36,2864.26,2288.34,0.202,False,False,True,,0
CLM004277,81,BlueCross,outpatient,evaluation,cardiology,in_network,False,False,False,28,351.04,187.6,0.123,False,True,True,coding_mismatch,1
CLM004278,34,Aetna,professional,lab,orthopedics,in_network,False,True,True,19,304.49,239.23,0.122,False,False,True,,0
CLM004279,51,Humana,outpatient,imaging,general,in_network,True,True,True,21,924.82,659.52,0.119,False,False,True,,0
CLM004280,25,Aetna,professional,pharmacy,respiratory,in_network,False,True,True,1,120.07,65.09,0.01,False,False,True,,0
CLM004281,31,Cigna,inpatient,evaluation,orthopedics,in_network,True,False,True,79,577.04,391.23,0.228,False,False,True,missing_prior_authorization,1
CLM004282,62,Humana,outpatient,evaluation,oncology,in_network,True,True,True,49,326.81,170.36,0.069,False,False,True,,0
CLM004283,43,Cigna,professional,lab,cardiology,in_network,False,True,True,5,1025.88,870.97,0.166,False,False,True,,0
CLM004284,79,Cigna,inpatient,pharmacy,cardiology,in_network,True,True,True,14,208.4,159.44,0.08,False,False,True,,0
CLM004285,84,BlueCross,pharmacy,surgery,general,in_network,True,True,True,19,13084.75,10731.81,0.186,False,False,True,,0
CLM004286,26,Cigna,inpatient,surgery,respiratory,out_of_network,True,False,True,35,19982.35,13895.26,0.303,False,False,True,network_coverage,1
CLM004287,75,Humana,pharmacy,pharmacy,cardiology,in_network,False,True,True,37,243.41,202.14,0.142,False,False,True,,0
CLM004288,70,Cigna,outpatient,pharmacy,respiratory,in_network,False,True,True,22,281.06,167.02,0.071,False,False,True,,0
CLM004289,64,Humana,pharmacy,therapy,oncology,in_network,True,True,True,15,882.57,647.04,0.198,False,False,True,,0
CLM004290,52,United,professional,imaging,oncology,in_network,True,False,True,7,1334.61,746.09,0.235,False,False,True,,0
CLM004291,65,BlueCross,inpatient,lab,general,in_network,True,True,False,36,184.69,151.86,0.193,False,False,True,incomplete_documentation,1
CLM004292,18,Aetna,inpatient,evaluation,general,out_of_network,True,True,True,13,705.86,389.43,0.043,False,False,True,,0
CLM004293,35,Cigna,inpatient,evaluation,cardiology,in_network,True,True,True,36,698.31,499.81,0.15,False,False,True,,0
CLM004294,53,BlueCross,professional,lab,orthopedics,in_network,False,True,True,58,172.85,122.7,0.044,False,False,True,,0
CLM004295,78,Aetna,professional,imaging,orthopedics,in_network,True,False,True,29,2902.36,1675.31,0.079,False,False,True,,0
CLM004296,78,Humana,outpatient,evaluation,general,in_network,False,True,True,11,199.78,141.03,0.302,False,False,True,,0
CLM004297,57,Humana,outpatient,evaluation,respiratory,in_network,False,True,True,2,344.39,228.01,0.156,True,False,True,,0
CLM004298,86,Humana,professional,lab,respiratory,in_network,False,True,True,7,119.94,64.1,0.058,False,False,True,,0
CLM004299,85,Humana,outpatient,therapy,cardiology,in_network,True,True,True,54,211.79,163.18,0.1,False,False,True,,0
CLM004300,51,Cigna,professional,pharmacy,general,out_of_network,False,True,True,91,237.59,150.45,0.131,False,False,True,,0
CLM004301,23,Cigna,outpatient,surgery,oncology,in_network,True,True,True,8,11525.1,6624.17,0.03,False,False,True,,0
CLM004302,50,BlueCross,professional,therapy,orthopedics,out_of_network,True,False,True,31,626.35,344.15,0.244,True,False,True,duplicate_claim,1
CLM004303,68,Humana,pharmacy,therapy,oncology,out_of_network,True,False,True,41,1528.06,1152.04,0.143,False,False,True,network_coverage,1
CLM004304,42,United,outpatient,therapy,oncology,out_of_network,True,True,True,50,381.0,252.47,0.223,False,False,True,network_coverage,1
CLM004305,83,United,inpatient,evaluation,orthopedics,out_of_network,True,False,True,121,452.7,383.4,0.097,True,False,True,duplicate_claim,1
CLM004306,45,Cigna,inpatient,therapy,general,in_network,True,True,True,3,351.42,296.99,0.251,False,False,False,,0
CLM004307,77,Aetna,outpatient,therapy,general,in_network,True,True,True,13,401.8,235.37,0.242,False,False,True,,0
CLM004308,52,United,outpatient,imaging,cardiology,in_network,True,True,False,11,1013.22,561.17,0.292,False,True,True,coding_mismatch,1
CLM004309,48,Cigna,pharmacy,evaluation,general,in_network,True,False,False,63,278.38,192.11,0.148,False,False,False,coverage_inactive,1
CLM004310,23,Humana,professional,imaging,oncology,in_network,True,True,True,41,1266.43,738.19,0.466,False,True,True,,0
CLM004311,38,BlueCross,outpatient,imaging,respiratory,in_network,True,True,False,59,764.38,515.7,0.064,True,False,True,duplicate_claim,1
CLM004312,64,United,professional,therapy,respiratory,out_of_network,True,True,True,11,1046.47,587.94,0.091,False,False,True,network_coverage,1
CLM004313,51,United,outpatient,therapy,oncology,in_network,True,True,True,70,842.35,565.38,0.183,False,False,True,,0
CLM004314,43,Aetna,professional,pharmacy,respiratory,in_network,False,True,True,35,206.51,115.7,0.353,False,False,False,,0
CLM004315,25,Cigna,inpatient,evaluation,respiratory,in_network,True,True,True,13,308.12,263.79,0.247,False,False,True,,1
CLM004316,65,Cigna,professional,evaluation,general,in_network,True,True,True,32,296.6,168.11,0.142,False,True,True,,0
CLM004317,61,Humana,pharmacy,lab,oncology,in_network,False,True,False,36,365.98,209.06,0.179,False,False,True,,0
CLM004318,63,BlueCross,professional,therapy,respiratory,in_network,True,True,True,32,308.96,177.2,0.143,False,False,True,,0
CLM004319,25,Aetna,professional,pharmacy,general,in_network,False,True,True,52,249.62,160.31,0.104,False,False,True,,0
CLM004320,81,BlueCross,outpatient,lab,general,in_network,False,True,True,29,201.42,116.44,0.027,False,False,True,,0
CLM004321,33,Cigna,professional,evaluation,cardiology,in_network,False,True,True,21,274.04,184.11,0.016,True,False,True,,0
CLM004322,38,BlueCross,outpatient,therapy,oncology,in_network,True,False,True,12,459.3,303.32,0.262,False,False,True,,0
CLM004323,33,Cigna,professional,surgery,oncology,in_network,True,True,True,39,9861.32,7655.19,0.323,False,False,True,,0
CLM004324,85,BlueCross,inpatient,therapy,respiratory,in_network,True,True,True,38,255.19,193.96,0.044,False,False,True,,0
CLM004325,53,Humana,outpatient,surgery,respiratory,out_of_network,True,True,True,15,8081.48,6697.9,0.044,False,False,True,network_coverage,1
CLM004326,65,Cigna,outpatient,imaging,general,in_network,True,False,True,30,1019.79,853.07,0.123,False,False,True,,0
CLM004327,69,Aetna,inpatient,surgery,oncology,out_of_network,True,False,True,18,14033.63,8629.85,0.081,False,False,True,network_coverage,1
CLM004328,62,Humana,professional,surgery,respiratory,in_network,True,True,True,16,4029.3,2407.55,0.285,False,False,True,,0
CLM004329,70,BlueCross,professional,lab,general,in_network,False,True,True,73,360.27,287.16,0.358,False,True,True,,0
CLM004330,57,BlueCross,pharmacy,pharmacy,cardiology,out_of_network,False,True,True,15,525.35,335.1,0.161,False,False,True,,0
CLM004331,63,Humana,inpatient,lab,respiratory,in_network,True,False,True,74,165.01,132.31,0.119,False,False,True,,0
CLM004332,32,BlueCross,pharmacy,evaluation,orthopedics,in_network,False,True,False,38,336.73,286.74,0.118,False,False,True,,0
CLM004333,48,Aetna,inpatient,therapy,general,in_network,True,True,False,41,761.04,509.92,0.356,False,False,True,,0
CLM004334,18,BlueCross,outpatient,imaging,oncology,in_network,True,True,True,13,1299.99,1061.87,0.134,False,False,True,,0
CLM004335,54,BlueCross,professional,surgery,respiratory,in_network,True,True,True,62,8044.92,5292.07,0.163,False,False,True,,0
CLM004336,58,Humana,inpatient,pharmacy,respiratory,in_network,True,False,True,12,291.44,201.43,0.255,False,False,True,missing_prior_authorization,1
CLM004337,55,Humana,inpatient,therapy,orthopedics,in_network,True,False,True,31,852.08,671.86,0.389,False,False,False,coverage_inactive,1
CLM004338,83,Aetna,inpatient,pharmacy,oncology,out_of_network,True,True,True,97,204.2,164.98,0.123,False,False,True,network_coverage,1
CLM004339,53,Humana,outpatient,lab,respiratory,out_of_network,True,True,True,25,244.72,127.9,0.056,False,False,True,,0
CLM004340,79,Humana,professional,evaluation,respiratory,in_network,False,True,True,18,413.45,224.02,0.059,False,False,True,,1
CLM004341,56,Aetna,inpatient,evaluation,orthopedics,in_network,True,True,True,19,252.3,192.07,0.108,False,False,True,,0
CLM004342,23,BlueCross,inpatient,pharmacy,general,in_network,True,True,True,18,123.14,80.6,0.241,False,False,True,,0
CLM004343,21,Humana,outpatient,imaging,cardiology,in_network,True,True,True,15,1034.41,760.49,0.459,False,False,True,,1
CLM004344,40,Cigna,outpatient,pharmacy,orthopedics,out_of_network,False,True,True,49,166.66,107.06,0.259,False,False,True,,0
CLM004345,74,BlueCross,professional,lab,general,in_network,False,True,False,39,132.78,110.36,0.347,False,False,True,incomplete_documentation,1
CLM004346,52,Humana,pharmacy,evaluation,respiratory,in_network,False,True,True,25,690.56,489.79,0.022,False,False,True,,0
CLM004347,44,Humana,professional,therapy,oncology,in_network,True,True,True,30,270.61,182.27,0.087,False,False,True,,0
CLM004348,53,Cigna,professional,therapy,oncology,in_network,True,False,True,6,497.9,409.44,0.168,False,False,True,missing_prior_authorization,1
CLM004349,85,Aetna,outpatient,lab,general,in_network,False,True,True,4,102.53,55.93,0.275,False,False,True,,0
CLM004350,31,Humana,professional,evaluation,orthopedics,in_network,False,False,True,33,682.42,514.6,0.126,False,False,True,,0
CLM004351,60,Aetna,outpatient,surgery,orthopedics,in_network,True,True,True,14,9436.17,5688.06,0.252,False,False,True,,0
CLM004352,67,United,inpatient,therapy,oncology,in_network,True,True,False,52,959.28,564.9,0.344,False,False,True,incomplete_documentation,1
CLM004353,77,Aetna,professional,therapy,general,in_network,True,True,True,11,339.98,230.32,0.085,False,False,True,,0
CLM004354,52,Aetna,inpatient,evaluation,oncology,in_network,True,True,True,3,985.39,795.05,0.155,False,True,True,,0
CLM004355,85,BlueCross,pharmacy,lab,respiratory,out_of_network,False,True,True,7,189.75,125.89,0.162,False,False,True,network_coverage,1
CLM004356,79,BlueCross,professional,evaluation,general,in_network,False,True,True,32,431.37,230.18,0.191,False,False,True,,0
CLM004357,25,BlueCross,pharmacy,therapy,general,in_network,True,True,True,7,160.85,110.13,0.183,False,False,True,,0
CLM004358,36,United,outpatient,evaluation,oncology,in_network,True,False,True,26,272.92,177.41,0.171,False,False,True,,0
CLM004359,35,BlueCross,outpatient,evaluation,oncology,in_network,False,False,True,6,325.41,235.82,0.136,False,False,False,,0
CLM004360,83,United,professional,evaluation,cardiology,in_network,False,True,True,16,335.91,227.26,0.127,False,True,True,,0
CLM004361,26,Aetna,outpatient,evaluation,cardiology,out_of_network,False,True,False,25,364.2,233.66,0.161,False,False,True,network_coverage,1
CLM004362,77,Humana,outpatient,therapy,oncology,out_of_network,True,True,True,36,790.03,658.87,0.176,False,False,True,,0
CLM004363,87,Aetna,professional,surgery,respiratory,in_network,True,False,True,14,7270.65,5339.9,0.279,False,False,True,missing_prior_authorization,1
CLM004364,47,BlueCross,pharmacy,evaluation,general,in_network,False,True,True,18,643.78,488.76,0.06,False,False,True,,0
CLM004365,28,Aetna,professional,imaging,oncology,in_network,True,True,True,12,1677.27,1012.16,0.203,False,False,True,,0
CLM004366,76,BlueCross,inpatient,surgery,oncology,out_of_network,True,False,True,16,6816.39,4692.96,0.209,False,False,True,network_coverage,1
CLM004367,49,Cigna,outpatient,evaluation,general,in_network,False,True,False,23,402.36,243.6,0.166,False,False,True,,0
CLM004368,63,United,professional,lab,orthopedics,out_of_network,False,True,True,29,313.5,221.66,0.235,False,False,True,,0
CLM004369,39,Humana,inpatient,therapy,cardiology,out_of_network,True,True,True,36,231.65,128.88,0.141,False,False,False,coverage_inactive,1
CLM004370,50,Humana,outpatient,pharmacy,general,in_network,False,True,True,28,386.48,324.6,0.113,False,False,True,,0
CLM004371,46,Cigna,outpatient,surgery,oncology,in_network,True,True,True,12,5827.27,3299.02,0.131,False,False,True,,0
CLM004372,54,BlueCross,inpatient,imaging,cardiology,out_of_network,True,True,False,24,1922.1,1205.27,0.134,False,False,True,network_coverage,1
CLM004373,19,BlueCross,outpatient,imaging,orthopedics,in_network,True,True,True,69,1608.66,913.93,0.094,False,True,True,coding_mismatch,1
CLM004374,57,Aetna,outpatient,surgery,orthopedics,in_network,True,False,True,8,9277.73,5767.24,0.073,False,False,True,,0
CLM004375,38,Humana,professional,evaluation,orthopedics,in_network,False,True,True,31,477.58,263.38,0.32,False,False,True,,0
CLM004376,34,Humana,outpatient,evaluation,oncology,in_network,False,True,True,62,496.75,412.02,0.064,False,False,True,,0
CLM004377,84,Cigna,professional,therapy,general,in_network,True,True,True,22,530.78,338.36,0.058,False,False,True,,0
CLM004378,29,Cigna,outpatient,surgery,respiratory,out_of_network,True,True,True,2,8084.13,5706.98,0.036,False,False,True,,0
CLM004379,77,BlueCross,pharmacy,therapy,general,in_network,True,True,True,29,510.1,367.52,0.218,False,False,True,,0
CLM004380,74,United,inpatient,imaging,general,in_network,True,True,True,21,2296.79,1347.82,0.094,False,False,True,,0
CLM004381,45,United,outpatient,evaluation,orthopedics,in_network,False,True,False,37,316.56,269.94,0.257,False,False,True,,0
CLM004382,24,Cigna,outpatient,therapy,cardiology,out_of_network,True,False,True,27,340.45,280.1,0.175,False,False,True,network_coverage,1
CLM004383,65,Humana,outpatient,imaging,cardiology,in_network,True,True,True,16,2263.06,1333.92,0.194,False,False,True,,0
CLM004384,67,BlueCross,outpatient,evaluation,respiratory,in_network,False,True,False,12,272.54,229.59,0.128,False,False,True,incomplete_documentation,1
CLM004385,32,Aetna,professional,evaluation,orthopedics,in_network,False,True,False,51,498.79,421.13,0.122,False,False,True,,0
CLM004386,81,BlueCross,pharmacy,lab,respiratory,out_of_network,False,True,True,10,251.11,181.21,0.111,False,False,False,coverage_inactive,1
CLM004387,41,United,outpatient,evaluation,oncology,in_network,False,True,True,42,422.7,231.84,0.111,False,False,True,,0
CLM004388,49,Cigna,inpatient,therapy,general,in_network,True,True,False,12,432.72,229.35,0.115,False,False,True,,0
CLM004389,85,United,professional,imaging,oncology,in_network,True,True,True,21,1023.08,723.34,0.168,False,False,True,,0
CLM004390,73,BlueCross,professional,surgery,general,in_network,True,True,True,3,11472.18,8187.8,0.083,False,True,True,,0
CLM004391,49,Cigna,outpatient,evaluation,orthopedics,in_network,False,True,True,98,234.97,193.25,0.164,False,False,True,,0
CLM004392,80,Aetna,professional,pharmacy,respiratory,in_network,False,True,True,6,89.04,68.17,0.229,False,False,True,,0
CLM004393,42,Humana,outpatient,therapy,oncology,in_network,True,False,True,37,673.88,441.24,0.316,False,False,True,missing_prior_authorization,1
CLM004394,38,BlueCross,professional,therapy,cardiology,in_network,True,True,True,61,375.24,289.63,0.132,False,False,True,,0
CLM004395,67,Aetna,outpatient,evaluation,orthopedics,in_network,False,True,True,16,381.43,292.93,0.136,False,False,True,,0
CLM004396,36,BlueCross,outpatient,lab,orthopedics,in_network,False,True,True,34,265.95,171.97,0.114,False,False,True,,0
CLM004397,57,Humana,outpatient,imaging,cardiology,in_network,True,True,True,28,1838.07,1280.05,0.272,False,False,True,,0
CLM004398,56,United,professional,lab,general,in_network,False,True,True,31,357.12,261.44,0.087,False,False,True,,1
CLM004399,55,United,inpatient,pharmacy,orthopedics,out_of_network,True,True,True,24,327.53,197.05,0.057,False,False,True,,0
CLM004400,83,BlueCross,professional,evaluation,oncology,in_network,False,True,True,16,443.64,268.81,0.317,True,False,False,duplicate_claim,1
CLM004401,45,Cigna,professional,pharmacy,oncology,in_network,False,True,True,59,293.62,202.45,0.164,False,True,True,coding_mismatch,1
CLM004402,68,Cigna,professional,imaging,oncology,out_of_network,True,True,True,46,1432.71,1164.99,0.168,False,True,True,,0
CLM004403,47,Humana,inpatient,therapy,respiratory,in_network,True,True,True,16,368.86,280.76,0.116,False,False,True,,0
CLM004404,31,Humana,outpatient,therapy,general,in_network,True,False,True,31,637.35,375.83,0.112,False,False,True,,0
CLM004405,44,Aetna,outpatient,surgery,general,in_network,True,False,True,27,4274.4,2282.29,0.107,False,False,True,,0
CLM004406,46,Aetna,professional,surgery,general,out_of_network,True,True,True,20,7021.7,5886.69,0.071,False,False,True,,0
CLM004407,30,Cigna,pharmacy,evaluation,oncology,out_of_network,False,True,True,25,213.72,134.49,0.087,False,False,True,network_coverage,1
CLM004408,59,Cigna,outpatient,evaluation,respiratory,in_network,False,True,True,36,552.54,382.93,0.117,False,False,True,,0
CLM004409,89,United,professional,evaluation,cardiology,in_network,False,True,True,25,546.99,291.73,0.172,False,False,True,,0
CLM004410,44,United,outpatient,surgery,general,out_of_network,True,True,True,8,18008.43,11802.08,0.094,False,False,True,,0
CLM004411,57,Aetna,outpatient,therapy,cardiology,in_network,True,True,True,10,497.36,302.72,0.29,False,False,True,,0
CLM004412,31,Cigna,inpatient,imaging,cardiology,in_network,True,True,True,40,1104.34,937.4,0.033,False,False,True,,0
CLM004413,39,Cigna,professional,imaging,general,in_network,True,False,True,6,1221.5,778.3,0.215,False,False,True,missing_prior_authorization,1
CLM004414,76,Cigna,inpatient,therapy,respiratory,in_network,True,False,True,26,578.46,334.05,0.108,False,True,True,,0
CLM004415,29,Aetna,outpatient,lab,cardiology,in_network,False,True,True,34,325.71,247.53,0.201,False,False,False,coverage_inactive,1
CLM004416,67,United,professional,pharmacy,general,in_network,True,False,True,27,118.11,76.86,0.152,False,False,True,missing_prior_authorization,1
CLM004417,86,Aetna,outpatient,lab,cardiology,in_network,False,True,True,8,328.6,258.52,0.061,False,False,True,,0
CLM004418,74,United,inpatient,imaging,cardiology,in_network,True,True,True,3,2200.3,1163.39,0.045,False,False,True,,0
CLM004419,73,United,inpatient,imaging,general,in_network,True,True,False,6,1953.94,1268.45,0.105,True,True,True,duplicate_claim,1
CLM004420,29,United,outpatient,evaluation,orthopedics,out_of_network,False,True,True,28,232.03,122.19,0.023,False,False,True,,0
CLM004421,23,Aetna,outpatient,imaging,orthopedics,out_of_network,True,True,True,3,2551.05,1361.63,0.165,False,False,True,,0
CLM004422,29,Cigna,outpatient,surgery,respiratory,in_network,True,True,True,20,8887.54,5592.98,0.181,True,False,True,,0
CLM004423,77,Aetna,professional,lab,respiratory,out_of_network,False,True,True,41,649.31,366.24,0.019,True,True,True,duplicate_claim,1
CLM004424,24,Humana,outpatient,surgery,oncology,out_of_network,True,False,True,43,11733.92,8236.2,0.28,False,False,True,,0
CLM004425,27,United,professional,therapy,general,in_network,True,True,True,20,800.49,683.39,0.154,False,False,True,,0
CLM004426,65,Cigna,outpatient,therapy,cardiology,in_network,True,True,True,36,942.01,779.46,0.155,False,False,True,,1
CLM004427,22,Aetna,outpatient,imaging,general,in_network,True,True,True,12,1951.16,1343.29,0.24,False,False,True,,0
CLM004428,82,BlueCross,inpatient,evaluation,orthopedics,in_network,True,True,True,40,262.35,175.63,0.197,False,False,True,,0
CLM004429,67,Aetna,outpatient,lab,respiratory,in_network,False,True,True,37,296.12,244.56,0.153,False,False,True,,0
CLM004430,79,Cigna,inpatient,therapy,orthopedics,out_of_network,True,True,True,21,458.0,335.15,0.158,False,False,True,,0
CLM004431,67,BlueCross,outpatient,imaging,orthopedics,in_network,True,True,True,12,1052.31,817.06,0.168,False,False,True,,0
CLM004432,36,United,pharmacy,therapy,orthopedics,out_of_network,True,True,True,20,1110.56,781.03,0.015,False,False,True,,0
CLM004433,63,BlueCross,professional,lab,oncology,in_network,False,True,True,25,243.48,145.1,0.102,False,False,True,,0
CLM004434,42,BlueCross,outpatient,therapy,general,in_network,True,False,True,47,457.93,291.75,0.146,False,False,True,missing_prior_authorization,1
CLM004435,86,BlueCross,outpatient,lab,cardiology,out_of_network,False,True,True,17,676.68,567.83,0.172,False,False,True,,0
CLM004436,52,United,outpatient,pharmacy,respiratory,in_network,False,False,True,36,366.61,257.48,0.17,False,False,True,,1
CLM004437,61,BlueCross,professional,surgery,general,in_network,True,True,True,17,5673.02,3617.67,0.229,False,False,True,,0
CLM004438,19,United,outpatient,pharmacy,respiratory,in_network,False,True,True,35,204.92,107.21,0.208,False,False,True,,0
CLM004439,28,Humana,outpatient,pharmacy,general,in_network,False,True,True,14,163.51,106.71,0.159,False,False,True,,0
CLM004440,66,BlueCross,outpatient,lab,cardiology,in_network,False,True,True,59,213.95,133.17,0.109,False,False,True,,0
CLM004441,85,Cigna,inpatient,lab,orthopedics,in_network,True,True,True,49,382.35,252.97,0.188,False,False,True,,0
CLM004442,33,Aetna,outpatient,lab,oncology,in_network,False,True,True,23,323.91,221.99,0.265,False,True,True,,0
CLM004443,86,United,professional,pharmacy,oncology,in_network,False,True,True,6,95.64,70.51,0.038,False,False,True,,0
CLM004444,76,United,pharmacy,therapy,orthopedics,in_network,True,False,True,16,809.86,674.0,0.054,False,False,True,missing_prior_authorization,1
CLM004445,68,BlueCross,inpatient,therapy,orthopedics,in_network,True,True,True,28,397.15,283.12,0.065,False,False,True,,0
CLM004446,55,Aetna,outpatient,imaging,general,in_network,True,True,False,49,1650.65,1354.33,0.056,False,False,True,incomplete_documentation,1
CLM004447,18,Cigna,outpatient,evaluation,orthopedics,in_network,True,False,False,10,458.26,391.49,0.104,False,False,True,incomplete_documentation,1
CLM004448,29,Humana,outpatient,imaging,general,in_network,True,True,False,37,1902.68,1016.57,0.231,False,False,True,incomplete_documentation,1
CLM004449,26,Humana,outpatient,imaging,cardiology,out_of_network,True,True,True,28,1419.3,765.6,0.121,False,False,True,,0
CLM004450,71,Aetna,inpatient,surgery,oncology,out_of_network,True,True,False,17,15184.51,12689.03,0.093,False,False,True,network_coverage,1
CLM004451,37,Aetna,professional,lab,respiratory,in_network,False,True,True,23,351.1,190.92,0.209,False,False,True,,0
CLM004452,76,BlueCross,pharmacy,pharmacy,general,in_network,False,True,True,12,184.11,107.62,0.062,False,True,True,,0
CLM004453,71,Humana,professional,evaluation,respiratory,in_network,False,True,True,34,273.97,156.03,0.022,False,False,True,,0
CLM004454,79,BlueCross,professional,surgery,cardiology,in_network,True,True,True,26,5868.96,4168.93,0.069,False,False,True,,0
CLM004455,80,United,outpatient,lab,respiratory,in_network,False,True,True,15,537.64,373.47,0.131,False,False,True,,0
CLM004456,25,BlueCross,outpatient,evaluation,orthopedics,out_of_network,False,True,True,67,264.92,147.88,0.318,False,False,True,,0
CLM004457,65,United,inpatient,therapy,general,in_network,True,True,False,35,321.83,234.86,0.38,False,False,True,,0
CLM004458,51,United,professional,imaging,respiratory,out_of_network,True,True,True,34,2034.91,1068.77,0.15,False,False,True,network_coverage,1
CLM004459,73,Humana,inpatient,lab,cardiology,in_network,True,True,True,23,152.77,123.53,0.229,False,False,True,,0
CLM004460,21,Aetna,professional,therapy,orthopedics,in_network,True,True,True,26,1098.21,649.92,0.211,False,False,True,,0
CLM004461,49,Aetna,outpatient,pharmacy,general,in_network,False,True,True,10,113.13,67.39,0.253,False,False,True,,0
CLM004462,87,Aetna,outpatient,evaluation,general,in_network,False,True,True,16,366.1,276.13,0.025,False,False,True,,0
CLM004463,18,Humana,outpatient,imaging,respiratory,in_network,True,False,True,40,2056.48,1447.6,0.191,False,True,True,coding_mismatch,1
CLM004464,51,Humana,pharmacy,evaluation,orthopedics,in_network,False,True,True,39,196.0,146.1,0.095,False,False,True,,0
CLM004465,39,United,outpatient,surgery,orthopedics,in_network,True,True,False,10,6433.24,3686.53,0.055,False,False,True,,0
CLM004466,72,United,inpatient,evaluation,respiratory,out_of_network,True,True,True,12,479.39,307.17,0.145,False,False,True,,0
CLM004467,47,BlueCross,outpatient,lab,oncology,in_network,False,True,True,35,177.81,112.5,0.081,False,False,False,,0
CLM004468,36,BlueCross,professional,surgery,orthopedics,out_of_network,True,False,True,36,15051.94,12791.26,0.112,False,False,True,,0
CLM004469,60,Humana,pharmacy,lab,orthopedics,in_network,False,True,True,13,216.2,168.67,0.201,False,False,True,,0
CLM004470,33,Humana,outpatient,surgery,cardiology,in_network,True,True,False,40,9684.53,8179.72,0.083,False,False,True,,0
CLM004471,54,BlueCross,pharmacy,surgery,oncology,in_network,True,True,False,13,12534.29,9039.2,0.202,False,False,True,incomplete_documentation,1
CLM004472,52,Aetna,outpatient,therapy,oncology,in_network,True,True,True,21,329.52,248.57,0.503,False,False,True,,0
CLM004473,89,Aetna,professional,evaluation,oncology,in_network,False,True,True,22,337.09,203.7,0.338,False,False,True,,0
CLM004474,61,United,inpatient,evaluation,general,in_network,True,True,False,39,303.38,169.41,0.144,True,False,True,,0
CLM004475,84,BlueCross,outpatient,lab,respiratory,in_network,False,True,True,46,158.63,112.02,0.133,False,False,True,,0
CLM004476,37,Humana,professional,imaging,oncology,out_of_network,True,True,True,17,2636.47,2018.89,0.234,False,False,True,,0
CLM004477,21,United,outpatient,therapy,orthopedics,in_network,True,False,False,32,231.54,171.46,0.218,False,False,True,incomplete_documentation,1
CLM004478,43,United,outpatient,lab,respiratory,in_network,False,True,True,76,129.51,107.64,0.08,False,False,True,,0
CLM004479,50,Cigna,professional,surgery,general,in_network,True,False,True,51,12525.8,8073.23,0.058,False,False,True,missing_prior_authorization,1
CLM004480,47,Humana,pharmacy,pharmacy,cardiology,in_network,False,True,True,10,103.51,60.04,0.077,False,False,True,,0
CLM004481,18,Aetna,outpatient,pharmacy,orthopedics,in_network,False,True,True,24,421.73,240.47,0.197,False,False,True,,0
CLM004482,18,United,professional,imaging,cardiology,in_network,True,True,True,29,700.09,373.04,0.105,False,True,True,,0
CLM004483,57,United,professional,evaluation,orthopedics,out_of_network,False,True,False,22,898.2,635.65,0.191,False,False,True,,0
CLM004484,35,BlueCross,outpatient,evaluation,cardiology,out_of_network,False,True,True,25,683.38,431.81,0.158,False,False,True,,0
CLM004485,43,BlueCross,professional,surgery,oncology,in_network,True,True,True,37,4490.47,3003.93,0.019,False,False,True,,0
CLM004486,73,Humana,outpatient,evaluation,general,out_of_network,False,True,True,45,460.63,302.17,0.289,False,False,True,,0
CLM004487,45,Cigna,professional,imaging,general,in_network,True,True,True,43,715.84,502.96,0.108,False,False,True,,1
CLM004488,76,Humana,inpatient,imaging,orthopedics,in_network,True,True,True,38,934.21,620.85,0.256,False,False,True,,0
CLM004489,53,Aetna,outpatient,pharmacy,respiratory,in_network,False,True,True,10,157.83,123.67,0.174,False,False,True,,0
CLM004490,71,BlueCross,outpatient,evaluation,orthopedics,out_of_network,False,True,True,36,178.87,117.57,0.224,False,False,True,,0
CLM004491,38,Humana,outpatient,surgery,orthopedics,in_network,True,True,True,14,6666.43,5688.6,0.302,False,False,True,,0
CLM004492,28,United,professional,lab,respiratory,in_network,False,True,False,10,213.48,145.94,0.179,False,False,True,,0
CLM004493,36,Aetna,pharmacy,pharmacy,respiratory,in_network,True,True,True,17,175.15,107.1,0.092,False,False,True,,0
CLM004494,28,Humana,inpatient,lab,oncology,in_network,True,True,True,8,125.78,99.64,0.331,False,False,False,,0
CLM004495,52,Aetna,outpatient,pharmacy,cardiology,out_of_network,True,False,True,14,210.93,134.25,0.359,False,False,True,network_coverage,1
CLM004496,40,United,outpatient,evaluation,oncology,in_network,False,True,True,27,363.65,246.34,0.181,False,False,True,,0
CLM004497,37,BlueCross,outpatient,lab,orthopedics,in_network,False,True,True,45,329.63,201.86,0.05,False,False,True,,0
CLM004498,33,BlueCross,outpatient,evaluation,cardiology,out_of_network,False,True,True,40,1398.2,1107.23,0.123,False,False,True,,0
CLM004499,47,Humana,professional,evaluation,cardiology,in_network,True,True,True,21,553.25,393.97,0.11,False,True,True,,0
CLM004500,19,United,professional,evaluation,oncology,out_of_network,False,True,True,18,298.49,187.18,0.111,False,False,True,,0
CLM004501,45,Cigna,inpatient,lab,cardiology,out_of_network,True,True,True,5,252.27,193.43,0.145,False,False,True,,0
CLM004502,33,BlueCross,outpatient,imaging,respiratory,in_network,True,False,True,61,1597.46,934.6,0.118,False,False,True,,0
CLM004503,56,United,professional,imaging,cardiology,in_network,True,True,True,51,2395.16,1560.1,0.057,False,False,True,,0
CLM004504,52,United,outpatient,therapy,orthopedics,out_of_network,True,True,True,29,1440.71,906.05,0.278,False,True,True,coding_mismatch,1
CLM004505,50,Cigna,inpatient,evaluation,general,out_of_network,True,False,True,44,208.02,163.3,0.011,False,False,True,network_coverage,1
CLM004506,61,Aetna,outpatient,evaluation,respiratory,in_network,False,True,True,26,524.01,403.92,0.06,False,False,True,,0
CLM004507,22,United,outpatient,therapy,oncology,in_network,True,True,True,10,272.78,211.49,0.184,False,False,True,,0
CLM004508,24,Humana,outpatient,imaging,cardiology,in_network,True,True,True,6,1191.97,644.0,0.328,False,False,True,,0
CLM004509,52,Cigna,professional,imaging,cardiology,in_network,True,True,True,28,2099.5,1553.94,0.354,False,False,True,,0
CLM004510,45,Aetna,outpatient,evaluation,general,in_network,False,True,True,73,230.7,138.35,0.101,False,False,True,,1
CLM004511,39,United,professional,therapy,respiratory,in_network,True,False,True,1,392.74,332.89,0.134,False,False,True,,0
CLM004512,45,Humana,outpatient,evaluation,general,in_network,False,True,True,28,796.82,560.31,0.242,False,False,True,,0
CLM004513,35,BlueCross,professional,imaging,general,in_network,True,True,True,24,2798.3,2301.82,0.235,True,False,True,,0
CLM004514,27,BlueCross,inpatient,lab,cardiology,out_of_network,True,False,True,31,395.49,283.96,0.022,False,False,True,,0
CLM004515,34,BlueCross,inpatient,pharmacy,general,in_network,True,True,True,23,84.72,53.05,0.165,False,False,True,,0
CLM004516,86,United,outpatient,imaging,oncology,in_network,True,True,True,82,645.87,533.69,0.177,False,False,True,,0
CLM004517,26,Cigna,outpatient,imaging,respiratory,in_network,True,False,True,5,1434.5,977.96,0.052,False,False,False,coverage_inactive,1
CLM004518,89,United,outpatient,evaluation,oncology,in_network,False,True,False,16,414.16,216.14,0.153,False,False,True,,0
CLM004519,66,Humana,professional,therapy,respiratory,out_of_network,True,False,True,21,739.58,480.71,0.182,False,False,True,,0
CLM004520,26,BlueCross,outpatient,pharmacy,general,in_network,False,True,True,7,122.38,103.18,0.157,False,False,True,,0
CLM004521,75,Cigna,inpatient,pharmacy,general,in_network,True,True,True,40,189.84,100.63,0.078,False,True,True,coding_mismatch,1
CLM004522,37,United,outpatient,evaluation,oncology,out_of_network,False,True,True,18,721.04,414.89,0.118,False,True,True,coding_mismatch,1
CLM004523,53,Cigna,professional,imaging,orthopedics,in_network,True,True,True,15,1258.1,709.05,0.106,False,True,False,coverage_inactive,1
CLM004524,18,Humana,professional,therapy,respiratory,in_network,True,False,True,41,323.13,235.24,0.348,False,False,True,missing_prior_authorization,1
CLM004525,19,Aetna,professional,pharmacy,oncology,in_network,False,True,True,22,202.44,160.74,0.077,False,False,True,,0
CLM004526,74,Cigna,outpatient,lab,orthopedics,in_network,False,True,True,10,295.2,154.29,0.241,False,False,True,,0
CLM004527,60,Cigna,professional,pharmacy,respiratory,in_network,False,True,True,9,165.72,132.76,0.046,False,False,True,,0
CLM004528,48,BlueCross,professional,evaluation,cardiology,in_network,False,True,True,23,385.28,219.03,0.136,False,False,True,,0
CLM004529,85,United,outpatient,imaging,oncology,in_network,True,False,True,46,1247.63,804.5,0.115,False,False,False,,0
CLM004530,88,BlueCross,outpatient,therapy,respiratory,in_network,True,True,True,13,254.33,196.22,0.15,False,False,True,,0
CLM004531,87,United,professional,evaluation,general,in_network,False,True,True,31,289.51,242.19,0.189,False,False,True,,1
CLM004532,53,Aetna,outpatient,imaging,respiratory,in_network,True,True,True,42,2128.99,1805.11,0.162,False,False,True,,0
CLM004533,77,Cigna,professional,lab,general,in_network,False,True,True,37,199.77,120.02,0.157,False,False,False,,0
CLM004534,22,Cigna,outpatient,evaluation,general,in_network,False,True,True,15,834.06,714.57,0.054,False,False,True,,0
CLM004535,70,BlueCross,outpatient,imaging,orthopedics,out_of_network,True,False,True,37,787.6,626.84,0.218,False,False,True,,0
CLM004536,77,Cigna,inpatient,lab,general,out_of_network,True,True,True,40,389.21,267.53,0.159,False,False,True,,0
CLM004537,18,United,professional,evaluation,orthopedics,in_network,False,True,True,7,438.68,322.19,0.214,False,False,True,,0
CLM004538,74,Cigna,professional,evaluation,respiratory,in_network,False,True,True,14,203.97,149.23,0.13,False,False,True,,1
CLM004539,81,Cigna,inpatient,therapy,orthopedics,in_network,True,True,True,20,476.37,391.72,0.131,False,False,True,,0
CLM004540,32,United,outpatient,pharmacy,oncology,in_network,False,True,True,15,71.96,47.13,0.343,False,False,True,,0
CLM004541,84,United,inpatient,pharmacy,respiratory,in_network,True,True,True,8,199.68,161.37,0.136,False,False,True,,0
CLM004542,31,Aetna,inpatient,lab,general,in_network,True,True,True,10,195.11,153.65,0.121,False,False,True,,0
CLM004543,86,Humana,pharmacy,imaging,general,in_network,True,False,True,19,1588.13,905.44,0.091,False,False,True,missing_prior_authorization,1
CLM004544,85,United,outpatient,evaluation,general,in_network,False,True,True,20,435.33,297.36,0.025,False,False,True,,0
CLM004545,53,United,outpatient,surgery,oncology,in_network,True,True,False,34,8402.19,6746.5,0.111,False,False,True,,0
CLM004546,89,United,outpatient,evaluation,general,out_of_network,False,True,False,21,269.09,228.65,0.044,False,False,True,,0
CLM004547,56,Aetna,pharmacy,therapy,cardiology,in_network,True,False,True,8,264.26,144.86,0.375,False,False,False,coverage_inactive,1
CLM004548,69,Humana,outpatient,lab,general,in_network,False,True,True,39,142.9,121.71,0.049,False,False,False,,0
CLM004549,50,United,professional,therapy,orthopedics,in_network,True,False,True,20,558.64,456.66,0.214,False,False,False,coverage_inactive,1
CLM004550,30,Cigna,outpatient,therapy,oncology,in_network,True,True,True,28,552.93,415.99,0.385,False,False,True,,0
CLM004551,40,Aetna,inpatient,pharmacy,general,in_network,True,False,True,20,70.77,45.77,0.171,False,False,True,missing_prior_authorization,1
CLM004552,32,Aetna,professional,surgery,respiratory,in_network,True,True,True,14,20863.3,17164.23,0.126,False,False,True,,0
CLM004553,32,BlueCross,inpatient,pharmacy,general,in_network,True,True,True,19,222.78,136.37,0.15,False,False,True,,0
CLM004554,65,United,professional,imaging,respiratory,in_network,True,True,True,36,1082.5,602.8,0.117,False,False,True,,0
CLM004555,22,Aetna,outpatient,evaluation,respiratory,in_network,False,True,True,47,239.13,124.8,0.07,False,False,True,,0
CLM004556,24,Humana,professional,pharmacy,cardiology,in_network,False,True,True,19,159.77,105.18,0.116,False,False,True,,0
CLM004557,84,Aetna,professional,lab,general,in_network,False,True,False,29,406.73,295.1,0.062,False,False,True,,0
CLM004558,32,United,professional,imaging,respiratory,out_of_network,True,True,True,6,2620.16,1559.54,0.102,False,False,True,network_coverage,1
CLM004559,60,Aetna,inpatient,evaluation,respiratory,in_network,True,True,True,5,320.14,171.96,0.145,False,False,True,,1
CLM004560,18,BlueCross,professional,evaluation,oncology,in_network,False,True,True,32,528.22,279.86,0.218,False,False,True,,0
CLM004561,71,Aetna,pharmacy,lab,general,in_network,False,True,True,36,338.01,259.42,0.02,False,True,True,coding_mismatch,1
CLM004562,56,Cigna,outpatient,therapy,oncology,in_network,True,False,True,12,445.75,290.31,0.116,False,False,True,missing_prior_authorization,1
CLM004563,19,Humana,outpatient,evaluation,cardiology,in_network,False,True,True,14,549.48,404.35,0.06,False,False,True,,0
CLM004564,62,Cigna,professional,surgery,cardiology,in_network,True,True,True,53,16371.87,10287.0,0.234,False,False,True,,0
CLM004565,29,Cigna,outpatient,therapy,respiratory,in_network,True,True,True,27,825.4,472.11,0.148,False,False,True,,0
CLM004566,87,Humana,professional,lab,respiratory,in_network,False,True,True,17,305.94,167.97,0.234,False,False,True,,1
CLM004567,54,Cigna,professional,imaging,orthopedics,out_of_network,True,False,True,44,2308.68,1201.33,0.089,False,False,True,network_coverage,1
CLM004568,24,Humana,inpatient,evaluation,respiratory,in_network,True,True,True,10,226.98,153.05,0.21,False,False,True,,0
CLM004569,52,BlueCross,outpatient,lab,general,out_of_network,True,True,False,57,134.27,74.65,0.199,False,False,True,network_coverage,1
CLM004570,83,Aetna,outpatient,pharmacy,oncology,out_of_network,False,True,True,23,296.59,250.23,0.129,False,False,True,,0
CLM004571,75,Aetna,outpatient,therapy,general,out_of_network,True,True,True,13,592.12,383.13,0.026,False,True,True,coding_mismatch,1
CLM004572,39,Aetna,professional,therapy,cardiology,in_network,True,True,True,60,408.97,335.85,0.111,False,False,True,,0
CLM004573,55,Aetna,outpatient,lab,oncology,out_of_network,False,True,True,7,171.83,94.05,0.11,False,False,True,network_coverage,1
CLM004574,81,Aetna,outpatient,lab,oncology,in_network,False,True,True,16,332.74,186.15,0.141,False,False,True,,0
CLM004575,46,Aetna,professional,evaluation,orthopedics,out_of_network,False,True,True,49,417.19,287.35,0.149,False,False,True,,0
CLM004576,66,Aetna,outpatient,evaluation,cardiology,in_network,False,False,True,17,210.81,167.53,0.099,False,False,True,,0
CLM004577,52,Humana,professional,evaluation,oncology,in_network,False,True,True,12,246.91,190.9,0.129,False,False,True,,0
CLM004578,41,BlueCross,inpatient,lab,orthopedics,in_network,True,True,True,37,146.16,87.3,0.071,False,False,True,,1
CLM004579,28,Cigna,outpatient,surgery,orthopedics,in_network,True,True,True,31,7972.25,5214.61,0.12,False,False,True,,0
CLM004580,81,Aetna,inpatient,imaging,orthopedics,in_network,True,True,True,38,1344.77,972.33,0.143,False,False,True,,0
CLM004581,57,United,professional,evaluation,oncology,in_network,False,True,True,34,416.29,259.27,0.102,False,False,True,,0
CLM004582,60,BlueCross,professional,lab,general,in_network,False,True,False,43,104.58,60.12,0.391,False,False,True,incomplete_documentation,1
CLM004583,19,Cigna,professional,therapy,oncology,in_network,True,True,False,30,518.0,347.66,0.087,False,False,False,coverage_inactive,1
CLM004584,65,Humana,pharmacy,lab,oncology,in_network,False,True,True,26,118.52,80.49,0.29,False,False,True,,0
CLM004585,32,United,professional,lab,orthopedics,in_network,False,True,True,49,196.49,116.9,0.161,False,False,True,,0
CLM004586,82,Humana,professional,evaluation,oncology,in_network,False,True,True,77,404.54,261.26,0.045,False,False,True,,0
CLM004587,65,Cigna,outpatient,therapy,orthopedics,in_network,True,True,True,28,438.82,252.93,0.018,False,False,True,,0
CLM004588,50,BlueCross,pharmacy,pharmacy,general,in_network,False,True,True,12,77.04,53.55,0.036,False,False,True,,1
CLM004589,45,BlueCross,professional,imaging,oncology,in_network,True,True,True,19,1092.47,871.57,0.13,False,False,True,,1
CLM004590,26,Aetna,pharmacy,therapy,oncology,in_network,True,True,True,9,983.58,588.59,0.105,False,False,True,,0
CLM004591,69,BlueCross,outpatient,imaging,cardiology,in_network,True,True,True,55,2149.17,1785.91,0.114,False,False,True,,0
CLM004592,23,Humana,outpatient,evaluation,general,out_of_network,False,True,True,17,1359.22,761.98,0.116,False,False,True,,0
CLM004593,86,BlueCross,professional,therapy,oncology,in_network,True,True,True,17,501.82,425.17,0.131,False,False,True,,0
CLM004594,41,BlueCross,outpatient,lab,cardiology,in_network,False,True,True,27,171.76,145.37,0.055,False,False,True,,1
CLM004595,83,Aetna,outpatient,evaluation,cardiology,in_network,False,True,False,12,279.69,198.63,0.133,False,False,True,,0
CLM004596,79,BlueCross,pharmacy,lab,orthopedics,out_of_network,False,True,True,13,345.47,259.37,0.188,False,False,True,,0
CLM004597,51,Aetna,outpatient,surgery,respiratory,in_network,True,False,True,8,8027.69,6309.89,0.153,False,False,True,,0
CLM004598,86,Cigna,outpatient,lab,cardiology,in_network,False,True,True,10,326.68,191.74,0.173,False,False,True,,0
CLM004599,67,BlueCross,outpatient,imaging,cardiology,in_network,True,True,True,32,1725.67,1092.04,0.14,False,False,True,,0
CLM004600,58,United,outpatient,pharmacy,oncology,in_network,False,False,True,28,101.92,64.36,0.117,True,False,True,,0
CLM004601,35,Cigna,professional,evaluation,oncology,in_network,True,True,False,16,496.06,309.04,0.148,False,False,True,incomplete_documentation,1
CLM004602,59,BlueCross,pharmacy,evaluation,general,out_of_network,False,True,False,85,487.94,302.9,0.084,True,False,True,duplicate_claim,1
CLM004603,61,Cigna,pharmacy,evaluation,respiratory,out_of_network,False,True,False,25,923.14,689.35,0.119,False,True,True,coding_mismatch,1
CLM004604,35,United,professional,evaluation,respiratory,in_network,False,True,True,53,529.3,343.92,0.169,False,False,True,,0
CLM004605,59,Aetna,professional,lab,orthopedics,in_network,False,True,True,20,393.05,243.78,0.192,False,False,True,,0
CLM004606,81,BlueCross,outpatient,imaging,respiratory,in_network,True,True,False,6,1307.09,1003.65,0.095,False,False,True,,0
CLM004607,52,Cigna,professional,lab,oncology,out_of_network,False,True,True,65,178.27,141.59,0.226,False,False,True,,0
CLM004608,46,Aetna,outpatient,pharmacy,orthopedics,out_of_network,False,True,True,78,475.88,269.82,0.402,False,False,True,network_coverage,1
CLM004609,61,Cigna,inpatient,pharmacy,orthopedics,in_network,True,True,True,59,273.53,186.6,0.13,False,False,True,,0
CLM004610,52,Aetna,pharmacy,evaluation,general,in_network,False,True,True,28,720.79,449.22,0.025,False,False,True,,0
CLM004611,65,United,professional,surgery,oncology,in_network,True,False,True,31,7440.55,5340.69,0.148,False,False,True,missing_prior_authorization,1
CLM004612,87,Humana,outpatient,surgery,oncology,in_network,True,True,True,20,10792.87,7201.08,0.176,True,False,True,,0
CLM004613,70,Aetna,professional,evaluation,respiratory,in_network,False,True,False,48,345.0,247.65,0.013,False,False,True,incomplete_documentation,1
CLM004614,75,Cigna,outpatient,imaging,orthopedics,in_network,True,True,True,27,1017.33,799.97,0.053,False,False,True,,0
CLM004615,33,BlueCross,outpatient,therapy,orthopedics,in_network,True,True,False,39,233.03,153.63,0.046,False,False,True,,0
CLM004616,72,Cigna,outpatient,lab,general,in_network,False,True,True,9,205.98,142.0,0.012,False,False,True,,0
CLM004617,22,Cigna,inpatient,lab,general,out_of_network,True,True,True,17,225.98,141.1,0.271,False,False,True,,0
CLM004618,50,United,outpatient,evaluation,oncology,in_network,True,True,True,40,593.13,326.47,0.048,False,False,True,,0
CLM004619,32,Aetna,outpatient,pharmacy,general,in_network,False,True,True,12,229.76,138.2,0.019,False,False,True,,0
CLM004620,28,Cigna,outpatient,evaluation,orthopedics,in_network,False,True,True,18,270.0,161.7,0.265,False,True,True,coding_mismatch,1
CLM004621,87,United,outpatient,therapy,respiratory,in_network,True,True,True,23,837.55,574.72,0.113,False,False,True,,0
CLM004622,43,Aetna,pharmacy,lab,cardiology,in_network,False,True,True,30,358.66,267.23,0.104,False,False,True,,0
CLM004623,56,BlueCross,professional,pharmacy,respiratory,out_of_network,False,True,True,14,284.96,188.0,0.118,False,False,True,,0
CLM004624,49,Humana,pharmacy,therapy,cardiology,in_network,True,True,True,40,490.31,330.44,0.075,False,False,True,,1
CLM004625,69,Aetna,inpatient,therapy,orthopedics,in_network,True,True,False,26,320.37,224.87,0.284,False,False,True,incomplete_documentation,1
CLM004626,75,BlueCross,professional,evaluation,general,in_network,False,True,True,1,373.23,231.79,0.22,False,False,True,,0
CLM004627,21,United,professional,surgery,orthopedics,in_network,True,False,True,8,8685.64,6890.3,0.144,False,True,True,coding_mismatch,1
CLM004628,73,Cigna,outpatient,imaging,oncology,out_of_network,True,True,True,8,3156.64,2148.53,0.092,False,True,True,coding_mismatch,1
CLM004629,65,Aetna,outpatient,evaluation,general,in_network,False,True,True,10,417.15,281.91,0.167,False,False,True,,1
CLM004630,84,United,outpatient,therapy,general,in_network,True,True,True,38,428.36,303.27,0.111,False,False,False,coverage_inactive,1
CLM004631,23,Cigna,outpatient,imaging,oncology,in_network,True,True,False,6,2465.07,1588.12,0.44,False,False,True,,0
CLM004632,23,Cigna,outpatient,lab,cardiology,out_of_network,False,True,True,7,252.5,139.85,0.374,False,False,True,network_coverage,1
CLM004633,35,United,outpatient,pharmacy,orthopedics,in_network,False,True,True,87,163.25,109.21,0.111,False,True,True,coding_mismatch,1
CLM004634,49,BlueCross,outpatient,evaluation,respiratory,in_network,False,False,False,10,358.75,284.81,0.147,False,False,True,incomplete_documentation,1
CLM004635,66,BlueCross,professional,evaluation,orthopedics,in_network,False,True,True,17,455.14,389.6,0.283,False,False,True,,0
CLM004636,77,Cigna,inpatient,imaging,respiratory,in_network,True,False,True,27,1666.89,1334.86,0.254,False,True,True,coding_mismatch,1
CLM004637,66,BlueCross,outpatient,pharmacy,general,in_network,False,True,True,12,452.51,275.32,0.362,False,True,True,,0
CLM004638,51,Aetna,professional,pharmacy,respiratory,out_of_network,False,True,True,17,350.43,208.57,0.061,False,False,True,network_coverage,1
CLM004639,27,Aetna,outpatient,therapy,respiratory,in_network,True,False,True,11,221.59,179.9,0.179,False,False,True,missing_prior_authorization,1
CLM004640,34,BlueCross,outpatient,lab,oncology,in_network,True,False,True,15,268.33,200.64,0.146,False,False,True,,0
CLM004641,47,Aetna,outpatient,evaluation,cardiology,in_network,False,False,True,12,357.49,271.97,0.078,False,False,True,,0
CLM004642,75,Cigna,inpatient,evaluation,oncology,in_network,True,False,True,25,231.07,138.38,0.145,False,False,True,,0
CLM004643,82,United,outpatient,evaluation,general,in_network,False,True,True,16,315.78,191.48,0.196,False,False,True,,0
CLM004644,21,BlueCross,inpatient,pharmacy,respiratory,in_network,True,True,True,3,110.46,76.23,0.182,False,False,False,,0
CLM004645,84,Aetna,outpatient,evaluation,respiratory,in_network,False,True,False,78,388.17,245.14,0.178,False,False,True,,0
CLM004646,44,Aetna,pharmacy,lab,general,in_network,False,True,True,5,230.45,148.88,0.068,False,False,True,,0
CLM004647,61,Aetna,pharmacy,therapy,orthopedics,out_of_network,True,True,True,33,431.98,370.44,0.17,False,False,True,network_coverage,1
CLM004648,67,Cigna,outpatient,evaluation,orthopedics,in_network,False,True,True,12,274.69,178.07,0.051,False,False,True,,0
CLM004649,46,Cigna,outpatient,surgery,general,in_network,True,False,True,26,16079.02,13057.38,0.233,False,False,True,missing_prior_authorization,1
CLM004650,29,Cigna,outpatient,surgery,oncology,in_network,True,True,True,5,9809.31,7806.5,0.231,False,False,True,,0
CLM004651,32,Humana,professional,evaluation,respiratory,in_network,False,True,True,28,297.45,205.4,0.297,False,False,True,,0
CLM004652,78,BlueCross,professional,lab,respiratory,in_network,False,True,True,37,175.26,147.49,0.14,True,False,False,duplicate_claim,1
CLM004653,65,Humana,inpatient,evaluation,cardiology,in_network,True,True,True,24,446.49,291.75,0.281,False,False,True,,1
CLM004654,46,United,inpatient,imaging,orthopedics,out_of_network,True,True,True,24,2683.19,1787.78,0.032,False,False,False,coverage_inactive,1
CLM004655,88,Aetna,outpatient,lab,orthopedics,in_network,False,True,False,11,335.67,195.52,0.173,False,False,True,,0
CLM004656,45,Aetna,professional,surgery,cardiology,in_network,True,True,True,18,12463.59,9129.33,0.117,False,False,True,,0
CLM004657,71,BlueCross,pharmacy,evaluation,respiratory,in_network,False,True,True,3,545.59,336.61,0.021,False,False,True,,0
CLM004658,86,Aetna,inpatient,evaluation,general,in_network,True,False,True,7,292.75,196.48,0.318,False,False,True,missing_prior_authorization,1
CLM004659,44,United,outpatient,lab,general,in_network,False,True,True,41,174.26,141.38,0.134,False,False,True,,0
CLM004660,28,United,inpatient,lab,cardiology,in_network,True,True,True,105,283.6,223.42,0.031,False,False,True,,0
CLM004661,50,Cigna,professional,imaging,oncology,in_network,True,True,True,31,1444.84,803.8,0.286,False,False,True,,0
CLM004662,49,Aetna,pharmacy,evaluation,orthopedics,out_of_network,False,True,False,25,411.45,319.25,0.136,False,False,True,network_coverage,1
CLM004663,57,United,outpatient,pharmacy,cardiology,in_network,False,True,True,2,202.58,149.44,0.083,False,False,True,,0
CLM004664,54,United,inpatient,evaluation,respiratory,in_network,True,False,True,24,835.39,646.11,0.249,False,False,True,missing_prior_authorization,1
CLM004665,62,Cigna,outpatient,surgery,general,in_network,True,True,True,8,10918.24,5805.33,0.119,False,True,True,,0
CLM004666,24,Humana,outpatient,therapy,cardiology,in_network,True,True,True,29,691.05,497.36,0.213,False,False,True,,1
CLM004667,79,Humana,professional,lab,respiratory,out_of_network,False,True,True,57,170.62,94.99,0.051,False,False,True,,0
CLM004668,40,Cigna,outpatient,imaging,cardiology,in_network,True,True,True,11,2337.67,1767.17,0.246,False,False,True,,0
CLM004669,74,BlueCross,professional,imaging,general,in_network,True,True,True,21,1407.11,764.77,0.057,False,True,True,,0
CLM004670,56,BlueCross,outpatient,imaging,cardiology,in_network,True,True,True,22,1465.54,817.5,0.118,False,False,False,,0
CLM004671,41,BlueCross,inpatient,surgery,oncology,in_network,True,True,True,23,8364.0,4801.1,0.02,False,False,True,,0
CLM004672,84,BlueCross,outpatient,evaluation,cardiology,in_network,False,True,True,30,198.11,143.36,0.146,False,False,True,,0
CLM004673,37,Humana,inpatient,lab,oncology,out_of_network,True,True,True,11,161.44,110.42,0.205,False,True,True,coding_mismatch,1
CLM004674,51,United,outpatient,evaluation,oncology,in_network,False,True,False,7,236.59,172.24,0.238,False,False,True,incomplete_documentation,1
CLM004675,39,Aetna,professional,pharmacy,oncology,in_network,False,True,True,64,954.07,617.41,0.084,False,False,True,,0
CLM004676,58,Aetna,inpatient,therapy,general,in_network,True,True,True,29,976.27,725.95,0.021,False,False,True,,0
CLM004677,26,Cigna,inpatient,therapy,general,in_network,True,False,True,50,525.04,344.19,0.042,False,False,True,missing_prior_authorization,1
CLM004678,66,Humana,inpatient,evaluation,orthopedics,in_network,True,True,True,46,403.33,276.01,0.117,False,True,True,,0
CLM004679,19,Cigna,inpatient,imaging,general,in_network,True,True,True,11,2681.25,2208.95,0.139,False,False,True,,0
CLM004680,28,United,professional,lab,oncology,in_network,False,True,True,33,264.88,164.35,0.101,False,False,True,,0
CLM004681,88,Humana,pharmacy,therapy,cardiology,in_network,True,True,True,34,208.31,155.82,0.186,False,False,True,,0
CLM004682,28,Humana,inpatient,evaluation,respiratory,out_of_network,True,True,True,17,809.1,465.14,0.232,False,False,True,,0
CLM004683,40,Cigna,professional,evaluation,respiratory,in_network,True,True,True,12,346.42,271.02,0.096,False,False,True,,0
CLM004684,52,Aetna,professional,evaluation,orthopedics,in_network,False,True,True,17,373.31,213.55,0.207,False,False,True,,0
CLM004685,53,Aetna,pharmacy,evaluation,oncology,in_network,False,True,True,18,332.86,267.24,0.174,False,False,False,,0
CLM004686,62,Humana,outpatient,therapy,oncology,in_network,True,True,True,15,444.21,237.4,0.098,False,False,True,,0
CLM004687,24,BlueCross,outpatient,evaluation,cardiology,in_network,False,True,True,10,483.51,298.98,0.061,False,False,True,,0
CLM004688,40,Humana,outpatient,evaluation,orthopedics,in_network,False,True,True,31,360.92,270.22,0.163,False,False,True,,0
CLM004689,49,BlueCross,professional,therapy,oncology,in_network,True,True,True,7,542.78,299.73,0.345,False,False,True,,0
CLM004690,23,Aetna,professional,pharmacy,orthopedics,in_network,False,True,True,38,133.68,111.22,0.109,False,False,True,,0
CLM004691,18,Humana,outpatient,evaluation,general,in_network,False,True,True,82,961.11,663.58,0.157,False,False,True,,0
CLM004692,72,United,outpatient,therapy,orthopedics,out_of_network,True,False,True,24,1198.0,794.33,0.346,False,False,True,network_coverage,1
CLM004693,82,Cigna,professional,imaging,respiratory,in_network,True,True,True,23,2151.28,1529.49,0.141,False,False,True,,1
CLM004694,68,Aetna,professional,surgery,cardiology,in_network,True,True,True,15,19031.13,15588.72,0.316,False,False,True,,0
CLM004695,87,Cigna,outpatient,evaluation,orthopedics,in_network,False,True,True,42,361.66,218.83,0.051,False,False,True,,0
CLM004696,83,United,professional,imaging,general,in_network,True,True,True,19,2161.95,1453.34,0.092,False,False,False,coverage_inactive,1
CLM004697,86,BlueCross,outpatient,lab,general,in_network,False,True,True,23,352.0,202.63,0.255,False,False,True,,0
CLM004698,75,Aetna,outpatient,therapy,general,in_network,True,False,True,29,524.13,435.64,0.078,False,False,True,missing_prior_authorization,1
CLM004699,31,Humana,outpatient,evaluation,cardiology,in_network,False,True,True,10,327.94,280.8,0.139,False,False,True,,0
CLM004700,71,BlueCross,professional,evaluation,general,in_network,False,True,True,10,336.75,215.81,0.153,False,False,True,,0
CLM004701,76,Aetna,pharmacy,evaluation,orthopedics,in_network,False,True,True,16,370.21,276.39,0.124,False,False,False,,0
CLM004702,55,Humana,outpatient,lab,cardiology,in_network,False,True,True,14,134.15,102.0,0.065,False,False,True,,0
CLM004703,42,BlueCross,outpatient,imaging,cardiology,in_network,True,True,False,60,1829.19,1170.67,0.068,False,False,True,,0
CLM004704,85,Aetna,outpatient,evaluation,respiratory,in_network,False,True,True,23,579.3,479.09,0.135,False,True,True,coding_mismatch,1
CLM004705,65,Aetna,inpatient,surgery,oncology,in_network,True,False,True,9,7233.96,4985.73,0.263,False,False,True,missing_prior_authorization,1
CLM004706,67,Aetna,outpatient,therapy,oncology,in_network,True,True,True,17,392.8,316.88,0.195,False,False,False,coverage_inactive,1
CLM004707,84,Aetna,inpatient,pharmacy,general,in_network,True,True,True,34,145.46,101.97,0.117,False,False,True,,0
CLM004708,26,Aetna,outpatient,therapy,cardiology,in_network,True,True,True,53,420.02,320.12,0.217,False,False,True,,0
CLM004709,57,BlueCross,outpatient,evaluation,cardiology,in_network,False,True,True,124,202.65,130.25,0.226,False,False,True,timely_filing,1
CLM004710,73,United,outpatient,evaluation,general,out_of_network,False,True,True,7,374.54,271.9,0.249,False,False,True,,0
CLM004711,46,BlueCross,professional,evaluation,respiratory,in_network,False,True,False,80,538.03,451.66,0.221,False,False,True,,0
CLM004712,34,Aetna,outpatient,lab,respiratory,in_network,False,True,True,28,148.52,107.69,0.069,False,False,True,,0
CLM004713,55,United,professional,therapy,oncology,in_network,True,True,True,53,449.31,280.49,0.033,False,False,True,,0
CLM004714,76,Humana,pharmacy,imaging,cardiology,in_network,True,False,True,15,1902.2,1443.6,0.114,False,False,True,,0
CLM004715,62,United,outpatient,therapy,oncology,in_network,True,True,True,51,583.12,454.51,0.045,False,False,True,,0
CLM004716,89,Cigna,outpatient,lab,general,in_network,False,True,True,55,313.15,256.19,0.26,False,False,True,,0
CLM004717,57,Cigna,outpatient,therapy,cardiology,out_of_network,True,False,True,39,844.84,615.37,0.046,False,False,True,network_coverage,1
CLM004718,27,Cigna,professional,evaluation,cardiology,out_of_network,False,True,True,71,499.87,312.48,0.074,False,False,True,,0
CLM004719,27,Aetna,outpatient,imaging,orthopedics,out_of_network,True,True,False,10,1107.27,800.23,0.107,False,True,True,coding_mismatch,1
CLM004720,23,BlueCross,inpatient,therapy,oncology,in_network,True,True,True,15,510.74,324.43,0.239,False,False,True,,0
CLM004721,70,Cigna,outpatient,imaging,respiratory,in_network,True,True,True,19,1028.94,709.87,0.106,False,False,True,,0
CLM004722,74,BlueCross,outpatient,surgery,cardiology,in_network,True,True,True,9,13514.89,8128.88,0.182,False,False,True,,0
CLM004723,19,United,outpatient,imaging,general,in_network,True,True,True,34,1018.74,646.9,0.466,True,False,True,duplicate_claim,1
CLM004724,75,United,professional,imaging,cardiology,in_network,True,True,False,37,2147.95,1699.63,0.027,False,False,True,,0
CLM004725,66,Cigna,inpatient,pharmacy,orthopedics,in_network,True,False,True,5,206.19,146.1,0.275,False,False,True,missing_prior_authorization,1
CLM004726,66,Humana,outpatient,pharmacy,general,in_network,False,True,True,47,244.99,179.89,0.081,False,False,True,,0
CLM004727,48,BlueCross,professional,evaluation,orthopedics,in_network,True,True,True,39,453.73,344.54,0.068,False,False,True,,0
CLM004728,51,United,outpatient,therapy,oncology,in_network,True,True,True,34,913.92,576.0,0.03,False,False,True,,0
CLM004729,18,Humana,professional,evaluation,oncology,in_network,False,True,True,1,508.43,304.97,0.02,False,True,True,coding_mismatch,1
CLM004730,79,Humana,outpatient,pharmacy,orthopedics,in_network,False,True,False,27,168.25,96.13,0.098,False,False,True,,0
CLM004731,69,Cigna,outpatient,therapy,oncology,in_network,True,True,True,79,684.51,394.67,0.072,False,False,True,,1
CLM004732,65,United,pharmacy,imaging,respiratory,in_network,True,True,True,33,1697.63,1010.49,0.046,False,False,True,,0
CLM004733,86,Cigna,outpatient,evaluation,cardiology,in_network,True,True,True,16,522.05,315.75,0.175,False,False,True,,0
CLM004734,80,United,outpatient,pharmacy,general,out_of_network,False,True,False,14,287.28,222.9,0.186,False,False,True,network_coverage,1
CLM004735,32,Humana,pharmacy,surgery,cardiology,in_network,True,False,False,52,18908.01,11606.41,0.051,False,False,True,incomplete_documentation,1
CLM004736,42,Cigna,professional,lab,general,in_network,False,True,False,15,271.27,224.65,0.085,False,False,True,incomplete_documentation,1
CLM004737,37,BlueCross,professional,lab,general,in_network,False,True,True,32,124.17,80.66,0.341,False,False,True,,0
CLM004738,42,United,inpatient,lab,general,out_of_network,True,True,True,9,352.52,250.59,0.232,False,False,True,,0
CLM004739,25,Aetna,inpatient,evaluation,respiratory,in_network,True,True,True,70,241.94,147.97,0.174,False,False,True,,0
CLM004740,61,Aetna,professional,lab,general,in_network,False,True,True,49,208.32,144.11,0.177,False,False,True,,0
CLM004741,27,Aetna,outpatient,pharmacy,general,in_network,False,True,True,51,195.89,104.96,0.316,False,False,True,,0
CLM004742,67,Aetna,outpatient,evaluation,respiratory,in_network,True,True,True,43,440.66,247.25,0.099,False,False,True,,0
CLM004743,86,BlueCross,professional,imaging,general,in_network,True,True,True,24,1195.86,784.03,0.099,True,False,False,duplicate_claim,1
CLM004744,27,Cigna,outpatient,evaluation,orthopedics,in_network,False,True,True,8,693.3,510.68,0.064,False,False,False,,0
CLM004745,38,BlueCross,inpatient,evaluation,general,in_network,True,False,True,9,364.79,301.33,0.122,False,False,True,,0
CLM004746,29,Cigna,inpatient,therapy,general,in_network,True,True,True,41,459.57,360.41,0.109,False,False,True,,0
CLM004747,75,Cigna,outpatient,therapy,respiratory,in_network,True,True,True,21,799.55,623.48,0.273,False,False,False,coverage_inactive,1
CLM004748,77,Cigna,professional,evaluation,cardiology,in_network,False,True,True,25,400.8,288.26,0.289,False,False,True,,1
CLM004749,64,Aetna,professional,lab,orthopedics,in_network,False,True,True,28,131.26,87.14,0.093,False,False,True,,0
CLM004750,59,Cigna,inpatient,imaging,cardiology,in_network,True,True,True,4,861.91,718.72,0.055,False,False,True,,0
CLM004751,55,BlueCross,outpatient,lab,oncology,in_network,False,True,True,37,542.51,289.12,0.085,False,False,True,,0
CLM004752,34,Cigna,outpatient,surgery,oncology,in_network,True,False,True,22,9631.55,5116.79,0.263,False,False,True,,0
CLM004753,61,Aetna,outpatient,evaluation,general,in_network,False,True,True,63,343.54,279.31,0.308,False,False,True,,0
CLM004754,42,United,outpatient,imaging,orthopedics,out_of_network,True,True,True,22,3376.16,2767.29,0.039,False,False,True,,0
CLM004755,46,Humana,pharmacy,evaluation,cardiology,in_network,False,True,True,48,349.65,210.5,0.162,False,False,True,,1
CLM004756,76,BlueCross,outpatient,lab,respiratory,in_network,False,True,True,45,212.6,145.35,0.091,False,False,True,,0
CLM004757,81,BlueCross,outpatient,evaluation,cardiology,in_network,False,True,True,25,353.53,219.01,0.084,False,False,True,,0
CLM004758,33,BlueCross,pharmacy,therapy,general,in_network,True,True,True,11,435.81,289.52,0.091,False,False,True,,0
CLM004759,64,United,inpatient,pharmacy,cardiology,in_network,True,True,True,34,195.7,137.18,0.114,False,False,True,,0
CLM004760,61,Humana,pharmacy,pharmacy,oncology,in_network,False,True,True,41,213.72,170.77,0.054,False,False,True,,0
CLM004761,86,Cigna,outpatient,surgery,general,in_network,True,False,True,82,11656.88,6256.01,0.028,False,False,True,missing_prior_authorization,1
CLM004762,54,Humana,outpatient,evaluation,oncology,in_network,False,True,False,44,317.21,239.72,0.039,False,False,True,,0
CLM004763,47,Aetna,pharmacy,surgery,general,in_network,True,True,True,29,9410.94,5161.66,0.157,False,False,True,,0
CLM004764,86,United,outpatient,evaluation,oncology,out_of_network,False,True,True,31,481.41,413.86,0.133,False,False,True,network_coverage,1
CLM004765,85,Cigna,outpatient,evaluation,respiratory,in_network,False,True,True,32,1023.23,704.38,0.15,False,True,True,,0
CLM004766,72,BlueCross,outpatient,lab,respiratory,out_of_network,False,True,True,42,410.37,291.98,0.177,False,False,True,,0
CLM004767,85,Humana,professional,surgery,oncology,in_network,True,True,True,18,2983.21,2189.33,0.183,False,False,True,,0
CLM004768,69,Aetna,outpatient,lab,cardiology,in_network,False,True,True,29,229.69,191.36,0.267,False,False,True,,0
CLM004769,41,Cigna,outpatient,evaluation,general,in_network,False,True,True,5,195.14,112.44,0.151,False,False,True,,0
CLM004770,72,United,professional,evaluation,cardiology,in_network,False,True,True,12,297.71,205.22,0.05,False,True,True,,0
CLM004771,89,Humana,professional,imaging,orthopedics,in_network,True,True,False,31,1222.1,810.2,0.179,False,False,True,,0
CLM004772,86,Aetna,outpatient,lab,respiratory,in_network,False,True,True,55,119.54,97.21,0.01,False,False,True,,0
CLM004773,73,Cigna,inpatient,lab,respiratory,in_network,True,True,False,28,552.67,372.14,0.161,False,False,True,,0
CLM004774,36,Humana,outpatient,therapy,oncology,in_network,True,False,True,45,530.53,375.74,0.416,False,False,True,missing_prior_authorization,1
CLM004775,73,Cigna,inpatient,imaging,oncology,in_network,True,False,True,47,2195.73,1576.5,0.064,False,False,True,missing_prior_authorization,1
CLM004776,20,BlueCross,inpatient,lab,oncology,in_network,True,False,True,44,178.89,104.08,0.199,False,False,False,coverage_inactive,1
CLM004777,63,Humana,outpatient,pharmacy,general,in_network,False,True,False,8,195.16,162.03,0.029,False,False,True,incomplete_documentation,1
CLM004778,38,Cigna,inpatient,lab,orthopedics,in_network,True,True,True,16,335.04,226.24,0.158,True,False,True,duplicate_claim,1
CLM004779,28,United,outpatient,evaluation,general,in_network,True,True,True,55,196.97,133.86,0.12,False,False,True,,0
CLM004780,83,United,professional,therapy,cardiology,in_network,True,True,True,24,1592.78,1326.53,0.032,False,False,True,,0
CLM004781,71,United,outpatient,lab,respiratory,out_of_network,False,True,True,26,567.28,329.59,0.126,False,False,True,,0
CLM004782,68,Cigna,pharmacy,therapy,respiratory,in_network,True,False,True,29,544.59,366.14,0.273,False,False,True,missing_prior_authorization,1
CLM004783,62,Humana,pharmacy,surgery,respiratory,in_network,True,False,True,65,7165.32,4441.43,0.181,False,False,True,missing_prior_authorization,1
CLM004784,29,Aetna,professional,surgery,oncology,in_network,True,False,True,14,10299.31,8486.83,0.453,False,False,True,,0
CLM004785,56,Humana,pharmacy,pharmacy,respiratory,in_network,False,True,True,43,74.85,48.15,0.348,False,False,True,,0
CLM004786,42,Humana,professional,evaluation,oncology,in_network,False,True,True,31,403.68,307.61,0.24,False,False,True,,0
CLM004787,89,Humana,outpatient,evaluation,oncology,in_network,True,True,True,28,665.74,431.73,0.239,False,False,True,,0
CLM004788,61,Aetna,professional,imaging,general,out_of_network,True,True,True,17,969.37,786.65,0.138,False,False,True,,0
CLM004789,79,Cigna,inpatient,imaging,respiratory,in_network,True,True,True,37,1060.78,770.8,0.067,False,False,True,,0
CLM004790,29,BlueCross,professional,imaging,respiratory,in_network,True,True,True,23,919.06,486.37,0.046,False,False,True,,1
CLM004791,39,United,outpatient,pharmacy,general,in_network,False,True,False,58,331.37,231.82,0.059,False,True,True,,0
CLM004792,61,Cigna,inpatient,evaluation,orthopedics,in_network,True,True,True,43,429.77,241.36,0.07,False,True,True,,0
CLM004793,88,Humana,outpatient,therapy,oncology,out_of_network,True,False,True,39,511.77,342.78,0.257,False,False,True,network_coverage,1
CLM004794,23,Cigna,pharmacy,pharmacy,respiratory,in_network,False,True,True,50,195.5,120.37,0.225,False,False,True,,0
CLM004795,26,Aetna,outpatient,imaging,respiratory,out_of_network,True,True,True,15,1993.63,1695.91,0.101,False,False,True,,0
CLM004796,70,Humana,outpatient,therapy,cardiology,in_network,True,True,True,72,291.44,239.28,0.113,False,False,True,,0
CLM004797,25,Humana,outpatient,surgery,respiratory,in_network,True,True,False,32,5741.43,3365.08,0.018,False,False,True,incomplete_documentation,1
CLM004798,39,BlueCross,outpatient,lab,cardiology,in_network,False,True,True,25,193.74,150.64,0.273,False,False,True,,1
CLM004799,65,Humana,professional,pharmacy,oncology,in_network,False,True,False,51,132.25,75.2,0.135,True,False,True,duplicate_claim,1
CLM004800,48,BlueCross,professional,evaluation,respiratory,in_network,False,True,False,14,320.99,237.18,0.172,False,False,True,,0
CLM004801,72,Humana,outpatient,imaging,orthopedics,in_network,True,False,False,27,952.22,630.13,0.255,False,False,True,incomplete_documentation,1
CLM004802,19,BlueCross,outpatient,surgery,cardiology,in_network,True,True,True,26,9965.73,6884.03,0.232,False,False,True,,1
CLM004803,64,Humana,inpatient,therapy,respiratory,in_network,True,True,True,21,476.69,391.61,0.213,False,True,True,,0
CLM004804,64,United,outpatient,imaging,orthopedics,in_network,True,False,True,44,1813.29,1219.23,0.051,False,False,True,,0
CLM004805,37,Cigna,professional,therapy,general,in_network,True,False,False,38,556.55,328.14,0.065,False,False,True,incomplete_documentation,1
CLM004806,67,Aetna,professional,therapy,general,in_network,True,False,False,24,208.22,144.58,0.077,False,False,True,incomplete_documentation,1
CLM004807,49,Humana,outpatient,lab,orthopedics,in_network,True,False,False,56,196.49,141.85,0.052,False,False,True,,0
CLM004808,80,United,professional,lab,respiratory,in_network,False,True,True,31,300.13,178.36,0.02,False,True,True,,0
CLM004809,73,Humana,outpatient,surgery,orthopedics,in_network,True,True,True,36,16174.98,9175.15,0.245,False,False,True,,0
CLM004810,70,BlueCross,outpatient,pharmacy,general,in_network,False,True,True,39,334.74,257.06,0.139,False,False,True,,0
CLM004811,55,Cigna,outpatient,lab,orthopedics,in_network,False,True,True,12,431.26,269.5,0.076,False,False,True,,0
CLM004812,66,BlueCross,professional,therapy,general,out_of_network,True,True,True,24,700.93,520.11,0.046,False,False,True,network_coverage,1
CLM004813,28,Humana,outpatient,lab,respiratory,in_network,True,True,True,21,398.87,248.94,0.212,False,False,True,,0
CLM004814,48,Humana,pharmacy,evaluation,orthopedics,in_network,False,True,True,19,789.11,467.69,0.152,False,False,True,,0
CLM004815,44,Humana,outpatient,imaging,general,in_network,True,False,True,20,1996.61,1110.8,0.138,False,False,True,,0
CLM004816,23,BlueCross,inpatient,imaging,respiratory,in_network,True,True,True,87,1578.99,1325.22,0.046,False,False,True,,0
CLM004817,76,Aetna,outpatient,evaluation,respiratory,in_network,False,True,True,17,436.25,331.83,0.147,False,False,True,,0
CLM004818,64,Humana,outpatient,evaluation,orthopedics,in_network,False,True,True,52,143.84,79.42,0.079,False,False,True,,0
CLM004819,41,BlueCross,outpatient,surgery,orthopedics,in_network,True,True,True,36,7588.27,4188.05,0.196,False,False,True,,1
CLM004820,19,United,outpatient,lab,respiratory,out_of_network,False,True,True,30,100.61,57.55,0.206,False,False,False,,0
CLM004821,87,Aetna,professional,pharmacy,cardiology,out_of_network,False,True,True,20,256.58,176.44,0.094,False,False,True,,0
CLM004822,65,United,outpatient,imaging,orthopedics,in_network,True,False,True,6,924.4,622.42,0.153,False,False,False,coverage_inactive,1
CLM004823,76,Humana,professional,surgery,cardiology,in_network,True,True,True,17,4500.61,3395.71,0.064,False,False,True,,0
CLM004824,23,Cigna,professional,lab,cardiology,out_of_network,False,True,True,20,396.54,291.61,0.301,False,False,True,,0
CLM004825,83,United,outpatient,lab,cardiology,in_network,False,True,True,25,174.47,139.35,0.332,False,False,True,,1
CLM004826,22,Humana,outpatient,evaluation,cardiology,in_network,False,True,True,59,312.82,197.73,0.202,False,False,True,,1
CLM004827,83,Aetna,outpatient,evaluation,general,out_of_network,False,True,True,23,547.35,446.06,0.167,False,False,True,network_coverage,1
CLM004828,58,BlueCross,outpatient,therapy,respiratory,in_network,True,True,True,1,250.52,184.23,0.105,False,False,True,,0
CLM004829,80,United,professional,therapy,general,in_network,True,True,True,44,676.46,403.45,0.046,False,False,True,,0
CLM004830,84,Humana,pharmacy,lab,cardiology,out_of_network,False,True,True,36,330.38,276.29,0.248,False,False,True,,0
CLM004831,81,Aetna,professional,evaluation,general,in_network,False,False,True,31,423.3,339.35,0.218,False,False,True,,1
CLM004832,70,Aetna,outpatient,imaging,oncology,out_of_network,True,True,False,45,1292.45,702.85,0.235,False,False,True,,0
CLM004833,25,United,professional,lab,respiratory,in_network,True,True,True,29,386.65,286.09,0.229,False,False,True,,0
CLM004834,68,Aetna,professional,evaluation,general,in_network,False,True,False,50,339.56,235.51,0.118,False,False,True,incomplete_documentation,1
CLM004835,55,United,outpatient,lab,orthopedics,in_network,False,True,False,46,258.73,214.21,0.255,False,False,True,,0
CLM004836,75,Cigna,professional,imaging,respiratory,in_network,True,True,True,36,1134.02,735.84,0.195,False,False,True,,0
CLM004837,88,United,inpatient,lab,respiratory,out_of_network,True,True,False,67,168.02,106.0,0.13,False,False,True,,0
CLM004838,51,BlueCross,inpatient,evaluation,oncology,in_network,True,True,True,28,348.1,181.84,0.086,False,False,True,,0
CLM004839,37,BlueCross,inpatient,imaging,oncology,in_network,True,True,True,18,1784.07,1080.38,0.232,False,True,True,,0
CLM004840,70,Humana,inpatient,evaluation,orthopedics,in_network,True,False,True,37,310.33,235.92,0.128,False,True,True,coding_mismatch,1
CLM004841,35,Aetna,professional,evaluation,cardiology,in_network,False,True,True,13,219.55,140.71,0.053,False,False,True,,0
CLM004842,52,Aetna,outpatient,evaluation,general,out_of_network,False,True,True,10,376.74,323.67,0.153,False,False,True,,0
CLM004843,68,Humana,outpatient,surgery,respiratory,out_of_network,True,True,True,18,15940.93,13498.32,0.279,False,False,True,,0
CLM004844,86,Aetna,outpatient,evaluation,oncology,in_network,False,True,True,28,487.22,372.38,0.052,False,False,True,,0
CLM004845,71,United,outpatient,surgery,respiratory,out_of_network,True,False,True,15,19033.05,13189.5,0.236,False,False,True,network_coverage,1
CLM004846,69,Humana,outpatient,pharmacy,oncology,in_network,False,True,True,26,305.09,203.52,0.056,False,False,False,coverage_inactive,1
CLM004847,55,Humana,inpatient,evaluation,orthopedics,out_of_network,True,False,True,6,282.31,188.86,0.216,False,False,True,network_coverage,1
CLM004848,39,Cigna,professional,imaging,general,in_network,True,True,True,36,1641.02,1271.5,0.159,False,False,True,,0
CLM004849,79,Humana,inpatient,evaluation,general,in_network,True,True,True,27,368.31,237.38,0.097,False,False,False,,0
CLM004850,44,United,professional,therapy,orthopedics,in_network,True,True,True,34,418.94,358.64,0.038,False,True,True,,0
CLM004851,33,Aetna,outpatient,lab,general,in_network,True,True,True,23,106.38,78.08,0.084,False,False,True,,0
CLM004852,64,BlueCross,professional,lab,oncology,out_of_network,False,True,False,10,268.08,204.26,0.04,False,False,True,network_coverage,1
CLM004853,83,Humana,professional,therapy,respiratory,in_network,True,True,True,20,1077.71,887.73,0.204,False,False,True,,0
CLM004854,52,Aetna,inpatient,evaluation,cardiology,out_of_network,True,True,True,75,529.22,430.28,0.141,False,False,True,,0
CLM004855,44,BlueCross,inpatient,pharmacy,oncology,in_network,True,False,True,10,178.87,131.48,0.119,False,False,True,missing_prior_authorization,1
CLM004856,29,Aetna,pharmacy,surgery,cardiology,in_network,True,False,True,36,6213.32,3898.0,0.257,False,False,True,missing_prior_authorization,1
CLM004857,76,Aetna,outpatient,evaluation,general,in_network,False,True,True,56,449.77,345.97,0.098,True,False,True,duplicate_claim,1
CLM004858,63,Cigna,professional,evaluation,orthopedics,in_network,False,True,True,8,703.57,483.29,0.156,False,False,True,,0
CLM004859,30,Humana,inpatient,evaluation,orthopedics,out_of_network,True,True,True,52,594.75,321.55,0.022,False,False,True,,0
CLM004860,62,Aetna,outpatient,therapy,respiratory,in_network,True,True,True,42,285.08,198.94,0.133,False,False,True,,0
CLM004861,44,United,outpatient,lab,general,in_network,False,True,True,13,154.83,96.33,0.051,False,True,False,,0
CLM004862,19,Humana,pharmacy,evaluation,orthopedics,in_network,False,True,True,7,200.01,113.1,0.165,False,False,False,coverage_inactive,1
CLM004863,64,Humana,outpatient,lab,respiratory,out_of_network,False,True,True,66,833.42,639.88,0.217,True,False,True,duplicate_claim,1
CLM004864,45,Aetna,professional,surgery,respiratory,out_of_network,True,True,True,11,14021.87,7393.15,0.278,False,False,True,,0
CLM004865,33,Cigna,professional,therapy,oncology,out_of_network,True,True,False,17,911.28,601.68,0.088,False,False,True,,0
CLM004866,70,United,inpatient,surgery,general,in_network,True,True,False,88,10890.35,6014.96,0.275,True,False,True,duplicate_claim,1
CLM004867,33,BlueCross,outpatient,imaging,cardiology,out_of_network,True,False,True,20,2222.32,1331.16,0.179,False,False,True,network_coverage,1
CLM004868,31,Cigna,outpatient,imaging,general,in_network,True,False,True,6,970.9,517.71,0.274,False,False,True,,0
CLM004869,31,Cigna,outpatient,evaluation,oncology,out_of_network,False,True,True,5,289.65,209.05,0.144,False,False,True,,0
CLM004870,79,Humana,professional,pharmacy,cardiology,in_network,True,True,False,25,115.77,90.83,0.178,False,False,True,,0
CLM004871,48,United,outpatient,lab,general,in_network,False,True,True,22,236.59,145.32,0.138,False,False,True,,0
CLM004872,58,Aetna,outpatient,imaging,respiratory,in_network,True,True,False,11,1089.43,758.37,0.265,False,False,True,incomplete_documentation,1
CLM004873,77,Aetna,professional,evaluation,general,in_network,False,True,True,5,265.65,161.32,0.239,False,False,False,,0
CLM004874,47,Aetna,professional,surgery,cardiology,in_network,True,True,True,24,9652.0,7238.11,0.077,False,False,True,,0
CLM004875,37,BlueCross,outpatient,pharmacy,respiratory,in_network,True,True,True,7,92.93,68.68,0.044,False,False,True,,0
CLM004876,89,BlueCross,outpatient,therapy,respiratory,in_network,True,True,False,16,280.98,198.56,0.356,False,False,True,,0
CLM004877,61,United,outpatient,surgery,general,out_of_network,True,True,True,14,20537.57,11687.16,0.034,False,False,True,,0
CLM004878,63,Cigna,professional,therapy,orthopedics,in_network,True,True,True,13,897.54,512.21,0.131,False,False,True,,0
CLM004879,39,Humana,outpatient,lab,general,in_network,False,True,True,8,479.06,308.62,0.176,False,False,True,,0
CLM004880,84,Cigna,outpatient,evaluation,respiratory,in_network,False,True,True,8,295.51,230.4,0.311,True,False,True,,0
CLM004881,41,United,inpatient,imaging,orthopedics,in_network,True,True,True,37,1307.61,809.77,0.255,False,False,False,coverage_inactive,1
CLM004882,89,BlueCross,professional,evaluation,orthopedics,in_network,False,True,True,33,552.69,406.71,0.088,False,False,True,,0
CLM004883,62,Humana,professional,evaluation,general,in_network,False,True,False,3,165.28,140.1,0.226,False,False,True,,0
CLM004884,51,BlueCross,outpatient,evaluation,respiratory,in_network,False,True,True,50,305.19,255.0,0.029,False,False,True,,0
CLM004885,69,BlueCross,professional,pharmacy,cardiology,in_network,False,True,True,11,236.14,148.89,0.228,True,False,True,duplicate_claim,1
CLM004886,44,United,professional,surgery,cardiology,in_network,True,False,True,10,8141.91,5209.89,0.089,False,False,True,,0
CLM004887,77,Aetna,inpatient,therapy,general,in_network,True,True,True,17,798.49,679.98,0.204,False,False,True,,0
CLM004888,80,BlueCross,professional,evaluation,cardiology,in_network,False,True,True,14,351.38,250.7,0.267,False,False,True,,0
CLM004889,25,BlueCross,outpatient,lab,orthopedics,in_network,False,False,True,53,137.67,99.13,0.406,False,False,True,,0
CLM004890,18,Aetna,pharmacy,imaging,respiratory,in_network,True,True,True,27,1131.9,761.1,0.151,False,False,True,,0
CLM004891,22,Humana,outpatient,lab,general,in_network,False,True,True,12,159.07,88.24,0.078,False,False,True,,1
CLM004892,51,BlueCross,outpatient,surgery,orthopedics,in_network,True,True,True,22,14765.95,7807.77,0.098,False,False,True,,0
CLM004893,65,Cigna,outpatient,evaluation,respiratory,out_of_network,True,True,False,4,651.73,464.13,0.262,False,False,True,network_coverage,1
CLM004894,64,BlueCross,outpatient,lab,respiratory,in_network,False,False,True,21,334.71,214.1,0.14,False,False,True,,0
CLM004895,36,United,professional,evaluation,respiratory,in_network,False,True,False,7,470.56,331.16,0.106,False,False,True,incomplete_documentation,1
CLM004896,76,Cigna,outpatient,pharmacy,respiratory,out_of_network,False,True,True,46,395.46,330.04,0.192,False,False,True,,0
CLM004897,24,Humana,outpatient,lab,orthopedics,in_network,False,True,True,30,678.15,566.55,0.071,False,False,True,,0
CLM004898,67,Humana,outpatient,evaluation,respiratory,in_network,True,True,True,20,300.15,180.32,0.142,False,False,True,,0
CLM004899,51,United,pharmacy,imaging,cardiology,in_network,True,True,False,47,1364.63,1138.95,0.293,False,False,True,incomplete_documentation,1
CLM004900,19,Humana,professional,imaging,respiratory,in_network,True,True,True,26,1363.02,720.81,0.204,False,False,True,,0
CLM004901,80,United,outpatient,imaging,respiratory,in_network,True,True,True,52,1537.41,1162.91,0.161,False,False,True,,0
CLM004902,66,Humana,outpatient,lab,respiratory,in_network,False,True,True,25,276.7,167.0,0.087,False,True,True,,0
CLM004903,57,Aetna,outpatient,lab,cardiology,out_of_network,False,True,True,32,647.91,383.84,0.027,False,False,True,,0
CLM004904,65,Aetna,professional,lab,general,in_network,False,True,True,40,476.61,318.11,0.057,False,False,True,,0
CLM004905,40,Humana,professional,surgery,oncology,in_network,True,True,True,40,10305.73,6002.76,0.307,False,False,True,,0
CLM004906,18,Aetna,outpatient,imaging,cardiology,out_of_network,True,False,True,6,2736.29,2173.75,0.148,False,False,True,network_coverage,1
CLM004907,45,Aetna,professional,evaluation,oncology,in_network,False,True,True,12,172.46,102.03,0.185,False,False,True,,0
CLM004908,39,Humana,inpatient,imaging,oncology,in_network,True,False,True,12,1784.78,1530.23,0.228,False,False,True,,0
CLM004909,68,BlueCross,professional,evaluation,oncology,out_of_network,False,True,False,28,1077.47,825.61,0.034,False,False,True,network_coverage,1
CLM004910,51,BlueCross,outpatient,pharmacy,respiratory,in_network,True,True,True,17,48.51,34.46,0.093,False,False,True,,0
CLM004911,87,Aetna,inpatient,evaluation,oncology,in_network,True,True,True,5,492.49,286.02,0.186,False,False,True,,1
CLM004912,63,BlueCross,outpatient,therapy,orthopedics,in_network,True,True,True,12,761.89,599.72,0.283,True,False,True,,0
CLM004913,66,United,outpatient,evaluation,respiratory,in_network,False,True,True,11,323.58,233.17,0.035,False,False,True,,0
CLM004914,66,Cigna,pharmacy,evaluation,orthopedics,in_network,False,True,True,72,477.76,284.98,0.021,False,False,True,,0
CLM004915,39,United,outpatient,pharmacy,cardiology,in_network,False,True,False,61,166.94,93.66,0.347,False,False,True,,0
CLM004916,57,Humana,professional,pharmacy,orthopedics,in_network,False,True,True,41,445.06,381.05,0.257,False,False,True,,1
CLM004917,83,BlueCross,professional,lab,general,in_network,True,True,True,19,384.05,275.07,0.065,True,False,True,,0
CLM004918,89,Aetna,professional,therapy,oncology,out_of_network,True,True,True,34,798.02,577.02,0.21,False,True,True,coding_mismatch,1
CLM004919,41,United,pharmacy,evaluation,orthopedics,in_network,False,True,False,36,189.86,119.11,0.301,False,False,True,incomplete_documentation,1
CLM004920,67,United,outpatient,imaging,orthopedics,out_of_network,True,True,True,12,1372.9,836.11,0.111,True,False,True,,0
CLM004921,23,Aetna,outpatient,therapy,general,in_network,True,True,True,22,184.88,117.79,0.257,False,True,True,,0
CLM004922,29,BlueCross,outpatient,evaluation,respiratory,out_of_network,False,True,True,12,458.88,264.33,0.253,False,False,True,network_coverage,1
CLM004923,47,Humana,outpatient,evaluation,respiratory,out_of_network,False,True,True,5,538.74,408.31,0.061,False,False,False,,0
CLM004924,70,United,professional,lab,respiratory,in_network,False,True,True,28,216.04,171.03,0.073,False,False,True,,0
CLM004925,30,United,outpatient,lab,general,in_network,False,True,True,35,213.47,148.63,0.252,False,False,True,,0
CLM004926,33,BlueCross,outpatient,surgery,respiratory,in_network,True,True,True,19,7893.19,6726.84,0.09,False,False,True,,0
CLM004927,69,United,outpatient,therapy,oncology,in_network,True,False,True,52,339.11,241.57,0.255,False,False,True,,0
CLM004928,30,Humana,outpatient,pharmacy,orthopedics,in_network,False,True,True,36,176.55,108.88,0.168,False,True,True,coding_mismatch,1
CLM004929,23,Cigna,professional,pharmacy,cardiology,in_network,False,True,True,10,225.0,142.9,0.101,False,False,True,,0
CLM004930,63,BlueCross,outpatient,lab,respiratory,out_of_network,True,True,True,19,153.04,105.68,0.307,False,True,True,coding_mismatch,1
CLM004931,54,United,professional,surgery,general,out_of_network,True,True,True,6,25204.25,20165.85,0.048,False,False,True,,0
CLM004932,55,United,professional,evaluation,respiratory,in_network,False,True,True,45,288.0,246.7,0.296,False,False,True,,0
CLM004933,57,United,professional,evaluation,oncology,in_network,False,True,True,40,253.61,135.62,0.282,False,False,True,,0
CLM004934,86,Cigna,outpatient,therapy,cardiology,in_network,True,True,False,28,742.16,512.03,0.241,False,False,True,,0
CLM004935,86,BlueCross,professional,lab,respiratory,in_network,False,True,True,29,408.15,224.79,0.239,False,False,False,,0
CLM004936,59,United,inpatient,imaging,orthopedics,out_of_network,True,False,True,29,4174.94,2455.97,0.188,False,False,True,network_coverage,1
CLM004937,65,BlueCross,outpatient,evaluation,respiratory,in_network,True,False,False,33,639.0,464.22,0.093,False,False,False,coverage_inactive,1
CLM004938,55,Humana,professional,therapy,orthopedics,in_network,True,True,True,34,274.55,149.03,0.259,False,False,True,,0
CLM004939,44,Cigna,professional,lab,general,in_network,False,False,True,12,292.58,213.07,0.089,False,False,True,,0
CLM004940,27,Cigna,outpatient,pharmacy,general,in_network,False,True,True,6,305.97,244.04,0.167,False,False,True,,0
CLM004941,64,BlueCross,professional,evaluation,orthopedics,out_of_network,False,True,False,40,675.68,360.91,0.074,False,False,False,coverage_inactive,1
CLM004942,80,BlueCross,inpatient,pharmacy,orthopedics,in_network,True,True,True,47,102.06,63.91,0.161,False,False,True,,0
CLM004943,68,Humana,professional,lab,general,in_network,True,True,True,47,173.33,111.21,0.084,False,False,True,,0
CLM004944,40,BlueCross,pharmacy,lab,cardiology,in_network,False,False,True,58,179.48,106.74,0.229,False,False,True,,0
CLM004945,62,Humana,outpatient,pharmacy,oncology,in_network,False,True,True,56,284.26,214.13,0.176,False,False,True,,0
CLM004946,48,United,professional,pharmacy,cardiology,in_network,False,True,True,38,160.84,116.47,0.156,False,False,True,,0
CLM004947,88,Aetna,professional,pharmacy,oncology,in_network,False,True,True,14,258.71,170.62,0.068,False,False,True,,0
CLM004948,54,United,professional,evaluation,cardiology,in_network,False,False,True,6,317.79,193.32,0.132,False,False,True,,1
CLM004949,51,Aetna,professional,lab,cardiology,in_network,False,True,True,17,349.56,227.11,0.069,False,False,True,,0
CLM004950,86,Aetna,professional,surgery,oncology,out_of_network,True,True,True,4,14357.31,11114.52,0.239,False,False,True,,0
CLM004951,31,United,outpatient,lab,cardiology,out_of_network,False,True,False,48,392.24,317.21,0.23,False,True,True,coding_mismatch,1
CLM004952,36,BlueCross,professional,pharmacy,respiratory,in_network,False,True,True,7,87.31,53.64,0.096,False,False,True,,0
CLM004953,32,Humana,outpatient,lab,oncology,in_network,False,True,True,25,166.94,139.57,0.128,False,False,True,,1
CLM004954,67,Aetna,pharmacy,evaluation,oncology,out_of_network,False,True,False,24,649.43,368.98,0.075,False,False,True,,0
CLM004955,67,Aetna,outpatient,pharmacy,oncology,in_network,False,True,True,48,178.32,100.94,0.166,False,False,True,,0
CLM004956,68,BlueCross,outpatient,pharmacy,general,out_of_network,True,True,True,33,170.11,127.97,0.049,False,True,True,,0
CLM004957,84,Cigna,professional,pharmacy,general,in_network,False,True,True,15,105.66,68.04,0.253,False,False,True,,1
CLM004958,19,BlueCross,outpatient,therapy,cardiology,in_network,True,True,True,26,229.87,141.14,0.087,False,False,True,,0
CLM004959,35,BlueCross,outpatient,therapy,respiratory,in_network,True,True,True,25,616.68,424.29,0.31,False,False,True,,0
CLM004960,46,United,professional,pharmacy,oncology,out_of_network,False,True,True,10,670.31,543.77,0.468,False,False,True,network_coverage,1
CLM004961,33,Aetna,inpatient,surgery,respiratory,in_network,True,True,True,21,4381.61,3445.85,0.081,False,False,True,,0
CLM004962,20,Aetna,inpatient,surgery,respiratory,in_network,True,False,True,43,11420.8,8918.19,0.181,False,False,True,,0
CLM004963,35,Aetna,outpatient,pharmacy,respiratory,out_of_network,False,True,True,27,236.93,173.16,0.05,True,False,True,,0
CLM004964,28,United,outpatient,evaluation,respiratory,out_of_network,False,True,False,20,438.01,293.51,0.351,True,False,True,duplicate_claim,1
CLM004965,85,Cigna,outpatient,therapy,orthopedics,in_network,True,False,True,28,555.44,347.5,0.035,False,False,False,coverage_inactive,1
CLM004966,23,United,inpatient,imaging,general,in_network,True,True,False,7,702.17,501.63,0.111,False,False,True,incomplete_documentation,1
CLM004967,33,United,outpatient,therapy,respiratory,in_network,True,False,False,47,520.84,412.51,0.262,False,False,True,incomplete_documentation,1
CLM004968,36,BlueCross,outpatient,pharmacy,orthopedics,in_network,False,True,True,71,444.25,320.02,0.201,False,False,True,,0
CLM004969,69,Humana,inpatient,therapy,orthopedics,in_network,True,True,False,4,571.21,305.25,0.055,False,False,False,coverage_inactive,1
CLM004970,67,Cigna,professional,lab,oncology,in_network,False,True,False,2,260.79,195.59,0.329,False,False,True,incomplete_documentation,1
CLM004971,80,Cigna,professional,therapy,orthopedics,out_of_network,True,False,True,26,725.38,489.51,0.058,False,False,True,network_coverage,1
CLM004972,28,Cigna,inpatient,pharmacy,respiratory,out_of_network,True,False,True,6,252.58,187.26,0.137,False,False,True,network_coverage,1
CLM004973,79,Humana,outpatient,pharmacy,oncology,out_of_network,False,True,True,25,389.81,326.54,0.247,False,False,True,network_coverage,1
CLM004974,46,BlueCross,professional,lab,cardiology,in_network,False,True,True,28,420.54,331.92,0.101,False,False,True,,0
CLM004975,77,Aetna,professional,therapy,orthopedics,in_network,True,True,True,35,445.48,260.17,0.104,True,True,True,duplicate_claim,1
CLM004976,59,Humana,outpatient,surgery,general,in_network,True,False,True,25,4983.26,3163.52,0.108,False,False,True,,0
CLM004977,52,United,outpatient,lab,general,in_network,False,True,True,1,382.41,328.11,0.074,False,False,True,,0
CLM004978,32,Cigna,outpatient,surgery,orthopedics,in_network,True,True,True,59,9048.81,4886.36,0.126,False,False,True,,0
CLM004979,20,Aetna,professional,therapy,respiratory,in_network,True,True,True,34,455.82,242.17,0.083,False,False,True,,0
CLM004980,36,Aetna,pharmacy,therapy,cardiology,in_network,True,True,True,14,774.44,418.57,0.159,False,False,True,,0
CLM004981,34,Cigna,pharmacy,lab,general,in_network,False,True,False,16,225.36,176.2,0.057,False,True,True,coding_mismatch,1
CLM004982,58,United,outpatient,surgery,respiratory,in_network,True,False,True,16,15787.18,11375.54,0.249,False,False,True,missing_prior_authorization,1
CLM004983,69,Humana,outpatient,imaging,cardiology,in_network,True,False,True,10,2502.93,1470.25,0.033,False,False,False,coverage_inactive,1
CLM004984,68,BlueCross,outpatient,imaging,respiratory,in_network,True,True,True,25,2317.17,1763.2,0.174,False,False,True,,0
CLM004985,77,Humana,outpatient,evaluation,oncology,in_network,False,True,True,17,425.14,332.7,0.088,False,False,True,,0
CLM004986,52,Aetna,outpatient,surgery,general,in_network,True,True,True,39,9624.72,7377.09,0.134,False,False,True,,0
CLM004987,35,Cigna,professional,imaging,orthopedics,in_network,True,True,True,28,1169.26,726.14,0.226,False,False,True,,0
CLM004988,44,United,outpatient,pharmacy,general,in_network,False,True,True,84,127.25,77.44,0.192,False,False,True,,0
CLM004989,42,Humana,pharmacy,surgery,general,in_network,True,True,True,12,17162.75,10235.87,0.383,False,False,True,,1
CLM004990,79,Aetna,inpatient,pharmacy,orthopedics,in_network,True,False,True,43,207.71,135.08,0.01,True,False,True,duplicate_claim,1
CLM004991,64,BlueCross,inpatient,therapy,oncology,in_network,True,True,True,14,395.66,216.34,0.021,False,False,True,,0
CLM004992,77,Aetna,professional,evaluation,respiratory,in_network,False,True,False,18,450.99,322.84,0.112,False,False,True,,0
CLM004993,38,Cigna,professional,therapy,orthopedics,in_network,True,True,True,8,968.04,583.0,0.203,False,False,True,,0
CLM004994,37,BlueCross,outpatient,surgery,general,in_network,True,True,True,20,10230.34,7204.39,0.078,False,False,True,,0
CLM004995,78,United,professional,evaluation,cardiology,out_of_network,False,True,True,11,741.18,391.35,0.156,False,False,True,,0
CLM004996,69,BlueCross,outpatient,evaluation,orthopedics,in_network,False,True,True,97,578.25,353.49,0.268,False,False,True,timely_filing,1
CLM004997,21,Aetna,outpatient,lab,oncology,in_network,False,True,False,29,257.67,136.04,0.297,False,False,True,incomplete_documentation,1
CLM004998,62,Cigna,outpatient,evaluation,oncology,out_of_network,False,True,True,34,412.6,257.15,0.069,False,False,True,,0
CLM004999,19,Humana,outpatient,therapy,cardiology,in_network,True,True,True,17,767.35,488.95,0.079,False,False,True,,0
CLM005000,23,Humana,professional,pharmacy,general,in_network,False,True,True,77,228.34,153.51,0.095,False,False,True,,0
CLM005001,24,United,outpatient,evaluation,orthopedics,in_network,False,True,True,46,388.79,226.14,0.068,False,True,True,,0
CLM005002,22,BlueCross,professional,imaging,cardiology,out_of_network,True,True,True,32,1818.45,1479.31,0.087,False,False,True,,0
CLM005003,51,Cigna,professional,evaluation,oncology,in_network,False,True,True,17,385.82,303.02,0.28,False,False,True,,0
CLM005004,18,Cigna,outpatient,pharmacy,general,in_network,False,True,True,65,162.0,130.02,0.3,False,False,True,,0
CLM005005,57,Aetna,inpatient,evaluation,cardiology,in_network,True,True,False,29,278.19,196.37,0.306,False,False,True,incomplete_documentation,1
CLM005006,28,Aetna,outpatient,imaging,oncology,in_network,True,False,True,31,3707.87,2719.11,0.06,False,False,False,coverage_inactive,1
CLM005007,35,Humana,professional,evaluation,general,in_network,False,True,True,36,333.31,205.75,0.158,False,False,True,,0
CLM005008,26,BlueCross,professional,evaluation,general,in_network,False,True,True,57,480.56,304.99,0.084,False,False,True,,0
CLM005009,36,Humana,professional,lab,cardiology,in_network,False,True,True,55,210.99,166.61,0.134,False,False,True,,0
CLM005010,25,United,outpatient,pharmacy,respiratory,in_network,False,True,True,13,367.36,260.76,0.204,False,False,True,,0
CLM005011,56,BlueCross,outpatient,therapy,general,in_network,True,True,True,29,586.03,454.91,0.07,False,True,True,,0
CLM005012,47,Humana,outpatient,evaluation,respiratory,out_of_network,False,True,True,25,433.02,287.96,0.065,False,True,True,coding_mismatch,1
CLM005013,83,BlueCross,outpatient,evaluation,respiratory,in_network,False,True,True,29,147.32,125.89,0.166,False,False,True,,0
CLM005014,69,Humana,professional,lab,respiratory,in_network,False,True,True,51,185.21,121.86,0.062,False,False,True,,0
CLM005015,47,Aetna,outpatient,pharmacy,oncology,in_network,False,True,True,62,284.35,228.32,0.051,False,False,False,,0
CLM005016,50,BlueCross,outpatient,therapy,cardiology,in_network,True,True,True,13,185.62,107.23,0.124,False,False,True,,0
CLM005017,19,Cigna,outpatient,therapy,respiratory,in_network,True,True,True,16,334.53,187.26,0.07,False,False,True,,0
CLM005018,57,Cigna,outpatient,lab,respiratory,in_network,False,True,True,19,57.46,45.33,0.278,False,False,False,,0
CLM005019,57,Aetna,professional,imaging,general,in_network,True,False,True,52,498.06,342.9,0.145,True,False,True,duplicate_claim,1
CLM005020,42,United,outpatient,evaluation,general,in_network,False,True,True,48,382.36,209.84,0.124,False,False,True,,0
CLM005021,39,Aetna,pharmacy,lab,orthopedics,out_of_network,False,True,False,1,182.81,100.94,0.093,False,False,True,network_coverage,1
CLM005022,65,United,professional,pharmacy,general,out_of_network,False,True,True,32,305.3,209.19,0.306,False,False,True,,0
CLM005023,63,BlueCross,professional,pharmacy,cardiology,in_network,False,True,True,7,322.45,250.33,0.073,False,False,False,,0
CLM005024,41,Humana,professional,evaluation,general,in_network,False,True,False,20,297.46,155.81,0.1,False,False,True,incomplete_documentation,1
CLM005025,73,Humana,professional,surgery,cardiology,out_of_network,True,True,True,4,12345.53,8036.17,0.324,False,False,False,coverage_inactive,1
CLM005026,40,Cigna,professional,evaluation,respiratory,in_network,False,True,True,24,253.55,154.95,0.046,False,False,True,,0
CLM005027,48,Cigna,outpatient,imaging,respiratory,in_network,True,False,True,24,1544.52,1063.06,0.066,False,False,True,,0
CLM005028,86,Aetna,outpatient,evaluation,respiratory,in_network,False,True,True,12,337.49,288.39,0.027,False,False,True,,0
CLM005029,67,United,professional,therapy,general,in_network,True,True,True,23,279.14,179.75,0.199,False,False,True,,0
CLM005030,49,Aetna,inpatient,pharmacy,oncology,in_network,True,True,True,19,158.69,112.71,0.165,False,False,True,,0
CLM005031,59,Humana,inpatient,lab,cardiology,in_network,True,True,True,28,434.98,355.85,0.096,False,False,True,,0
CLM005032,50,Aetna,professional,surgery,respiratory,in_network,True,False,True,3,16835.14,12869.74,0.164,False,False,True,missing_prior_authorization,1
CLM005033,30,Humana,inpatient,pharmacy,orthopedics,in_network,True,True,True,10,207.35,162.16,0.138,False,False,True,,0
CLM005034,23,BlueCross,outpatient,therapy,respiratory,in_network,True,False,True,32,142.71,83.87,0.019,False,False,True,missing_prior_authorization,1
CLM005035,77,Cigna,professional,evaluation,orthopedics,in_network,False,True,True,15,503.69,349.53,0.099,False,False,True,,0
CLM005036,84,Aetna,outpatient,pharmacy,cardiology,in_network,False,True,True,9,108.0,90.67,0.076,False,False,True,,0
CLM005037,82,BlueCross,pharmacy,therapy,respiratory,in_network,True,True,False,11,378.04,236.24,0.028,False,False,True,,0
CLM005038,44,Cigna,outpatient,lab,cardiology,in_network,False,True,True,69,243.97,151.82,0.01,False,False,True,,0
CLM005039,47,Humana,pharmacy,therapy,orthopedics,in_network,True,True,False,6,966.12,528.51,0.346,False,False,True,,0
CLM005040,66,Cigna,professional,evaluation,respiratory,in_network,False,True,True,12,300.41,215.62,0.033,False,False,True,,0
CLM005041,43,BlueCross,outpatient,pharmacy,general,out_of_network,False,True,True,26,350.12,242.55,0.239,False,False,True,,0
CLM005042,66,Cigna,inpatient,lab,orthopedics,in_network,True,True,True,25,110.54,90.41,0.175,False,False,True,,0
CLM005043,53,BlueCross,outpatient,evaluation,orthopedics,out_of_network,False,True,True,23,506.42,344.9,0.076,False,False,True,network_coverage,1
CLM005044,81,Cigna,outpatient,lab,orthopedics,in_network,False,True,True,13,377.57,272.55,0.053,False,False,True,,0
CLM005045,80,Cigna,outpatient,therapy,oncology,in_network,True,True,True,16,408.99,307.18,0.128,False,False,False,coverage_inactive,1
CLM005046,81,BlueCross,pharmacy,evaluation,cardiology,in_network,False,True,True,19,314.66,238.32,0.249,False,True,True,,0
CLM005047,75,BlueCross,outpatient,pharmacy,oncology,out_of_network,False,True,True,7,509.26,437.53,0.06,False,False,True,network_coverage,1
CLM005048,29,Cigna,professional,lab,general,in_network,False,True,True,65,202.95,118.97,0.363,False,False,True,,0
CLM005049,74,Cigna,inpatient,lab,cardiology,in_network,True,False,True,14,290.95,181.37,0.136,False,False,True,missing_prior_authorization,1
CLM005050,25,United,pharmacy,surgery,general,in_network,True,True,True,41,6433.21,4920.72,0.058,True,False,True,,0
CLM005051,69,Cigna,outpatient,imaging,oncology,in_network,True,True,True,27,1314.34,927.6,0.094,False,False,True,,0
CLM005052,82,Cigna,outpatient,lab,respiratory,in_network,False,True,True,31,148.31,96.03,0.188,False,False,True,,0
CLM005053,79,Cigna,outpatient,evaluation,respiratory,out_of_network,True,True,True,30,225.51,131.89,0.183,True,False,True,,0
CLM005054,37,United,inpatient,lab,general,in_network,True,True,True,9,192.34,121.33,0.372,False,False,False,coverage_inactive,1
CLM005055,69,BlueCross,professional,lab,respiratory,out_of_network,False,True,True,51,549.21,461.49,0.11,False,False,True,network_coverage,1
CLM005056,78,BlueCross,outpatient,evaluation,general,in_network,False,True,True,5,378.27,268.4,0.226,False,False,True,,0
CLM005057,20,BlueCross,outpatient,surgery,orthopedics,out_of_network,True,False,True,12,17549.09,13643.86,0.069,False,False,True,network_coverage,1
CLM005058,47,Humana,outpatient,surgery,orthopedics,out_of_network,True,True,True,25,7507.59,4612.33,0.083,False,False,True,,0
CLM005059,30,Humana,professional,pharmacy,respiratory,in_network,True,True,True,19,506.72,351.69,0.143,False,False,True,,0
CLM005060,43,Cigna,inpatient,imaging,cardiology,out_of_network,True,True,False,13,2819.63,1642.72,0.348,False,False,True,,0
CLM005061,82,BlueCross,outpatient,lab,cardiology,out_of_network,False,True,False,48,206.91,147.19,0.104,False,False,True,,0
CLM005062,30,Humana,outpatient,therapy,orthopedics,in_network,True,True,False,34,395.84,225.73,0.127,False,False,True,,0
CLM005063,66,BlueCross,outpatient,surgery,orthopedics,in_network,True,True,True,29,4619.14,3714.0,0.143,False,False,True,,0
CLM005064,88,United,inpatient,lab,cardiology,in_network,True,False,False,20,113.51,63.99,0.067,False,True,True,coding_mismatch,1
CLM005065,78,Humana,pharmacy,surgery,respiratory,in_network,True,False,True,33,11008.04,8746.86,0.096,False,False,True,,0
CLM005066,22,Cigna,outpatient,lab,oncology,in_network,False,True,True,41,86.46,47.01,0.124,False,False,True,,0
CLM005067,85,BlueCross,professional,pharmacy,orthopedics,in_network,False,True,True,15,206.41,171.98,0.328,False,False,True,,0
CLM005068,55,Humana,outpatient,lab,orthopedics,in_network,False,True,True,8,171.2,138.11,0.17,False,True,True,,0
CLM005069,89,Humana,outpatient,lab,general,in_network,False,False,True,7,303.85,229.96,0.14,False,False,True,,0
CLM005070,69,United,outpatient,lab,general,in_network,False,True,True,53,250.91,187.54,0.083,False,True,True,,0
CLM005071,72,Humana,outpatient,pharmacy,cardiology,in_network,False,True,True,10,102.66,67.05,0.123,False,False,True,,0
CLM005072,48,Humana,outpatient,imaging,respiratory,out_of_network,True,False,True,10,1628.17,1397.96,0.086,False,False,True,network_coverage,1
CLM005073,29,Aetna,outpatient,evaluation,orthopedics,in_network,False,True,False,41,355.98,185.62,0.246,False,False,True,,0
CLM005074,39,Aetna,outpatient,lab,orthopedics,in_network,True,True,True,25,245.73,131.74,0.185,False,False,True,,0
CLM005075,54,Humana,pharmacy,pharmacy,oncology,in_network,False,True,True,68,186.21,142.3,0.294,False,False,True,,0
CLM005076,29,Aetna,outpatient,lab,general,out_of_network,False,True,True,18,558.69,403.89,0.164,False,False,False,coverage_inactive,1
CLM005077,19,United,outpatient,imaging,oncology,in_network,True,True,True,25,2216.3,1347.88,0.287,False,False,True,,0
CLM005078,32,United,inpatient,therapy,general,in_network,True,True,True,20,292.7,190.7,0.012,False,False,True,,0
CLM005079,73,Cigna,outpatient,surgery,general,in_network,True,True,True,53,4884.79,3534.61,0.356,False,False,True,,0
CLM005080,86,Humana,professional,evaluation,respiratory,in_network,False,True,True,23,186.63,123.22,0.148,False,False,True,,0
CLM005081,77,Cigna,outpatient,evaluation,respiratory,in_network,False,True,False,20,304.75,164.92,0.119,False,False,True,,0
CLM005082,47,United,professional,evaluation,respiratory,in_network,False,True,True,22,367.49,195.54,0.048,False,False,True,,0
CLM005083,54,Aetna,outpatient,surgery,orthopedics,in_network,True,True,True,1,20690.72,13880.61,0.098,False,False,True,,0
CLM005084,20,BlueCross,inpatient,evaluation,general,in_network,True,True,True,5,223.08,151.98,0.022,False,False,True,,0
CLM005085,55,Humana,pharmacy,lab,general,out_of_network,False,True,True,12,320.51,239.49,0.157,False,False,True,,0
CLM005086,46,Humana,outpatient,pharmacy,respiratory,in_network,False,True,True,26,174.55,149.18,0.291,False,False,True,,0
CLM005087,45,BlueCross,professional,evaluation,respiratory,out_of_network,False,True,True,34,556.68,304.29,0.203,False,False,True,network_coverage,1
CLM005088,61,United,outpatient,therapy,general,in_network,True,False,True,36,471.84,290.27,0.076,False,False,True,,0
CLM005089,48,Cigna,pharmacy,evaluation,cardiology,in_network,False,True,True,34,227.44,163.28,0.253,False,True,True,,0
CLM005090,62,United,outpatient,therapy,cardiology,in_network,True,False,True,31,517.52,330.31,0.104,False,False,False,coverage_inactive,1
CLM005091,78,BlueCross,outpatient,therapy,general,in_network,True,True,True,21,1052.66,653.14,0.119,False,False,True,,0
CLM005092,24,Humana,professional,surgery,oncology,in_network,True,True,True,34,8927.83,5575.09,0.057,False,False,True,,0
CLM005093,82,BlueCross,outpatient,evaluation,respiratory,in_network,False,True,True,21,708.89,420.46,0.172,False,False,True,,0
CLM005094,36,Aetna,outpatient,lab,oncology,in_network,False,True,True,62,226.66,165.38,0.082,False,False,True,,0
CLM005095,70,Humana,pharmacy,imaging,oncology,in_network,True,True,False,24,2307.77,1697.47,0.267,False,False,True,,0
CLM005096,70,Humana,outpatient,evaluation,cardiology,in_network,False,True,True,11,258.16,196.3,0.05,False,False,True,,0
CLM005097,89,BlueCross,professional,imaging,orthopedics,out_of_network,True,True,True,109,2273.23,1284.6,0.084,False,False,True,,0
CLM005098,89,Humana,professional,evaluation,cardiology,in_network,False,True,True,3,559.36,325.08,0.262,False,False,True,,0
CLM005099,32,United,professional,imaging,oncology,in_network,True,True,True,17,1972.4,1694.17,0.305,False,False,False,,0
CLM005100,54,BlueCross,professional,lab,cardiology,in_network,False,True,True,24,530.77,320.4,0.083,False,False,True,,0
CLM005101,83,Cigna,outpatient,evaluation,general,in_network,False,True,True,25,1187.25,864.71,0.09,False,False,True,,0
CLM005102,24,BlueCross,outpatient,imaging,orthopedics,out_of_network,True,True,True,14,933.0,512.83,0.174,False,False,True,,0
CLM005103,64,Cigna,inpatient,evaluation,respiratory,in_network,True,True,True,15,199.71,154.08,0.111,False,False,True,,0
CLM005104,80,United,professional,therapy,cardiology,out_of_network,True,False,True,31,343.85,195.04,0.052,False,False,True,,0
CLM005105,51,Humana,professional,evaluation,cardiology,in_network,False,True,True,4,800.05,524.77,0.207,False,False,True,,0
CLM005106,49,Aetna,outpatient,imaging,oncology,in_network,True,True,True,28,1029.26,612.36,0.122,False,False,True,,0
CLM005107,46,Humana,outpatient,evaluation,respiratory,in_network,False,True,True,55,287.2,191.02,0.037,False,False,True,,0
CLM005108,70,Cigna,outpatient,lab,general,in_network,False,True,True,20,301.47,252.06,0.15,False,True,True,,0
CLM005109,29,Aetna,outpatient,lab,oncology,in_network,True,False,True,42,233.74,142.12,0.051,False,False,True,missing_prior_authorization,1
CLM005110,35,Humana,professional,lab,respiratory,in_network,False,True,False,27,279.85,162.31,0.236,False,False,True,,0
CLM005111,24,BlueCross,outpatient,lab,respiratory,out_of_network,False,True,True,7,245.77,134.21,0.251,False,False,True,,0
CLM005112,80,United,professional,therapy,respiratory,in_network,True,True,True,3,933.36,546.64,0.27,False,False,True,,0
CLM005113,74,United,professional,imaging,respiratory,in_network,True,True,True,23,825.91,649.32,0.222,False,False,True,,0
CLM005114,37,Humana,pharmacy,lab,cardiology,in_network,True,True,True,7,227.37,134.43,0.137,False,False,True,,0
CLM005115,61,Humana,inpatient,evaluation,oncology,in_network,True,True,True,41,378.34,319.18,0.202,False,False,True,,0
CLM005116,67,BlueCross,pharmacy,therapy,general,in_network,True,False,True,26,655.79,405.03,0.319,False,False,True,,0
CLM005117,32,Aetna,professional,imaging,oncology,in_network,True,True,True,62,1609.44,973.53,0.045,False,False,False,,0
CLM005118,46,Aetna,professional,lab,cardiology,in_network,False,True,True,12,206.92,165.47,0.425,False,False,True,,0
CLM005119,43,Cigna,inpatient,lab,respiratory,in_network,True,False,True,9,173.32,125.54,0.317,False,False,True,missing_prior_authorization,1
CLM005120,44,BlueCross,outpatient,evaluation,orthopedics,in_network,False,True,True,34,735.72,496.85,0.078,False,False,True,,1
CLM005121,65,United,professional,pharmacy,oncology,out_of_network,False,True,True,50,146.21,84.69,0.126,False,False,True,,0
CLM005122,31,BlueCross,outpatient,therapy,oncology,in_network,True,False,True,46,709.72,540.29,0.061,False,False,True,missing_prior_authorization,1
CLM005123,35,BlueCross,outpatient,evaluation,respiratory,out_of_network,False,True,False,59,259.41,190.2,0.192,False,False,True,network_coverage,1
CLM005124,78,United,outpatient,imaging,general,in_network,True,True,True,34,1664.45,1401.54,0.341,False,False,True,,0
CLM005125,31,United,outpatient,pharmacy,respiratory,in_network,False,True,True,19,298.96,253.37,0.155,False,False,True,,0
CLM005126,49,BlueCross,inpatient,lab,general,out_of_network,True,True,True,18,175.37,127.02,0.13,False,False,True,,0
CLM005127,71,Aetna,outpatient,lab,cardiology,in_network,False,True,True,48,322.32,198.29,0.067,False,False,True,,0
CLM005128,47,Aetna,outpatient,surgery,respiratory,in_network,True,True,True,50,6883.87,5679.85,0.05,False,False,True,,0
CLM005129,51,Cigna,pharmacy,imaging,oncology,in_network,True,True,True,45,476.48,276.11,0.019,False,False,True,,1
CLM005130,25,United,pharmacy,evaluation,respiratory,in_network,False,True,True,20,481.43,348.79,0.185,False,False,True,,0
CLM005131,49,BlueCross,outpatient,surgery,cardiology,in_network,True,True,False,38,5708.29,3314.6,0.067,False,False,True,,0
CLM005132,28,Aetna,outpatient,lab,oncology,in_network,False,True,True,34,175.3,118.67,0.168,False,False,True,,0
CLM005133,29,BlueCross,outpatient,surgery,cardiology,out_of_network,True,True,False,34,6383.16,3653.31,0.067,False,False,True,network_coverage,1
CLM005134,44,Aetna,outpatient,pharmacy,respiratory,in_network,False,True,True,33,141.07,120.86,0.069,False,False,True,,0
CLM005135,63,Cigna,professional,evaluation,orthopedics,in_network,False,False,True,24,631.97,365.04,0.175,False,False,True,,0
CLM005136,21,Cigna,outpatient,pharmacy,cardiology,in_network,False,True,False,16,433.25,313.79,0.194,False,False,True,,0
CLM005137,26,Humana,inpatient,evaluation,cardiology,in_network,True,True,True,8,229.19,142.07,0.136,False,False,True,,0
CLM005138,61,Aetna,inpatient,pharmacy,orthopedics,in_network,True,True,True,112,178.75,149.2,0.172,False,False,False,,0
CLM005139,62,Cigna,outpatient,lab,general,in_network,False,True,True,16,267.27,221.85,0.319,False,False,True,,0
CLM005140,31,Aetna,professional,imaging,general,in_network,True,False,True,35,837.39,680.77,0.086,False,False,True,,0
CLM005141,22,Cigna,professional,lab,cardiology,in_network,False,True,False,10,315.47,229.06,0.177,False,False,True,,0
CLM005142,70,United,outpatient,lab,general,in_network,False,True,True,27,449.91,291.51,0.101,False,False,True,,0
CLM005143,87,Humana,outpatient,evaluation,oncology,in_network,False,True,True,29,192.53,142.82,0.044,False,False,True,,0
CLM005144,64,United,pharmacy,imaging,orthopedics,in_network,True,True,False,4,2486.73,1365.16,0.203,False,False,True,,0
CLM005145,35,Aetna,outpatient,imaging,general,in_network,True,True,True,4,784.03,410.55,0.137,False,False,True,,0
CLM005146,51,Humana,professional,evaluation,orthopedics,in_network,False,True,True,33,292.91,200.73,0.273,False,False,True,,0
CLM005147,80,United,pharmacy,imaging,cardiology,in_network,True,True,True,19,4159.79,2706.13,0.122,False,False,True,,0
CLM005148,32,Humana,outpatient,imaging,orthopedics,in_network,True,True,True,6,3125.15,2544.73,0.176,False,False,True,,0
CLM005149,23,Humana,pharmacy,imaging,cardiology,in_network,True,True,True,4,730.23,557.51,0.134,False,False,True,,0
CLM005150,73,Aetna,outpatient,evaluation,oncology,out_of_network,False,True,True,25,659.3,547.64,0.121,False,False,True,,0
CLM005151,65,Humana,professional,imaging,cardiology,in_network,True,True,True,54,742.2,406.43,0.129,False,False,True,,0
CLM005152,89,United,inpatient,imaging,orthopedics,in_network,True,True,False,31,1705.16,1300.71,0.074,False,False,True,,0
CLM005153,53,BlueCross,outpatient,surgery,orthopedics,out_of_network,True,False,True,29,10353.54,7264.64,0.165,False,False,True,,0
CLM005154,69,Cigna,outpatient,evaluation,respiratory,out_of_network,False,True,True,29,596.31,310.14,0.212,False,False,True,network_coverage,1
CLM005155,50,Cigna,inpatient,surgery,general,in_network,True,True,True,8,10655.45,5739.08,0.091,False,False,True,,0
CLM005156,70,Aetna,inpatient,imaging,cardiology,out_of_network,True,True,True,1,2037.76,1738.2,0.149,False,False,False,coverage_inactive,1
CLM005157,66,Aetna,outpatient,pharmacy,respiratory,in_network,True,True,True,14,178.29,107.56,0.03,False,False,True,,0
CLM005158,32,BlueCross,professional,evaluation,cardiology,in_network,False,True,False,8,920.43,516.88,0.092,False,False,True,,0
CLM005159,78,Aetna,outpatient,surgery,general,in_network,True,True,True,9,7383.81,5293.18,0.097,False,False,True,,0
CLM005160,47,Cigna,outpatient,surgery,orthopedics,out_of_network,True,False,True,39,9219.9,5193.43,0.293,False,False,True,network_coverage,1
CLM005161,52,Aetna,pharmacy,surgery,general,in_network,True,True,True,49,18638.15,13806.4,0.056,False,False,True,,0
CLM005162,23,Aetna,pharmacy,evaluation,respiratory,in_network,False,True,True,3,210.04,135.75,0.2,False,False,True,,0
CLM005163,37,Humana,inpatient,surgery,orthopedics,in_network,True,True,True,3,14535.3,11273.93,0.144,False,False,False,coverage_inactive,1
CLM005164,23,BlueCross,outpatient,pharmacy,orthopedics,in_network,False,True,True,41,169.15,114.05,0.34,False,False,True,,0
CLM005165,85,BlueCross,professional,evaluation,orthopedics,in_network,True,True,True,34,228.58,178.97,0.13,False,False,False,,0
CLM005166,50,BlueCross,professional,therapy,oncology,in_network,True,True,True,21,814.14,594.1,0.085,False,False,True,,0
CLM005167,28,Cigna,outpatient,imaging,oncology,in_network,True,False,True,83,1553.61,1199.65,0.106,False,False,True,,0
CLM005168,36,Cigna,professional,pharmacy,respiratory,in_network,False,True,True,48,201.23,166.18,0.084,False,False,True,,0
CLM005169,65,Aetna,inpatient,evaluation,oncology,in_network,True,True,True,36,365.36,262.48,0.283,False,False,True,,0
CLM005170,64,Aetna,outpatient,evaluation,respiratory,in_network,False,True,True,21,458.19,287.96,0.301,False,False,True,,0
CLM005171,61,Cigna,professional,imaging,oncology,in_network,True,True,True,7,705.3,521.22,0.052,False,False,True,,0
CLM005172,85,Cigna,professional,evaluation,orthopedics,out_of_network,False,True,True,52,739.96,458.97,0.069,False,False,True,network_coverage,1
CLM005173,87,Humana,professional,evaluation,orthopedics,in_network,False,True,True,9,154.69,102.44,0.115,False,False,True,,0
CLM005174,48,Aetna,inpatient,pharmacy,respiratory,in_network,True,False,True,31,119.19,72.1,0.169,False,False,True,,0
CLM005175,68,Aetna,outpatient,therapy,cardiology,in_network,True,False,True,61,683.36,492.4,0.178,False,False,True,missing_prior_authorization,1
CLM005176,27,Cigna,inpatient,therapy,orthopedics,out_of_network,True,True,True,9,1043.59,664.97,0.041,False,False,True,,0
CLM005177,23,United,outpatient,lab,orthopedics,in_network,False,True,True,18,187.2,106.21,0.056,False,False,True,,0
CLM005178,32,BlueCross,inpatient,evaluation,respiratory,in_network,True,False,True,15,491.08,359.76,0.118,False,False,True,,0
CLM005179,46,Aetna,outpatient,pharmacy,cardiology,in_network,False,True,True,22,168.01,140.48,0.096,False,False,True,,0
CLM005180,50,Cigna,outpatient,therapy,oncology,in_network,True,True,False,45,232.71,128.53,0.244,False,False,True,,0
CLM005181,87,Cigna,professional,surgery,respiratory,in_network,True,True,True,8,6914.02,5942.18,0.17,False,False,True,,0
CLM005182,51,Humana,outpatient,imaging,general,in_network,True,False,True,16,722.85,564.23,0.182,False,False,False,coverage_inactive,1
CLM005183,51,Aetna,inpatient,therapy,oncology,out_of_network,True,False,True,5,655.02,430.03,0.212,False,False,True,network_coverage,1
CLM005184,57,Humana,professional,evaluation,general,out_of_network,False,True,False,29,512.58,395.95,0.09,False,False,True,network_coverage,1
CLM005185,24,BlueCross,inpatient,imaging,respiratory,in_network,True,False,True,15,1640.49,1408.8,0.061,False,False,True,missing_prior_authorization,1
CLM005186,82,Aetna,professional,lab,respiratory,out_of_network,False,True,True,3,175.97,119.35,0.205,False,False,True,network_coverage,1
CLM005187,36,United,inpatient,pharmacy,orthopedics,in_network,True,True,True,28,236.81,138.31,0.38,False,False,True,,1
CLM005188,83,Cigna,outpatient,therapy,general,in_network,True,True,False,35,627.61,350.8,0.029,False,False,True,,0
CLM005189,71,BlueCross,pharmacy,surgery,orthopedics,in_network,True,True,False,17,16801.31,13907.38,0.131,False,False,True,incomplete_documentation,1
CLM005190,64,United,outpatient,lab,cardiology,in_network,False,True,True,41,184.75,152.78,0.261,False,False,True,,0
CLM005191,81,Humana,professional,lab,cardiology,in_network,False,True,True,17,147.16,110.28,0.155,False,False,True,,0
CLM005192,29,BlueCross,professional,imaging,respiratory,in_network,True,True,True,13,941.24,774.05,0.18,False,False,True,,0
CLM005193,70,United,inpatient,evaluation,respiratory,in_network,True,True,True,8,365.84,307.69,0.154,False,True,True,coding_mismatch,1
CLM005194,30,Cigna,professional,therapy,cardiology,in_network,True,True,True,120,479.7,359.79,0.176,False,False,True,,0
CLM005195,89,BlueCross,pharmacy,evaluation,general,in_network,False,True,True,32,309.09,161.15,0.141,False,False,True,,0
CLM005196,39,Cigna,pharmacy,therapy,orthopedics,in_network,True,False,True,27,376.27,236.42,0.171,False,False,True,missing_prior_authorization,1
CLM005197,43,Aetna,outpatient,imaging,respiratory,in_network,True,True,True,24,1770.35,1042.26,0.187,False,False,True,,0
CLM005198,70,United,outpatient,imaging,oncology,in_network,True,True,True,41,1723.17,1227.39,0.088,False,False,True,,0
CLM005199,47,BlueCross,professional,imaging,oncology,in_network,True,False,True,54,1194.85,871.61,0.302,False,False,True,missing_prior_authorization,1
CLM005200,78,Cigna,outpatient,imaging,respiratory,in_network,True,False,True,27,3866.38,3261.79,0.114,False,False,True,,0
CLM005201,46,Aetna,outpatient,evaluation,general,in_network,False,True,True,42,183.95,154.3,0.092,False,False,True,,0
CLM005202,65,United,outpatient,imaging,respiratory,in_network,True,True,True,49,1064.86,577.52,0.087,True,False,True,,0
CLM005203,31,BlueCross,outpatient,evaluation,general,out_of_network,False,True,True,52,287.05,222.59,0.34,False,False,True,network_coverage,1
CLM005204,78,Humana,outpatient,imaging,general,out_of_network,True,False,True,21,1293.33,877.01,0.1,False,False,True,network_coverage,1
CLM005205,19,BlueCross,outpatient,imaging,orthopedics,in_network,True,True,True,17,1209.71,986.11,0.31,False,False,True,,0
CLM005206,35,Cigna,inpatient,imaging,oncology,in_network,True,True,True,21,1560.17,815.69,0.185,False,False,True,,0
CLM005207,74,Cigna,inpatient,therapy,cardiology,out_of_network,True,True,True,25,664.89,455.44,0.237,False,True,True,coding_mismatch,1
CLM005208,66,BlueCross,pharmacy,evaluation,general,in_network,False,True,True,30,1187.31,760.06,0.149,False,False,True,,0
CLM005209,30,Cigna,inpatient,evaluation,general,in_network,True,True,True,4,161.3,111.17,0.328,False,False,True,,0
CLM005210,37,Cigna,inpatient,imaging,general,in_network,True,True,True,41,1150.3,890.72,0.095,False,False,True,,0
CLM005211,38,BlueCross,outpatient,therapy,respiratory,out_of_network,True,True,True,11,874.68,667.71,0.122,False,False,True,,0
CLM005212,65,Aetna,outpatient,evaluation,general,in_network,False,True,True,49,95.02,56.82,0.332,False,False,True,,0
CLM005213,42,Aetna,pharmacy,lab,respiratory,in_network,False,True,True,10,329.6,188.69,0.127,False,False,True,,0
CLM005214,20,Cigna,pharmacy,imaging,orthopedics,out_of_network,True,True,True,24,3432.55,2418.16,0.159,False,False,True,network_coverage,1
CLM005215,45,BlueCross,outpatient,imaging,orthopedics,in_network,True,True,False,18,1162.57,908.48,0.158,False,False,True,incomplete_documentation,1
CLM005216,61,BlueCross,outpatient,imaging,oncology,in_network,True,True,True,3,991.17,852.1,0.167,False,False,True,,0
CLM005217,46,Humana,outpatient,pharmacy,oncology,out_of_network,False,True,True,12,209.77,109.1,0.081,False,False,True,,0
CLM005218,82,Humana,inpatient,lab,respiratory,in_network,True,True,True,58,276.89,171.6,0.293,False,False,False,,0
CLM005219,65,United,outpatient,therapy,respiratory,out_of_network,True,True,True,13,701.43,562.31,0.14,False,False,True,network_coverage,1
CLM005220,36,Humana,inpatient,evaluation,general,out_of_network,True,True,True,12,593.45,413.41,0.241,False,False,True,,0
CLM005221,64,Cigna,inpatient,lab,respiratory,in_network,True,True,True,58,163.11,90.55,0.046,False,False,True,,0
CLM005222,80,United,outpatient,evaluation,cardiology,in_network,False,True,False,31,505.81,300.59,0.132,False,False,True,,0
CLM005223,87,United,inpatient,imaging,orthopedics,in_network,True,False,True,11,1278.92,823.48,0.102,False,False,True,,0
CLM005224,21,BlueCross,inpatient,therapy,orthopedics,out_of_network,True,True,True,20,2063.37,1773.07,0.17,False,False,True,,0
CLM005225,37,Aetna,outpatient,imaging,respiratory,out_of_network,True,True,True,77,1161.13,826.8,0.162,False,False,True,network_coverage,1
CLM005226,65,United,outpatient,surgery,orthopedics,out_of_network,True,False,True,52,23457.09,15478.94,0.13,False,False,True,network_coverage,1
CLM005227,19,United,inpatient,lab,general,in_network,True,True,False,13,172.72,130.53,0.224,False,False,True,incomplete_documentation,1
CLM005228,48,United,inpatient,evaluation,orthopedics,in_network,True,True,True,24,189.99,120.28,0.239,True,False,True,,0
CLM005229,60,Cigna,outpatient,evaluation,oncology,in_network,False,True,True,20,332.53,209.27,0.171,False,False,False,coverage_inactive,1
CLM005230,20,United,outpatient,evaluation,general,in_network,False,True,True,20,197.27,111.38,0.149,False,False,True,,0
CLM005231,26,Humana,professional,imaging,orthopedics,in_network,True,True,True,23,1590.3,1122.94,0.041,False,True,True,coding_mismatch,1
CLM005232,64,Humana,pharmacy,pharmacy,cardiology,out_of_network,False,True,True,5,410.5,327.79,0.349,False,True,True,coding_mismatch,1
CLM005233,51,Humana,outpatient,imaging,orthopedics,in_network,True,True,True,9,1090.51,756.26,0.123,False,False,False,coverage_inactive,1
CLM005234,29,BlueCross,outpatient,evaluation,orthopedics,in_network,True,True,True,44,230.79,197.69,0.129,False,False,True,,0
CLM005235,19,Humana,professional,evaluation,respiratory,in_network,False,True,True,47,521.0,383.74,0.156,False,False,True,,0
CLM005236,53,United,professional,therapy,respiratory,in_network,True,True,True,23,307.19,216.23,0.181,False,True,False,coverage_inactive,1
CLM005237,84,United,outpatient,lab,oncology,in_network,False,True,True,18,118.35,81.91,0.199,False,False,True,,0
CLM005238,35,Cigna,inpatient,evaluation,oncology,out_of_network,True,False,True,19,677.15,370.22,0.034,False,False,True,network_coverage,1
CLM005239,48,Aetna,outpatient,evaluation,oncology,out_of_network,False,True,True,58,493.36,421.17,0.354,False,False,True,,0
CLM005240,26,Humana,outpatient,imaging,cardiology,in_network,True,True,True,63,1324.16,1077.08,0.035,False,False,True,,0
CLM005241,45,BlueCross,inpatient,evaluation,cardiology,in_network,True,False,True,52,220.71,126.32,0.165,False,False,True,missing_prior_authorization,1
CLM005242,26,BlueCross,outpatient,imaging,respiratory,in_network,True,True,True,26,1821.44,1554.4,0.115,False,False,True,,0
CLM005243,34,Aetna,outpatient,therapy,general,in_network,True,True,True,18,684.58,394.87,0.189,False,False,True,,1
CLM005244,63,Aetna,outpatient,evaluation,oncology,in_network,False,True,True,35,139.31,75.81,0.534,False,False,True,,0
CLM005245,52,Cigna,outpatient,evaluation,cardiology,in_network,False,True,True,16,1236.98,841.04,0.142,False,False,True,,1
CLM005246,32,BlueCross,professional,lab,general,in_network,False,True,True,24,127.31,75.88,0.231,False,False,True,,0
CLM005247,28,BlueCross,outpatient,surgery,orthopedics,in_network,True,True,True,23,6818.65,3741.59,0.243,False,False,True,,0
CLM005248,40,Cigna,outpatient,therapy,respiratory,in_network,True,False,True,22,392.95,239.17,0.137,False,False,True,missing_prior_authorization,1
CLM005249,77,Cigna,inpatient,surgery,general,in_network,True,True,True,13,3727.45,2407.51,0.123,False,False,True,,0
CLM005250,32,Cigna,professional,therapy,general,in_network,True,True,True,28,314.68,220.78,0.093,False,False,True,,0
CLM005251,41,Cigna,outpatient,lab,cardiology,in_network,False,True,True,16,181.01,150.37,0.231,False,False,True,,0
CLM005252,27,United,inpatient,evaluation,cardiology,out_of_network,True,True,True,3,380.99,263.74,0.078,False,False,True,network_coverage,1
CLM005253,62,BlueCross,outpatient,surgery,respiratory,in_network,True,True,False,5,6412.85,5511.19,0.12,False,False,True,,0
CLM005254,18,Aetna,professional,surgery,respiratory,in_network,True,True,True,19,15448.06,11146.58,0.299,False,False,True,,0
CLM005255,32,United,professional,lab,general,in_network,False,False,True,9,275.1,222.12,0.103,False,False,True,,0
CLM005256,52,Aetna,professional,imaging,oncology,in_network,True,True,True,19,2051.91,1436.7,0.155,False,False,True,,0
CLM005257,65,Humana,professional,surgery,cardiology,in_network,True,True,True,6,7919.08,4927.7,0.201,True,False,True,,0
CLM005258,73,BlueCross,outpatient,lab,respiratory,in_network,False,True,False,46,322.44,277.25,0.079,False,False,True,,0
CLM005259,71,United,outpatient,therapy,respiratory,in_network,True,True,True,17,532.05,397.29,0.335,False,False,True,,0
CLM005260,23,Aetna,outpatient,surgery,oncology,out_of_network,True,True,True,30,17466.25,14755.8,0.039,False,False,True,,0
CLM005261,60,Aetna,professional,therapy,respiratory,in_network,True,True,True,49,303.59,223.85,0.089,False,False,True,,1
CLM005262,30,Cigna,professional,evaluation,orthopedics,in_network,False,True,False,45,571.0,300.82,0.317,False,False,True,incomplete_documentation,1
CLM005263,60,Cigna,inpatient,therapy,general,in_network,True,True,False,27,529.91,405.22,0.088,False,False,True,,0
CLM005264,82,Humana,pharmacy,lab,cardiology,out_of_network,False,True,True,48,326.89,280.11,0.21,False,False,False,,0
CLM005265,19,Humana,outpatient,imaging,general,in_network,True,True,True,8,2525.21,1838.98,0.156,False,False,True,,1
CLM005266,83,United,inpatient,imaging,general,out_of_network,True,False,True,13,1608.78,1193.92,0.056,False,True,True,coding_mismatch,1
CLM005267,84,Humana,outpatient,therapy,respiratory,in_network,True,True,True,75,413.63,245.06,0.102,False,False,True,,1
CLM005268,87,BlueCross,professional,evaluation,general,in_network,False,True,False,27,608.24,489.48,0.185,False,False,True,,0
CLM005269,20,Aetna,pharmacy,imaging,general,in_network,True,True,True,31,1135.48,591.79,0.152,False,False,True,,0
CLM005270,63,BlueCross,outpatient,surgery,cardiology,in_network,True,True,True,19,8400.56,6534.94,0.207,False,True,True,coding_mismatch,1
CLM005271,36,United,pharmacy,lab,oncology,in_network,False,True,True,17,120.71,73.89,0.231,False,False,True,,0
CLM005272,19,Humana,professional,lab,respiratory,in_network,False,True,False,14,157.59,94.27,0.271,False,False,True,incomplete_documentation,1
CLM005273,22,Humana,professional,pharmacy,general,in_network,True,True,True,33,306.83,243.82,0.135,False,False,True,,0
CLM005274,27,BlueCross,professional,surgery,respiratory,in_network,True,True,False,32,10276.68,6510.36,0.212,False,False,True,incomplete_documentation,1
CLM005275,47,Cigna,outpatient,imaging,oncology,in_network,True,True,True,35,829.34,543.05,0.181,False,False,True,,0
CLM005276,33,Humana,professional,lab,oncology,in_network,False,True,True,26,182.59,118.89,0.053,False,False,True,,0
CLM005277,23,United,outpatient,imaging,cardiology,in_network,True,True,True,10,887.66,651.23,0.182,False,False,True,,0
CLM005278,43,Cigna,professional,imaging,orthopedics,in_network,True,True,True,11,1590.86,1311.75,0.162,False,False,True,,0
CLM005279,52,Aetna,outpatient,lab,oncology,in_network,False,True,True,16,293.58,234.77,0.143,False,False,True,,0
CLM005280,43,United,professional,lab,general,out_of_network,False,True,True,47,244.66,183.98,0.233,False,False,True,,0
CLM005281,63,United,pharmacy,imaging,general,in_network,True,True,True,29,840.18,656.79,0.158,False,False,True,,0
CLM005282,30,Aetna,outpatient,therapy,respiratory,in_network,True,True,True,40,229.23,126.8,0.225,False,False,True,,0
CLM005283,41,BlueCross,pharmacy,therapy,cardiology,in_network,True,True,True,21,933.95,792.56,0.239,False,False,True,,0
CLM005284,30,United,outpatient,imaging,respiratory,in_network,True,True,True,33,1194.39,745.82,0.235,False,False,True,,0
CLM005285,34,United,outpatient,evaluation,oncology,in_network,False,True,True,6,430.74,240.92,0.088,False,False,True,,0
CLM005286,86,United,inpatient,lab,respiratory,in_network,True,True,True,16,147.74,122.87,0.071,False,False,True,,0
CLM005287,64,United,professional,pharmacy,oncology,out_of_network,False,True,True,13,223.19,135.85,0.203,False,False,True,,0
CLM005288,24,Aetna,outpatient,pharmacy,respiratory,in_network,False,True,True,79,115.81,66.0,0.172,False,False,True,,1
CLM005289,30,Aetna,outpatient,lab,orthopedics,in_network,False,True,True,14,317.6,272.12,0.131,False,False,True,,0
CLM005290,19,Cigna,professional,surgery,cardiology,in_network,True,True,True,9,13023.67,6857.91,0.123,False,False,True,,0
CLM005291,79,Humana,outpatient,evaluation,orthopedics,out_of_network,False,True,False,35,651.1,491.82,0.104,False,False,True,,0
CLM005292,19,Cigna,outpatient,lab,general,in_network,True,False,True,35,165.88,108.25,0.151,False,False,True,missing_prior_authorization,1
CLM005293,23,BlueCross,professional,imaging,cardiology,in_network,True,False,True,36,1417.14,1131.06,0.088,False,False,True,,0
CLM005294,58,BlueCross,professional,therapy,orthopedics,in_network,True,True,True,18,281.52,152.73,0.278,False,False,True,,0
CLM005295,51,Humana,professional,therapy,orthopedics,in_network,True,False,True,32,515.13,323.42,0.167,False,False,True,,0
CLM005296,33,United,professional,evaluation,general,in_network,True,True,False,30,475.11,286.09,0.116,False,False,True,,0
CLM005297,51,United,pharmacy,evaluation,orthopedics,in_network,False,True,True,8,281.23,158.31,0.214,False,True,False,coverage_inactive,1
CLM005298,52,Aetna,outpatient,evaluation,general,out_of_network,False,True,True,1,422.61,303.16,0.229,False,False,True,network_coverage,1
CLM005299,27,Aetna,outpatient,evaluation,general,out_of_network,False,True,False,15,294.47,184.87,0.067,True,False,True,,0
CLM005300,51,BlueCross,inpatient,evaluation,respiratory,in_network,True,False,True,26,230.56,150.85,0.426,False,False,True,missing_prior_authorization,1
CLM005301,76,Humana,outpatient,therapy,orthopedics,out_of_network,True,False,True,5,454.91,338.01,0.174,False,True,True,coding_mismatch,1
CLM005302,83,Aetna,professional,pharmacy,oncology,in_network,True,True,True,18,141.04,76.91,0.199,False,False,False,coverage_inactive,1
CLM005303,62,Humana,professional,pharmacy,respiratory,in_network,False,True,True,27,300.03,237.32,0.336,False,False,True,,0
CLM005304,29,Cigna,outpatient,evaluation,cardiology,out_of_network,False,True,True,28,328.04,215.05,0.167,False,False,True,network_coverage,1
CLM005305,74,Humana,inpatient,evaluation,general,in_network,True,True,True,68,332.21,202.46,0.069,False,False,True,,0
CLM005306,40,United,professional,therapy,oncology,in_network,True,True,True,35,702.28,559.65,0.127,False,False,True,,0
CLM005307,29,Cigna,pharmacy,surgery,general,in_network,True,True,True,3,10558.16,6363.57,0.063,False,False,True,,0
CLM005308,66,Humana,outpatient,evaluation,respiratory,in_network,True,True,True,56,1071.53,788.07,0.029,False,False,True,,0
CLM005309,31,Cigna,outpatient,imaging,general,out_of_network,True,True,True,16,2478.64,1452.59,0.123,False,True,True,coding_mismatch,1
CLM005310,56,Humana,outpatient,surgery,cardiology,in_network,True,False,True,9,7971.31,5659.31,0.013,False,False,True,missing_prior_authorization,1
CLM005311,54,BlueCross,outpatient,lab,cardiology,in_network,False,True,False,16,125.14,82.12,0.159,False,False,True,,0
CLM005312,60,Aetna,outpatient,therapy,cardiology,in_network,True,True,True,10,831.32,675.92,0.117,False,False,True,,0
CLM005313,43,Aetna,outpatient,therapy,general,in_network,True,True,True,1,397.15,260.38,0.26,False,False,True,,0
CLM005314,51,Humana,professional,imaging,general,in_network,True,True,False,13,947.23,713.25,0.096,True,False,True,duplicate_claim,1
CLM005315,26,Humana,outpatient,imaging,general,out_of_network,True,True,True,28,1200.58,1025.47,0.128,False,False,True,network_coverage,1
CLM005316,77,Cigna,outpatient,surgery,orthopedics,in_network,True,True,True,29,5541.7,2886.13,0.111,False,False,True,,0
CLM005317,66,Humana,inpatient,lab,orthopedics,out_of_network,True,True,True,33,289.39,159.25,0.097,False,False,True,,0
CLM005318,26,Cigna,pharmacy,imaging,orthopedics,in_network,True,True,True,29,1069.26,763.69,0.014,False,False,True,,0
CLM005319,77,BlueCross,outpatient,evaluation,general,in_network,False,True,True,29,365.61,220.95,0.142,False,False,True,,0
CLM005320,86,Cigna,outpatient,surgery,orthopedics,in_network,True,True,True,14,24879.14,12988.66,0.092,False,False,True,,0
CLM005321,73,BlueCross,inpatient,lab,oncology,in_network,True,True,True,12,244.9,205.96,0.113,False,False,True,,0
CLM005322,31,United,professional,lab,respiratory,out_of_network,False,True,True,12,704.9,434.87,0.113,False,False,True,,0
CLM005323,66,Humana,professional,therapy,orthopedics,in_network,True,False,False,17,421.22,361.78,0.177,False,False,True,,0
CLM005324,31,Humana,inpatient,evaluation,oncology,in_network,True,True,True,36,302.8,179.03,0.049,False,False,True,,1
CLM005325,75,Humana,inpatient,imaging,respiratory,out_of_network,True,True,True,4,644.42,537.85,0.124,False,False,True,,0
CLM005326,34,Humana,inpatient,lab,respiratory,in_network,True,True,False,23,411.77,214.64,0.106,False,False,True,,0
CLM005327,84,Humana,professional,evaluation,cardiology,in_network,False,True,True,18,227.36,164.88,0.107,False,False,True,,0
CLM005328,71,Cigna,pharmacy,imaging,oncology,in_network,True,True,True,45,1918.41,1483.02,0.299,False,False,False,,0
CLM005329,77,United,outpatient,evaluation,cardiology,in_network,False,True,True,52,110.31,83.39,0.163,False,False,True,,0
CLM005330,61,Aetna,outpatient,pharmacy,cardiology,in_network,False,True,True,23,142.69,112.32,0.158,False,False,True,,1
CLM005331,25,Humana,professional,therapy,respiratory,in_network,True,True,True,23,513.92,418.6,0.277,False,True,True,,0
CLM005332,25,Cigna,professional,pharmacy,oncology,in_network,False,True,False,21,176.53,112.17,0.102,False,True,True,coding_mismatch,1
CLM005333,76,Aetna,outpatient,lab,orthopedics,in_network,False,True,True,65,162.57,117.74,0.271,False,False,True,,0
CLM005334,80,Humana,outpatient,lab,cardiology,in_network,False,True,False,11,259.31,197.7,0.102,False,False,False,coverage_inactive,1
CLM005335,45,Aetna,outpatient,imaging,general,in_network,True,True,True,4,1885.56,1530.33,0.087,False,False,True,,0
CLM005336,89,Humana,professional,imaging,general,in_network,True,False,True,12,702.26,370.67,0.046,False,False,True,missing_prior_authorization,1
CLM005337,38,Cigna,professional,surgery,general,in_network,True,False,True,42,11454.15,6052.61,0.147,False,False,True,missing_prior_authorization,1
CLM005338,53,Humana,professional,lab,cardiology,in_network,False,True,True,29,385.23,330.48,0.334,False,False,True,,0
CLM005339,49,Humana,professional,therapy,cardiology,in_network,True,True,True,9,754.25,424.11,0.047,False,False,True,,0
CLM005340,19,BlueCross,outpatient,surgery,orthopedics,in_network,True,True,True,23,9271.34,5633.06,0.292,False,False,True,,0
CLM005341,37,Humana,outpatient,therapy,cardiology,in_network,True,True,True,44,423.81,260.82,0.26,False,False,True,,1
CLM005342,54,BlueCross,inpatient,surgery,oncology,in_network,True,True,True,37,12221.12,8063.83,0.264,False,False,True,,0
CLM005343,19,Humana,professional,lab,respiratory,out_of_network,False,True,True,5,297.14,229.55,0.014,False,False,True,,0
CLM005344,59,Aetna,professional,surgery,cardiology,in_network,True,False,True,35,16085.8,13492.89,0.213,False,False,True,,0
CLM005345,54,Aetna,outpatient,evaluation,orthopedics,out_of_network,False,True,True,42,1284.63,905.91,0.296,False,False,True,,0
CLM005346,32,Humana,inpatient,therapy,oncology,out_of_network,True,True,True,17,386.95,276.67,0.15,False,False,True,network_coverage,1
CLM005347,56,Aetna,professional,evaluation,orthopedics,in_network,False,True,True,20,391.24,256.32,0.057,False,True,True,,0
CLM005348,20,United,professional,imaging,oncology,out_of_network,True,False,True,21,1753.45,1268.08,0.125,False,False,True,,0
CLM005349,64,Aetna,professional,lab,oncology,in_network,False,True,True,78,96.41,51.49,0.059,True,False,True,,0
CLM005350,53,Cigna,outpatient,pharmacy,general,in_network,False,True,True,32,232.58,163.44,0.166,False,False,True,,0
CLM005351,44,United,pharmacy,imaging,orthopedics,out_of_network,True,True,True,24,1715.01,1432.93,0.074,False,False,True,network_coverage,1
CLM005352,80,Humana,professional,lab,cardiology,in_network,False,True,True,26,345.58,271.12,0.178,False,False,True,,0
CLM005353,78,Humana,professional,imaging,general,in_network,True,True,True,4,2025.95,1319.88,0.044,False,False,True,,1
CLM005354,35,Humana,professional,imaging,oncology,in_network,True,False,True,36,1462.03,1152.03,0.225,False,False,True,,0
CLM005355,57,Humana,pharmacy,lab,oncology,in_network,False,True,True,58,362.66,218.82,0.094,False,False,True,,0
CLM005356,44,Aetna,pharmacy,imaging,respiratory,in_network,True,True,True,56,771.6,587.86,0.253,False,False,True,,0
CLM005357,80,BlueCross,professional,therapy,general,in_network,True,True,True,13,473.14,286.66,0.032,False,False,False,coverage_inactive,1
CLM005358,83,Aetna,outpatient,pharmacy,cardiology,out_of_network,False,True,True,32,445.34,343.04,0.053,False,False,True,,0
CLM005359,77,BlueCross,outpatient,surgery,general,in_network,True,True,True,6,13430.35,8068.93,0.031,False,False,True,,0
CLM005360,61,BlueCross,professional,imaging,respiratory,in_network,True,True,False,40,1253.01,796.78,0.298,False,False,True,,0
CLM005361,88,Humana,professional,evaluation,oncology,in_network,False,True,True,10,407.32,251.14,0.13,False,False,True,,0
CLM005362,58,United,inpatient,lab,general,in_network,True,True,True,46,165.61,135.18,0.086,False,False,True,,0
CLM005363,63,Cigna,inpatient,pharmacy,orthopedics,out_of_network,True,True,True,32,526.58,419.73,0.014,False,True,True,,0
CLM005364,41,Aetna,pharmacy,lab,respiratory,in_network,False,True,True,4,363.4,277.18,0.173,False,False,True,,0
CLM005365,69,Humana,pharmacy,therapy,oncology,in_network,True,True,True,44,515.44,306.98,0.126,False,False,True,,0
CLM005366,87,Cigna,pharmacy,pharmacy,general,out_of_network,True,True,True,3,312.99,218.7,0.232,False,False,True,network_coverage,1
CLM005367,57,Humana,outpatient,imaging,oncology,in_network,True,True,True,12,1675.12,1330.27,0.182,False,False,True,,0
CLM005368,68,BlueCross,professional,evaluation,respiratory,in_network,False,True,False,6,443.74,318.75,0.086,False,False,True,,0
CLM005369,38,Cigna,professional,evaluation,oncology,out_of_network,False,True,True,84,400.53,241.85,0.088,False,False,True,,0
CLM005370,25,Humana,outpatient,evaluation,orthopedics,in_network,False,True,True,32,455.76,273.28,0.084,False,True,True,coding_mismatch,1
CLM005371,45,Humana,inpatient,imaging,orthopedics,in_network,True,True,True,25,3291.0,2496.54,0.019,False,False,False,,0
CLM005372,21,BlueCross,pharmacy,lab,general,in_network,False,True,True,18,353.99,264.33,0.392,False,False,True,,0
CLM005373,89,Cigna,inpatient,imaging,general,in_network,True,True,True,99,1165.68,628.68,0.125,False,False,True,,0
CLM005374,62,United,professional,pharmacy,orthopedics,in_network,False,True,True,22,167.3,95.06,0.092,False,False,True,,0
CLM005375,71,Aetna,professional,imaging,general,in_network,True,True,True,96,1501.34,920.93,0.194,False,False,True,,0
CLM005376,37,BlueCross,professional,imaging,oncology,in_network,True,True,True,24,2677.42,1803.3,0.032,False,False,True,,0
CLM005377,61,Cigna,outpatient,pharmacy,cardiology,out_of_network,False,True,True,53,322.58,173.73,0.302,False,False,True,,0
CLM005378,25,United,professional,lab,respiratory,in_network,False,True,True,59,106.5,70.71,0.116,False,False,True,,0
CLM005379,84,United,outpatient,therapy,cardiology,in_network,True,True,True,13,309.87,249.47,0.089,False,False,True,,0
CLM005380,70,Cigna,professional,lab,general,in_network,False,True,True,32,151.86,124.43,0.162,False,False,True,,1
CLM005381,39,Cigna,outpatient,evaluation,oncology,in_network,False,False,True,50,447.87,276.48,0.108,False,False,True,,0
CLM005382,80,Cigna,professional,surgery,general,in_network,True,True,True,3,5233.13,4084.13,0.335,False,False,True,,0
CLM005383,57,Cigna,professional,lab,oncology,in_network,False,True,True,42,386.98,298.09,0.043,False,False,True,,0
CLM005384,50,Humana,outpatient,therapy,cardiology,out_of_network,True,False,True,37,1412.44,1071.69,0.165,False,False,True,network_coverage,1
CLM005385,55,Cigna,outpatient,lab,respiratory,in_network,False,True,True,35,353.09,282.33,0.144,False,False,True,,0
CLM005386,39,Cigna,professional,surgery,respiratory,out_of_network,True,True,True,12,4960.38,4021.54,0.286,False,False,True,,0
CLM005387,47,United,inpatient,imaging,orthopedics,out_of_network,True,True,False,2,1251.16,907.42,0.308,True,False,True,duplicate_claim,1
CLM005388,27,Aetna,outpatient,evaluation,orthopedics,in_network,False,True,False,17,298.74,228.92,0.117,False,False,True,,0
CLM005389,24,United,outpatient,imaging,general,in_network,True,True,True,17,1063.12,558.48,0.063,True,False,True,,0
CLM005390,66,Humana,pharmacy,lab,respiratory,in_network,False,True,True,37,157.57,89.67,0.075,False,False,False,,0
CLM005391,63,Cigna,outpatient,lab,orthopedics,in_network,False,True,True,14,166.17,90.4,0.459,False,False,True,,0
CLM005392,19,Cigna,outpatient,lab,respiratory,out_of_network,False,True,True,40,335.16,207.84,0.101,False,False,True,,0
CLM005393,44,Cigna,pharmacy,evaluation,orthopedics,in_network,False,True,True,3,265.79,159.16,0.168,False,False,True,,0
CLM005394,67,Cigna,outpatient,lab,cardiology,in_network,False,False,False,43,206.79,171.48,0.1,False,False,True,incomplete_documentation,1
CLM005395,28,BlueCross,outpatient,evaluation,respiratory,out_of_network,False,True,True,16,625.27,385.19,0.136,True,False,True,,0
CLM005396,86,Humana,outpatient,evaluation,general,out_of_network,False,True,False,29,162.98,90.51,0.103,False,False,True,network_coverage,1
CLM005397,41,BlueCross,outpatient,evaluation,general,in_network,False,True,True,9,162.47,105.83,0.137,False,False,True,,0
CLM005398,46,Humana,outpatient,evaluation,oncology,out_of_network,False,True,True,35,363.96,246.35,0.466,False,True,True,coding_mismatch,1
CLM005399,61,Cigna,professional,imaging,cardiology,in_network,True,True,True,26,1125.26,908.65,0.149,True,False,True,,0
CLM005400,70,BlueCross,inpatient,pharmacy,oncology,in_network,True,True,True,33,147.89,102.77,0.182,False,False,True,,0
CLM005401,42,United,professional,evaluation,respiratory,in_network,False,True,True,74,337.8,187.66,0.08,False,False,True,,1
CLM005402,22,BlueCross,outpatient,therapy,general,in_network,True,True,False,16,411.71,263.41,0.049,False,False,False,,0
CLM005403,55,Humana,outpatient,imaging,cardiology,in_network,True,False,True,9,2678.24,2245.82,0.094,False,False,True,missing_prior_authorization,1
CLM005404,42,BlueCross,inpatient,imaging,respiratory,in_network,True,True,True,29,851.38,725.44,0.426,False,False,True,,0
CLM005405,35,BlueCross,outpatient,therapy,oncology,in_network,True,False,True,14,509.22,360.07,0.099,True,False,True,duplicate_claim,1
CLM005406,50,Cigna,professional,lab,oncology,out_of_network,False,True,True,21,285.72,198.51,0.181,False,False,True,,0
CLM005407,29,United,outpatient,evaluation,cardiology,in_network,False,True,True,22,326.77,190.3,0.156,False,False,True,,0
CLM005408,64,BlueCross,outpatient,lab,cardiology,in_network,False,True,True,88,205.67,129.92,0.138,False,False,True,,1
CLM005409,66,Aetna,outpatient,therapy,respiratory,in_network,True,True,True,18,723.91,472.24,0.032,False,False,True,,0
CLM005410,39,Aetna,professional,surgery,cardiology,in_network,True,False,True,47,10883.52,7016.11,0.175,False,False,True,,0
CLM005411,47,Cigna,outpatient,imaging,respiratory,in_network,True,True,True,3,815.27,549.91,0.102,False,False,True,,0
CLM005412,64,Humana,professional,imaging,cardiology,in_network,True,True,True,17,2348.14,1370.78,0.053,False,False,True,,0
CLM005413,79,Humana,outpatient,evaluation,general,in_network,False,True,True,23,421.18,331.2,0.078,True,True,True,duplicate_claim,1
CLM005414,70,BlueCross,outpatient,therapy,orthopedics,out_of_network,True,True,True,19,561.2,412.49,0.178,False,False,True,,0
CLM005415,82,United,professional,pharmacy,oncology,in_network,False,True,True,22,275.97,195.76,0.07,False,False,True,,0
CLM005416,29,Aetna,outpatient,evaluation,orthopedics,in_network,False,True,True,12,252.68,147.21,0.066,False,False,True,,1
CLM005417,39,Cigna,inpatient,evaluation,oncology,out_of_network,True,True,True,45,492.99,264.02,0.082,True,False,True,,0
CLM005418,78,United,pharmacy,therapy,oncology,out_of_network,True,True,True,13,398.06,271.05,0.1,False,False,True,,0
CLM005419,32,United,inpatient,evaluation,respiratory,in_network,True,False,True,10,475.78,328.84,0.057,False,False,True,missing_prior_authorization,1
CLM005420,67,Humana,outpatient,pharmacy,respiratory,out_of_network,False,True,True,28,311.27,221.29,0.067,False,True,True,coding_mismatch,1
CLM005421,23,BlueCross,outpatient,evaluation,general,in_network,False,True,True,33,335.39,186.89,0.13,False,False,True,,0
CLM005422,89,Humana,outpatient,imaging,cardiology,in_network,True,True,True,23,1719.64,898.33,0.298,False,False,True,,0
CLM005423,39,BlueCross,professional,evaluation,general,in_network,False,True,True,9,167.5,121.92,0.044,False,False,True,,0
CLM005424,73,BlueCross,inpatient,imaging,respiratory,in_network,True,True,True,49,1953.26,1619.48,0.16,False,False,True,,0
CLM005425,75,Cigna,pharmacy,imaging,orthopedics,in_network,True,True,True,25,958.57,581.92,0.089,False,False,True,,0
CLM005426,72,Humana,professional,evaluation,general,in_network,True,False,True,22,721.68,520.73,0.111,False,False,True,missing_prior_authorization,1
CLM005427,37,BlueCross,pharmacy,evaluation,respiratory,in_network,False,True,False,24,328.7,187.18,0.012,False,False,True,,0
CLM005428,19,United,professional,imaging,cardiology,out_of_network,True,True,True,65,1026.01,648.95,0.215,False,False,True,,0
CLM005429,89,United,pharmacy,imaging,cardiology,in_network,True,True,True,10,3727.61,2086.91,0.123,False,False,True,,0
CLM005430,48,BlueCross,professional,pharmacy,respiratory,in_network,False,True,True,46,265.23,161.8,0.093,False,False,False,coverage_inactive,1
CLM005431,67,BlueCross,outpatient,imaging,respiratory,in_network,True,True,True,8,849.47,632.32,0.4,False,False,True,,0
CLM005432,40,Aetna,outpatient,imaging,cardiology,out_of_network,True,True,True,34,2056.36,1192.65,0.037,False,False,True,network_coverage,1
CLM005433,89,Cigna,professional,evaluation,respiratory,in_network,False,True,True,9,530.06,403.66,0.195,False,False,True,,0
CLM005434,73,Aetna,outpatient,evaluation,oncology,out_of_network,False,True,False,55,112.73,71.03,0.123,False,False,True,,0
CLM005435,65,United,professional,therapy,general,in_network,True,True,True,34,526.15,421.68,0.212,False,False,True,,1
CLM005436,65,United,inpatient,therapy,respiratory,in_network,True,True,True,4,489.17,320.68,0.129,False,False,False,coverage_inactive,1
CLM005437,22,United,professional,lab,general,out_of_network,False,True,True,36,328.31,247.33,0.108,False,False,True,,0
CLM005438,54,BlueCross,outpatient,surgery,cardiology,in_network,True,True,True,25,4498.26,3095.66,0.141,False,False,True,,0
CLM005439,37,Humana,pharmacy,evaluation,respiratory,in_network,False,True,True,5,298.07,195.64,0.121,False,False,True,,0
CLM005440,44,Cigna,inpatient,evaluation,orthopedics,in_network,True,True,True,74,169.93,93.16,0.194,False,False,True,,0
CLM005441,57,BlueCross,inpatient,lab,oncology,out_of_network,True,False,True,25,378.09,228.63,0.113,False,False,True,,0
CLM005442,25,Cigna,professional,surgery,general,in_network,True,True,True,28,7114.07,5322.64,0.084,False,False,True,,0
CLM005443,74,Aetna,professional,surgery,general,in_network,True,False,True,21,9990.44,6832.5,0.319,False,False,True,,0
CLM005444,40,United,professional,imaging,orthopedics,in_network,True,True,True,29,1353.24,1115.83,0.134,False,False,True,,0
CLM005445,51,Aetna,pharmacy,lab,orthopedics,in_network,False,True,False,11,261.21,202.29,0.406,False,False,True,,0
CLM005446,61,BlueCross,outpatient,imaging,respiratory,in_network,True,True,True,9,1087.6,572.06,0.08,False,False,True,,0
CLM005447,25,BlueCross,professional,evaluation,general,in_network,False,True,True,26,335.47,244.74,0.182,False,False,True,,0
CLM005448,39,Cigna,outpatient,surgery,respiratory,in_network,True,False,True,6,9949.99,5218.04,0.042,False,False,False,coverage_inactive,1
CLM005449,34,Humana,outpatient,evaluation,cardiology,out_of_network,False,True,True,18,837.11,706.82,0.036,False,False,True,,0
CLM005450,26,United,outpatient,therapy,cardiology,in_network,True,True,True,10,552.49,380.46,0.063,False,False,True,,0
CLM005451,68,BlueCross,inpatient,evaluation,respiratory,in_network,True,True,True,1,462.82,327.17,0.323,False,False,True,,0
CLM005452,19,BlueCross,outpatient,pharmacy,respiratory,in_network,False,True,True,13,271.01,171.21,0.098,False,False,True,,1
CLM005453,28,Aetna,professional,lab,general,in_network,False,True,True,52,235.88,148.7,0.108,False,False,True,,0
CLM005454,83,Cigna,outpatient,imaging,oncology,in_network,True,False,True,30,1790.58,1372.54,0.031,False,False,True,missing_prior_authorization,1
CLM005455,64,United,pharmacy,evaluation,oncology,in_network,False,True,True,57,413.48,276.42,0.05,False,False,True,,0
CLM005456,34,Aetna,outpatient,imaging,cardiology,in_network,True,False,True,14,629.79,344.63,0.172,False,False,True,,0
CLM005457,72,United,outpatient,surgery,respiratory,out_of_network,True,True,True,40,16396.44,11583.83,0.093,False,False,True,,0
CLM005458,85,BlueCross,professional,imaging,general,in_network,True,True,True,47,2168.61,1179.48,0.259,False,False,True,,0
CLM005459,45,United,outpatient,pharmacy,cardiology,in_network,False,True,True,6,236.47,176.84,0.065,False,False,True,,0
CLM005460,19,Aetna,inpatient,imaging,oncology,out_of_network,True,False,False,14,1156.66,748.39,0.458,False,False,True,network_coverage,1
CLM005461,54,United,professional,therapy,orthopedics,in_network,True,True,True,37,333.52,173.68,0.238,False,False,True,,0
CLM005462,48,BlueCross,inpatient,lab,respiratory,in_network,True,True,True,17,166.64,106.53,0.048,False,False,True,,0
CLM005463,34,BlueCross,inpatient,evaluation,respiratory,in_network,True,True,True,10,387.76,325.1,0.031,False,False,True,,0
CLM005464,53,BlueCross,professional,lab,orthopedics,in_network,False,True,True,91,344.24,250.22,0.217,False,False,True,,1
CLM005465,43,Aetna,inpatient,evaluation,general,in_network,True,True,True,4,133.4,96.34,0.182,False,False,True,,0
CLM005466,46,Humana,professional,evaluation,cardiology,in_network,False,True,True,12,277.76,221.92,0.161,False,False,False,coverage_inactive,1
CLM005467,38,Aetna,professional,lab,respiratory,in_network,False,True,False,17,236.24,172.31,0.058,False,False,False,,0
CLM005468,25,Cigna,inpatient,lab,respiratory,in_network,True,True,True,22,260.65,182.18,0.119,False,False,True,,0
CLM005469,43,United,outpatient,evaluation,cardiology,out_of_network,False,True,True,21,307.98,253.35,0.248,False,False,False,coverage_inactive,1
CLM005470,81,Cigna,inpatient,evaluation,respiratory,in_network,True,True,False,18,329.21,175.03,0.192,True,False,True,duplicate_claim,1
CLM005471,82,United,professional,lab,orthopedics,in_network,False,True,True,16,250.49,195.88,0.217,False,True,True,coding_mismatch,1
CLM005472,84,Humana,inpatient,lab,orthopedics,out_of_network,True,True,True,15,306.01,252.87,0.146,False,False,True,network_coverage,1
CLM005473,36,Humana,pharmacy,imaging,cardiology,in_network,True,True,True,31,1539.47,816.17,0.119,False,False,True,,0
CLM005474,72,United,outpatient,imaging,respiratory,out_of_network,True,True,True,21,1697.92,1397.74,0.022,False,False,True,,0
CLM005475,19,Aetna,professional,imaging,general,out_of_network,True,True,True,7,2043.4,1086.82,0.141,False,False,True,,0
CLM005476,25,BlueCross,inpatient,imaging,oncology,in_network,True,True,True,20,965.62,573.28,0.173,False,False,False,,0
CLM005477,75,BlueCross,outpatient,imaging,respiratory,out_of_network,True,True,True,27,1784.51,1481.53,0.076,False,False,True,,0
CLM005478,36,Aetna,outpatient,evaluation,orthopedics,in_network,True,True,True,108,267.99,148.06,0.153,False,False,True,,0
CLM005479,79,Aetna,outpatient,evaluation,oncology,in_network,False,True,True,17,347.69,192.58,0.019,False,False,True,,0
CLM005480,39,Aetna,pharmacy,evaluation,respiratory,in_network,False,True,True,39,334.04,263.22,0.113,False,False,True,,0
CLM005481,63,United,inpatient,therapy,oncology,in_network,True,False,True,45,381.39,325.2,0.09,False,False,True,,0
CLM005482,85,United,inpatient,therapy,respiratory,in_network,True,False,False,18,413.82,352.03,0.378,False,False,True,incomplete_documentation,1
CLM005483,57,Cigna,outpatient,imaging,cardiology,in_network,True,True,False,47,1195.73,633.43,0.156,False,False,True,,0
CLM005484,75,United,outpatient,evaluation,oncology,in_network,False,True,True,40,291.9,222.24,0.028,False,False,True,,0
CLM005485,87,BlueCross,pharmacy,lab,general,in_network,False,True,False,42,97.86,50.99,0.211,False,False,True,,0
CLM005486,49,Cigna,pharmacy,therapy,respiratory,out_of_network,True,True,True,13,1164.18,884.97,0.107,False,False,True,,0
CLM005487,52,United,pharmacy,pharmacy,orthopedics,out_of_network,False,True,True,88,232.24,192.26,0.425,False,False,True,,0
CLM005488,54,Aetna,inpatient,evaluation,oncology,in_network,True,False,True,39,430.62,258.84,0.101,False,False,True,missing_prior_authorization,1
CLM005489,67,Aetna,outpatient,surgery,respiratory,in_network,True,True,True,10,4229.37,2779.13,0.134,False,False,True,,1
CLM005490,75,Cigna,professional,evaluation,general,in_network,False,True,True,18,361.07,212.43,0.313,False,False,True,,0
CLM005491,33,BlueCross,outpatient,imaging,general,in_network,True,True,True,29,1234.63,720.74,0.064,False,False,True,,0
CLM005492,22,Humana,professional,imaging,general,in_network,True,True,True,30,656.2,545.18,0.151,False,False,True,,1
CLM005493,48,Humana,outpatient,imaging,respiratory,in_network,True,True,True,39,2711.29,1555.79,0.251,False,True,True,,0
CLM005494,46,BlueCross,outpatient,imaging,orthopedics,out_of_network,True,False,True,34,3342.7,2400.15,0.139,False,False,True,network_coverage,1
CLM005495,57,Aetna,professional,evaluation,orthopedics,in_network,False,True,True,14,401.79,218.46,0.096,False,False,True,,1
CLM005496,21,Aetna,outpatient,lab,oncology,out_of_network,False,True,True,52,467.12,315.81,0.177,False,False,True,,0
CLM005497,29,Cigna,pharmacy,imaging,oncology,out_of_network,True,True,True,54,2211.28,1752.59,0.066,False,False,True,,0
CLM005498,83,BlueCross,outpatient,pharmacy,general,in_network,False,True,True,36,162.75,89.35,0.081,False,False,True,,0
CLM005499,59,Aetna,inpatient,therapy,general,in_network,True,True,True,43,220.66,139.64,0.072,False,False,True,,0
CLM005500,49,Humana,outpatient,lab,general,in_network,False,True,True,18,147.42,82.79,0.251,False,False,True,,0
CLM005501,62,United,outpatient,therapy,respiratory,out_of_network,True,False,True,15,512.57,364.0,0.117,False,False,True,network_coverage,1
CLM005502,30,United,outpatient,therapy,cardiology,in_network,True,False,True,18,1231.01,1050.33,0.118,False,False,True,,0
CLM005503,40,Aetna,inpatient,lab,cardiology,in_network,True,True,True,61,157.93,96.35,0.212,False,False,True,,0
CLM005504,88,Aetna,professional,therapy,orthopedics,out_of_network,True,False,True,19,565.09,316.09,0.119,False,False,True,network_coverage,1
CLM005505,33,Cigna,professional,pharmacy,respiratory,in_network,False,True,True,26,200.38,117.31,0.062,False,False,True,,0
CLM005506,81,United,outpatient,lab,orthopedics,in_network,False,True,True,16,295.09,158.81,0.163,False,False,True,,0
CLM005507,29,Cigna,outpatient,therapy,respiratory,in_network,True,True,True,7,442.58,262.19,0.211,False,False,True,,0
CLM005508,54,Cigna,outpatient,imaging,general,in_network,True,True,True,13,1120.68,742.91,0.135,False,False,True,,0
CLM005509,76,United,professional,evaluation,orthopedics,out_of_network,False,True,True,21,1382.85,791.15,0.046,False,False,True,,0
CLM005510,84,Humana,professional,lab,general,in_network,False,True,True,32,189.93,99.21,0.11,True,False,True,duplicate_claim,1
CLM005511,31,United,inpatient,surgery,oncology,in_network,True,True,True,42,27128.64,19023.6,0.073,False,False,True,,0
CLM005512,31,United,outpatient,pharmacy,general,in_network,False,True,False,6,162.38,100.53,0.099,False,False,True,,0
CLM005513,46,United,outpatient,therapy,cardiology,in_network,True,True,True,30,505.0,405.0,0.102,False,False,True,,0
CLM005514,73,Cigna,outpatient,imaging,orthopedics,in_network,True,False,True,8,1935.69,1349.07,0.179,False,False,True,missing_prior_authorization,1
CLM005515,26,BlueCross,inpatient,surgery,general,out_of_network,True,False,True,11,10517.85,7145.79,0.166,False,False,True,network_coverage,1
CLM005516,73,Aetna,pharmacy,lab,general,in_network,False,True,True,38,130.37,106.9,0.336,False,False,True,,0
CLM005517,54,Humana,outpatient,pharmacy,oncology,in_network,False,True,True,10,219.93,136.27,0.374,False,False,True,,1
CLM005518,60,BlueCross,outpatient,lab,cardiology,out_of_network,True,True,True,22,181.85,128.02,0.3,False,False,True,network_coverage,1
CLM005519,67,Aetna,inpatient,surgery,cardiology,out_of_network,True,False,False,14,4281.63,2934.95,0.104,False,False,True,network_coverage,1
CLM005520,46,United,outpatient,therapy,oncology,in_network,True,True,False,38,590.94,321.88,0.094,False,False,True,,0
CLM005521,45,Cigna,outpatient,lab,general,out_of_network,False,True,True,32,196.16,125.23,0.359,False,False,True,,0
CLM005522,38,Cigna,outpatient,imaging,orthopedics,in_network,True,True,True,30,2011.85,1514.45,0.405,False,False,True,,0
CLM005523,22,Humana,outpatient,evaluation,general,in_network,False,True,False,11,374.27,318.28,0.127,False,False,True,,0
CLM005524,64,BlueCross,professional,imaging,oncology,in_network,True,True,False,26,1868.79,1354.72,0.122,False,False,True,,0
CLM005525,67,United,outpatient,pharmacy,cardiology,in_network,False,True,True,34,354.31,188.73,0.058,False,False,True,,0
CLM005526,41,Cigna,pharmacy,evaluation,oncology,in_network,False,True,True,19,462.92,314.31,0.161,False,False,True,,0
CLM005527,89,Cigna,outpatient,imaging,orthopedics,out_of_network,True,True,True,11,2951.77,1729.37,0.043,False,False,False,coverage_inactive,1
CLM005528,27,BlueCross,outpatient,evaluation,orthopedics,in_network,False,True,True,22,250.88,167.39,0.224,False,False,False,coverage_inactive,1
CLM005529,79,Humana,pharmacy,evaluation,respiratory,in_network,False,True,True,22,552.89,463.52,0.218,False,False,True,,0
CLM005530,79,BlueCross,professional,therapy,orthopedics,out_of_network,True,True,True,57,838.21,693.52,0.07,False,False,True,,0
CLM005531,21,Humana,outpatient,therapy,general,in_network,True,False,False,25,606.16,388.2,0.103,False,False,True,,0
CLM005532,75,United,professional,imaging,general,in_network,True,True,True,18,2148.63,1778.64,0.115,False,False,True,,1
CLM005533,29,Aetna,outpatient,imaging,respiratory,in_network,True,False,True,22,2194.65,1179.92,0.122,False,False,False,coverage_inactive,1
CLM005534,39,Cigna,outpatient,evaluation,cardiology,in_network,False,True,True,15,386.47,318.06,0.312,False,False,True,,0
CLM005535,66,Humana,professional,imaging,general,in_network,True,True,True,13,589.43,447.0,0.076,False,False,True,,0
CLM005536,18,BlueCross,professional,surgery,oncology,in_network,True,True,True,18,17103.97,14275.86,0.019,False,False,True,,0
CLM005537,35,Aetna,outpatient,therapy,respiratory,in_network,True,False,True,20,389.63,252.13,0.043,False,False,True,,0
CLM005538,35,Cigna,professional,imaging,cardiology,in_network,True,True,True,17,1577.13,1128.44,0.054,False,False,True,,0
CLM005539,21,Cigna,outpatient,evaluation,respiratory,in_network,False,False,True,13,455.36,368.58,0.354,False,False,True,,0
CLM005540,58,United,inpatient,evaluation,orthopedics,in_network,True,True,True,61,130.24,93.86,0.139,False,False,True,,0
CLM005541,65,United,pharmacy,evaluation,respiratory,in_network,False,True,True,14,288.58,172.41,0.2,False,True,True,coding_mismatch,1
CLM005542,67,Aetna,outpatient,imaging,orthopedics,in_network,True,True,False,50,1465.22,1102.7,0.096,True,False,True,duplicate_claim,1
CLM005543,71,BlueCross,professional,lab,general,out_of_network,False,True,True,19,1246.39,727.33,0.086,False,False,True,,0
CLM005544,47,Aetna,professional,evaluation,respiratory,in_network,False,True,True,12,505.77,300.26,0.017,False,False,True,,0
CLM005545,45,United,outpatient,lab,oncology,in_network,False,True,True,16,158.39,90.19,0.284,False,False,True,,0
CLM005546,79,BlueCross,outpatient,evaluation,oncology,in_network,False,False,True,6,576.27,322.5,0.069,False,False,True,,0
CLM005547,20,United,pharmacy,therapy,cardiology,in_network,True,False,True,27,946.67,601.79,0.239,False,False,True,missing_prior_authorization,1
CLM005548,36,Aetna,professional,lab,orthopedics,in_network,False,True,True,43,213.99,164.85,0.121,False,False,True,,0
CLM005549,41,Cigna,professional,surgery,respiratory,in_network,True,True,True,30,9474.83,7265.2,0.27,False,False,True,,1
CLM005550,85,Aetna,outpatient,evaluation,general,out_of_network,False,True,True,24,573.39,404.04,0.038,False,False,True,,0
CLM005551,31,Cigna,outpatient,imaging,general,in_network,True,True,True,96,1717.26,1423.28,0.267,False,False,True,,0
CLM005552,64,Aetna,inpatient,evaluation,cardiology,in_network,True,False,True,12,331.63,203.93,0.134,False,True,True,coding_mismatch,1
CLM005553,42,Aetna,outpatient,therapy,orthopedics,in_network,True,False,False,47,300.72,183.58,0.028,False,False,False,coverage_inactive,1
CLM005554,71,Aetna,outpatient,imaging,respiratory,in_network,True,True,True,31,643.93,499.87,0.4,False,False,False,coverage_inactive,1
CLM005555,45,Humana,professional,evaluation,orthopedics,in_network,False,True,True,7,218.3,166.62,0.118,False,False,True,,0
CLM005556,56,Humana,professional,lab,orthopedics,in_network,False,True,True,14,186.42,117.85,0.383,False,False,True,,0
CLM005557,28,Cigna,outpatient,surgery,orthopedics,in_network,True,False,True,12,8658.36,7199.55,0.167,False,True,False,coverage_inactive,1
CLM005558,89,Aetna,outpatient,pharmacy,general,in_network,False,True,True,37,268.67,214.16,0.173,False,False,True,,0
CLM005559,24,BlueCross,professional,evaluation,general,in_network,False,True,True,25,227.81,139.05,0.175,False,False,True,,0
CLM005560,29,BlueCross,inpatient,therapy,cardiology,in_network,True,False,False,20,325.82,220.01,0.271,False,False,True,,0
CLM005561,48,United,pharmacy,evaluation,general,out_of_network,False,True,True,16,564.84,343.96,0.115,False,False,True,network_coverage,1
CLM005562,50,Humana,outpatient,therapy,oncology,out_of_network,True,True,True,3,461.81,278.48,0.396,False,False,True,,0
CLM005563,51,Aetna,inpatient,lab,general,in_network,True,False,False,35,176.9,146.83,0.176,False,False,True,,0
CLM005564,37,Aetna,outpatient,surgery,respiratory,out_of_network,True,True,False,74,11706.76,8546.48,0.144,False,False,True,network_coverage,1
CLM005565,34,BlueCross,pharmacy,imaging,respiratory,out_of_network,True,True,True,51,1649.36,937.51,0.128,False,False,True,,0
CLM005566,37,BlueCross,outpatient,lab,oncology,in_network,False,True,False,24,142.54,79.43,0.112,False,False,True,,0
CLM005567,53,Cigna,professional,lab,respiratory,in_network,False,True,True,49,327.23,212.99,0.078,False,False,True,,0
CLM005568,76,United,inpatient,evaluation,general,in_network,True,True,True,33,555.66,354.77,0.122,False,False,True,,0
CLM005569,27,Aetna,outpatient,lab,oncology,in_network,False,True,True,63,195.05,164.46,0.143,False,False,True,,0
CLM005570,59,Cigna,professional,therapy,cardiology,out_of_network,True,False,True,5,1765.17,1406.37,0.097,False,False,True,network_coverage,1
CLM005571,47,Cigna,inpatient,evaluation,cardiology,in_network,True,False,True,21,241.95,206.85,0.071,False,False,True,missing_prior_authorization,1
CLM005572,25,Humana,inpatient,pharmacy,oncology,in_network,True,True,True,67,196.01,164.05,0.084,False,False,True,,1
CLM005573,47,Cigna,outpatient,lab,oncology,in_network,False,True,True,8,132.79,103.7,0.149,False,False,True,,0
CLM005574,84,Cigna,professional,pharmacy,general,in_network,False,True,True,24,157.2,113.43,0.132,False,False,True,,0
CLM005575,29,BlueCross,outpatient,evaluation,cardiology,in_network,False,True,True,19,766.76,500.68,0.046,False,False,True,,0
CLM005576,28,United,inpatient,imaging,general,in_network,True,True,True,12,1583.64,1263.32,0.282,False,False,True,,0
CLM005577,87,BlueCross,pharmacy,lab,cardiology,in_network,False,True,True,64,243.76,143.95,0.199,False,False,True,,0
CLM005578,69,Aetna,professional,surgery,oncology,in_network,True,True,True,12,6325.36,5001.29,0.275,False,False,True,,0
CLM005579,47,Aetna,professional,evaluation,oncology,in_network,True,True,True,19,178.96,116.57,0.152,False,False,True,,0
CLM005580,66,Aetna,professional,therapy,oncology,in_network,True,False,True,19,850.65,662.07,0.27,False,True,True,coding_mismatch,1
CLM005581,61,BlueCross,professional,therapy,cardiology,in_network,True,True,True,17,582.97,397.0,0.05,False,False,True,,0
CLM005582,77,United,outpatient,evaluation,respiratory,in_network,False,True,False,17,231.96,156.24,0.238,False,False,True,incomplete_documentation,1
CLM005583,45,Aetna,outpatient,lab,cardiology,in_network,False,True,True,10,158.8,131.42,0.248,False,False,True,,0
CLM005584,63,Aetna,professional,lab,respiratory,in_network,False,True,True,16,304.92,177.31,0.366,False,False,True,,0
CLM005585,30,Cigna,professional,evaluation,oncology,in_network,False,True,True,62,528.96,289.31,0.161,False,False,True,,1
CLM005586,45,Cigna,pharmacy,pharmacy,general,in_network,False,True,False,25,101.63,69.79,0.306,False,True,True,,0
CLM005587,28,Cigna,outpatient,evaluation,general,in_network,False,True,True,22,328.36,184.46,0.16,False,False,True,,0
CLM005588,32,Aetna,outpatient,surgery,general,in_network,True,True,True,43,10245.13,6829.59,0.172,False,False,True,,0
CLM005589,73,BlueCross,outpatient,imaging,oncology,in_network,True,False,True,17,1421.6,745.29,0.156,False,False,True,missing_prior_authorization,1
CLM005590,56,BlueCross,professional,surgery,oncology,in_network,True,False,True,5,8681.8,6219.84,0.199,False,False,True,missing_prior_authorization,1
CLM005591,25,Humana,outpatient,lab,respiratory,in_network,False,True,False,39,123.8,87.71,0.268,False,False,True,incomplete_documentation,1
CLM005592,20,Humana,professional,surgery,respiratory,in_network,True,True,True,9,9501.06,5158.84,0.125,False,False,True,,1
CLM005593,87,United,professional,pharmacy,respiratory,in_network,False,True,False,16,277.63,188.82,0.085,False,False,True,,0
CLM005594,55,Cigna,inpatient,evaluation,oncology,out_of_network,True,True,True,6,239.7,151.66,0.173,True,False,True,,0
CLM005595,44,Cigna,outpatient,lab,oncology,in_network,False,True,False,11,256.69,206.7,0.207,False,False,True,,0
CLM005596,30,Cigna,professional,surgery,cardiology,in_network,True,True,True,11,11136.1,7352.85,0.06,False,False,True,,0
CLM005597,34,BlueCross,pharmacy,lab,cardiology,out_of_network,False,True,True,27,194.93,117.68,0.064,False,False,True,,0
CLM005598,64,Aetna,outpatient,lab,general,in_network,False,True,True,5,180.46,103.73,0.122,False,False,True,,0
CLM005599,23,Cigna,outpatient,evaluation,general,in_network,False,True,False,44,227.85,183.08,0.112,False,False,True,,0
CLM005600,47,BlueCross,outpatient,imaging,respiratory,in_network,True,False,True,17,1377.71,799.08,0.089,False,False,True,,0
CLM005601,75,BlueCross,outpatient,evaluation,orthopedics,in_network,False,True,True,19,204.41,168.64,0.245,False,False,True,,0
CLM005602,72,Humana,inpatient,imaging,cardiology,out_of_network,True,True,True,21,852.99,549.94,0.117,False,False,True,network_coverage,1
CLM005603,47,Aetna,pharmacy,surgery,cardiology,in_network,True,True,True,6,11198.64,7241.92,0.175,False,False,True,,0
CLM005604,60,Aetna,pharmacy,pharmacy,respiratory,out_of_network,False,True,True,34,422.86,317.62,0.334,True,True,True,duplicate_claim,1
CLM005605,67,BlueCross,outpatient,surgery,respiratory,in_network,True,True,True,33,8022.4,4225.75,0.053,False,False,True,,0
CLM005606,53,Cigna,outpatient,imaging,orthopedics,in_network,True,False,True,33,560.56,348.7,0.056,False,False,True,,0
CLM005607,68,United,inpatient,evaluation,cardiology,in_network,True,True,True,8,197.9,151.31,0.124,False,False,True,,0
CLM005608,65,Cigna,professional,lab,cardiology,in_network,True,True,True,9,189.23,155.41,0.173,False,False,True,,0
CLM005609,41,BlueCross,outpatient,imaging,respiratory,in_network,True,True,True,24,1468.59,1061.79,0.151,False,False,True,,0
CLM005610,33,BlueCross,professional,imaging,respiratory,out_of_network,True,True,True,15,1284.86,703.24,0.225,False,False,True,,0
CLM005611,36,BlueCross,inpatient,imaging,orthopedics,in_network,True,True,True,19,1497.69,1229.72,0.144,False,False,True,,0
CLM005612,84,BlueCross,professional,therapy,respiratory,out_of_network,True,True,False,16,442.87,362.95,0.344,False,False,True,network_coverage,1
CLM005613,26,Humana,outpatient,surgery,general,in_network,True,True,True,59,15508.59,12277.85,0.405,False,False,True,,0
CLM005614,23,Humana,professional,evaluation,oncology,in_network,False,True,True,33,168.39,111.05,0.27,False,False,False,coverage_inactive,1
CLM005615,70,Humana,professional,evaluation,orthopedics,in_network,False,True,True,11,301.9,208.62,0.339,False,False,True,,0
CLM005616,42,BlueCross,outpatient,imaging,cardiology,in_network,True,True,True,19,1035.26,654.52,0.164,False,False,True,,0
CLM005617,75,BlueCross,outpatient,lab,respiratory,in_network,False,True,True,9,256.19,155.26,0.228,False,False,True,,0
CLM005618,22,Aetna,professional,imaging,oncology,out_of_network,True,True,True,15,990.73,719.35,0.153,False,False,True,network_coverage,1
CLM005619,76,Humana,professional,lab,orthopedics,out_of_network,False,True,True,17,338.44,215.77,0.101,False,False,True,,0
CLM005620,60,United,inpatient,surgery,cardiology,in_network,True,True,True,13,7163.84,3989.5,0.113,False,False,True,,0
CLM005621,18,Aetna,outpatient,evaluation,general,in_network,False,True,True,22,366.18,192.6,0.282,False,False,True,,0
CLM005622,45,Aetna,outpatient,lab,general,in_network,True,False,True,30,183.18,132.68,0.272,False,True,True,coding_mismatch,1
CLM005623,19,BlueCross,professional,therapy,oncology,in_network,True,False,True,17,803.31,580.54,0.202,False,False,True,,0
CLM005624,22,Humana,professional,evaluation,orthopedics,in_network,False,True,True,9,331.32,185.78,0.285,False,False,True,,0
CLM005625,23,BlueCross,inpatient,evaluation,respiratory,in_network,True,True,True,19,285.81,234.87,0.228,False,False,True,,0
CLM005626,66,Aetna,professional,lab,general,in_network,True,True,True,21,206.68,120.54,0.151,False,False,False,,0
CLM005627,53,BlueCross,professional,surgery,oncology,in_network,True,True,True,73,8092.46,5342.01,0.097,False,True,False,,0
CLM005628,86,BlueCross,professional,pharmacy,cardiology,out_of_network,False,True,True,30,347.44,297.2,0.142,False,False,True,network_coverage,1
CLM005629,67,BlueCross,inpatient,lab,cardiology,in_network,True,False,True,4,243.37,150.66,0.059,False,False,True,,0
CLM005630,25,Cigna,outpatient,evaluation,cardiology,out_of_network,False,True,True,22,398.58,236.26,0.07,False,False,True,,0
CLM005631,82,BlueCross,outpatient,evaluation,oncology,in_network,False,True,True,42,465.38,366.29,0.02,False,True,True,,0
CLM005632,33,Aetna,outpatient,therapy,oncology,in_network,True,False,False,29,1244.92,984.64,0.229,False,False,True,incomplete_documentation,1
CLM005633,41,Aetna,outpatient,surgery,oncology,in_network,True,True,True,23,6782.12,4436.02,0.041,False,False,True,,0
CLM005634,37,Humana,inpatient,imaging,respiratory,out_of_network,True,False,True,12,2028.62,1615.77,0.092,False,False,True,,0
CLM005635,46,Humana,inpatient,therapy,cardiology,in_network,True,False,True,29,338.77,272.86,0.413,False,False,False,coverage_inactive,1
CLM005636,66,BlueCross,professional,therapy,general,in_network,True,True,True,16,613.15,327.71,0.135,False,False,True,,0
CLM005637,31,United,outpatient,evaluation,orthopedics,in_network,False,True,True,31,601.03,462.11,0.104,False,False,True,,1
CLM005638,45,Cigna,professional,evaluation,oncology,in_network,False,True,True,39,179.91,139.56,0.146,False,True,True,coding_mismatch,1
CLM005639,79,Humana,inpatient,pharmacy,orthopedics,in_network,True,True,True,47,226.0,182.64,0.315,False,False,True,,0
CLM005640,72,Humana,outpatient,pharmacy,orthopedics,in_network,False,True,True,39,91.87,73.14,0.049,False,True,False,coverage_inactive,1
CLM005641,39,BlueCross,outpatient,evaluation,general,out_of_network,False,True,True,25,348.04,196.23,0.105,False,False,True,network_coverage,1
CLM005642,51,Cigna,professional,imaging,cardiology,out_of_network,True,False,True,8,1750.89,997.17,0.093,False,False,True,network_coverage,1
CLM005643,66,Cigna,professional,lab,oncology,in_network,False,True,False,10,312.94,189.92,0.199,False,False,True,incomplete_documentation,1
CLM005644,19,Cigna,outpatient,therapy,oncology,in_network,True,True,True,20,299.93,223.76,0.171,False,False,True,,0
CLM005645,73,Humana,professional,therapy,oncology,in_network,True,True,True,35,280.58,221.36,0.104,False,False,True,,0
CLM005646,30,BlueCross,outpatient,surgery,orthopedics,in_network,True,True,True,23,6569.74,4680.88,0.309,False,False,True,,0
CLM005647,46,Aetna,professional,therapy,orthopedics,in_network,True,True,False,29,525.54,331.45,0.054,False,False,True,incomplete_documentation,1
CLM005648,41,Aetna,inpatient,lab,general,in_network,True,True,True,44,122.19,103.75,0.13,False,False,True,,0
CLM005649,25,Cigna,outpatient,lab,orthopedics,in_network,False,True,True,30,701.37,585.66,0.079,False,False,True,,1
CLM005650,63,United,outpatient,evaluation,oncology,in_network,False,True,True,16,243.76,139.79,0.215,False,False,True,,0
CLM005651,40,BlueCross,pharmacy,lab,orthopedics,in_network,False,True,True,65,159.7,103.91,0.392,False,False,True,,1
CLM005652,67,Cigna,outpatient,therapy,respiratory,in_network,True,True,False,35,267.15,180.49,0.045,False,False,True,incomplete_documentation,1
CLM005653,41,Aetna,professional,therapy,general,out_of_network,True,True,True,37,823.93,492.6,0.065,False,False,False,coverage_inactive,1
CLM005654,64,Humana,outpatient,therapy,general,in_network,True,True,True,28,380.9,280.82,0.087,False,False,True,,0
CLM005655,87,Aetna,outpatient,surgery,cardiology,in_network,True,True,True,56,11806.13,6731.14,0.088,False,False,True,,0
CLM005656,22,Cigna,outpatient,therapy,cardiology,in_network,True,False,True,65,567.39,476.37,0.192,False,False,True,,0
CLM005657,21,United,pharmacy,lab,orthopedics,in_network,False,True,True,34,557.63,435.54,0.094,False,False,True,,1
CLM005658,44,BlueCross,professional,evaluation,oncology,in_network,False,True,True,48,196.19,136.25,0.072,False,True,True,,0
CLM005659,74,United,inpatient,imaging,cardiology,in_network,True,False,True,19,1314.38,973.76,0.112,False,False,False,coverage_inactive,1
CLM005660,63,Aetna,professional,pharmacy,general,in_network,False,True,True,46,173.56,98.98,0.274,False,False,True,,0
CLM005661,87,Aetna,outpatient,evaluation,general,in_network,True,True,True,41,132.49,112.11,0.335,False,True,True,,0
CLM005662,64,Aetna,inpatient,lab,oncology,in_network,True,False,True,8,290.54,232.71,0.081,False,False,True,missing_prior_authorization,1
CLM005663,80,BlueCross,outpatient,lab,respiratory,in_network,True,False,True,38,207.45,149.07,0.043,False,False,True,,0
CLM005664,59,Cigna,inpatient,lab,oncology,in_network,True,True,False,3,329.92,177.61,0.351,True,False,True,duplicate_claim,1
CLM005665,32,United,outpatient,evaluation,respiratory,out_of_network,False,True,False,9,486.19,404.69,0.162,False,False,True,network_coverage,1
CLM005666,48,BlueCross,professional,evaluation,general,out_of_network,False,True,True,43,437.24,336.69,0.206,False,True,False,coverage_inactive,1
CLM005667,63,BlueCross,outpatient,evaluation,cardiology,out_of_network,False,True,True,6,817.71,448.06,0.185,False,False,True,,0
CLM005668,18,Aetna,pharmacy,pharmacy,orthopedics,out_of_network,False,True,True,10,188.34,135.56,0.11,False,False,True,,0
CLM005669,45,Humana,professional,lab,oncology,in_network,False,False,True,40,342.52,194.52,0.111,False,False,True,,0
CLM005670,58,Cigna,professional,evaluation,general,in_network,False,True,True,25,391.06,219.42,0.131,False,False,True,,0
CLM005671,49,Aetna,professional,lab,oncology,in_network,False,True,True,11,492.36,342.75,0.179,False,False,True,,0
CLM005672,36,Cigna,professional,evaluation,orthopedics,in_network,False,True,True,19,300.86,240.17,0.234,False,False,True,,0
CLM005673,49,BlueCross,outpatient,lab,cardiology,out_of_network,False,True,True,29,882.81,642.35,0.081,False,False,True,,0
CLM005674,43,Cigna,outpatient,evaluation,oncology,in_network,False,True,False,18,272.97,162.38,0.299,False,False,True,incomplete_documentation,1
CLM005675,70,BlueCross,outpatient,imaging,orthopedics,in_network,True,False,True,85,1638.41,966.47,0.139,False,True,True,coding_mismatch,1
CLM005676,61,Humana,pharmacy,surgery,orthopedics,in_network,True,True,False,54,6972.61,4497.35,0.036,False,False,True,,0
CLM005677,84,Aetna,outpatient,lab,general,out_of_network,False,True,False,9,467.14,311.88,0.096,True,False,True,,0
CLM005678,52,Cigna,outpatient,pharmacy,oncology,in_network,False,True,True,46,152.84,124.28,0.197,False,False,True,,0
CLM005679,64,Humana,professional,therapy,cardiology,in_network,True,True,True,24,1611.49,1274.37,0.244,False,False,True,,0
CLM005680,49,Aetna,outpatient,lab,cardiology,in_network,False,True,True,0,259.29,169.63,0.263,False,False,True,,0
CLM005681,71,United,professional,lab,orthopedics,in_network,False,True,True,50,228.73,178.94,0.105,False,False,True,,0
CLM005682,47,Humana,outpatient,lab,cardiology,in_network,False,True,True,41,156.6,127.35,0.125,False,False,True,,0
CLM005683,74,BlueCross,outpatient,evaluation,oncology,in_network,False,True,False,9,135.64,93.52,0.049,False,False,True,,0
CLM005684,73,Cigna,professional,pharmacy,oncology,in_network,False,True,True,23,225.51,175.79,0.13,False,False,True,,0
CLM005685,34,Humana,outpatient,evaluation,general,in_network,False,True,True,15,206.45,128.89,0.29,False,False,True,,0
CLM005686,53,Cigna,inpatient,evaluation,orthopedics,in_network,True,True,True,23,464.49,261.37,0.381,False,False,True,,1
CLM005687,74,Humana,inpatient,surgery,orthopedics,out_of_network,True,True,True,18,3708.46,2898.02,0.365,False,False,True,network_coverage,1
CLM005688,62,United,outpatient,surgery,respiratory,in_network,True,True,True,45,5657.3,4614.44,0.115,False,False,True,,0
CLM005689,64,BlueCross,professional,therapy,respiratory,in_network,True,True,True,18,503.26,268.66,0.181,False,False,True,,0
CLM005690,24,Aetna,pharmacy,evaluation,cardiology,in_network,False,True,True,61,628.22,464.96,0.183,False,False,True,,1
CLM005691,82,Cigna,outpatient,surgery,cardiology,out_of_network,True,True,True,28,11960.82,8238.05,0.256,False,False,True,network_coverage,1
CLM005692,61,Cigna,inpatient,evaluation,cardiology,in_network,True,True,True,17,361.55,272.4,0.143,False,False,True,,0
CLM005693,23,Humana,outpatient,surgery,respiratory,in_network,True,True,True,24,5532.21,3384.19,0.155,False,False,True,,0
CLM005694,22,BlueCross,professional,surgery,orthopedics,out_of_network,True,True,True,17,12320.03,10193.59,0.158,False,True,True,coding_mismatch,1
CLM005695,35,United,professional,lab,general,in_network,True,True,True,11,196.84,131.39,0.071,False,False,False,,0
CLM005696,73,Aetna,outpatient,evaluation,oncology,in_network,False,False,True,14,699.95,376.56,0.112,False,False,True,,1
CLM005697,66,Cigna,inpatient,evaluation,general,in_network,True,True,True,28,133.34,74.11,0.17,False,False,True,,0
CLM005698,18,Cigna,pharmacy,therapy,orthopedics,in_network,True,True,False,24,674.96,578.52,0.127,False,False,True,,0
CLM005699,40,Humana,professional,evaluation,oncology,out_of_network,False,True,True,30,327.92,253.25,0.232,False,False,False,coverage_inactive,1
CLM005700,71,BlueCross,inpatient,evaluation,cardiology,in_network,True,True,True,22,305.97,159.88,0.037,False,False,True,,0
CLM005701,35,United,professional,lab,general,out_of_network,False,True,True,17,293.0,194.1,0.113,False,False,True,network_coverage,1
CLM005702,56,Aetna,inpatient,evaluation,oncology,out_of_network,True,False,True,11,359.87,300.49,0.087,False,True,True,coding_mismatch,1
CLM005703,74,United,inpatient,surgery,cardiology,in_network,True,True,True,18,5623.15,3715.35,0.26,False,False,True,,0
CLM005704,68,Cigna,professional,therapy,respiratory,in_network,True,True,False,30,241.68,163.93,0.144,False,False,True,incomplete_documentation,1
CLM005705,87,Cigna,outpatient,imaging,general,in_network,True,False,True,11,4130.7,2162.38,0.267,False,False,True,missing_prior_authorization,1
CLM005706,35,BlueCross,outpatient,lab,respiratory,out_of_network,False,True,True,14,299.84,241.46,0.093,False,False,False,coverage_inactive,1
CLM005707,55,BlueCross,pharmacy,therapy,general,in_network,True,False,True,27,305.49,202.35,0.031,False,True,True,coding_mismatch,1
CLM005708,55,Cigna,professional,imaging,orthopedics,in_network,True,True,True,27,1859.86,1540.39,0.16,False,False,True,,0
CLM005709,48,BlueCross,inpatient,lab,oncology,out_of_network,True,True,True,11,474.22,247.84,0.108,False,False,True,network_coverage,1
CLM005710,78,Aetna,professional,evaluation,general,in_network,False,True,True,31,339.51,177.97,0.073,False,False,True,,0
CLM005711,43,Cigna,professional,therapy,respiratory,out_of_network,True,False,True,28,414.7,287.18,0.096,False,False,True,network_coverage,1
CLM005712,33,Cigna,outpatient,imaging,respiratory,in_network,True,True,True,75,2062.56,1161.62,0.311,True,False,True,duplicate_claim,1
CLM005713,18,Humana,pharmacy,imaging,respiratory,in_network,True,True,True,10,929.67,705.81,0.08,True,False,True,,0
CLM005714,19,Cigna,professional,lab,respiratory,in_network,False,True,True,66,157.68,87.57,0.067,False,False,True,,0
CLM005715,24,Cigna,inpatient,evaluation,cardiology,in_network,True,True,True,27,205.77,108.35,0.193,False,False,True,,0
CLM005716,72,Cigna,outpatient,evaluation,orthopedics,in_network,False,True,True,5,204.32,152.28,0.137,False,False,True,,0
CLM005717,59,Cigna,professional,lab,respiratory,in_network,False,True,True,19,329.79,178.22,0.017,False,False,True,,0
CLM005718,68,Humana,pharmacy,evaluation,orthopedics,in_network,False,True,True,18,263.01,159.58,0.141,False,False,True,,0
CLM005719,34,Humana,inpatient,therapy,respiratory,out_of_network,True,True,True,45,1960.08,1408.71,0.19,False,False,True,network_coverage,1
CLM005720,28,United,inpatient,pharmacy,oncology,in_network,True,True,True,14,218.44,141.06,0.411,False,False,True,,0
CLM005721,73,Cigna,professional,imaging,respiratory,in_network,True,True,True,8,1438.23,884.3,0.066,False,True,True,,0
CLM005722,42,Aetna,inpatient,therapy,orthopedics,in_network,True,True,True,31,544.1,433.31,0.267,False,False,True,,0
CLM005723,73,Cigna,inpatient,therapy,orthopedics,in_network,True,True,True,26,374.71,259.39,0.047,False,False,True,,0
CLM005724,48,BlueCross,pharmacy,lab,respiratory,in_network,False,True,True,37,348.07,253.1,0.081,False,False,True,,0
CLM005725,27,Aetna,professional,imaging,cardiology,in_network,True,True,True,54,920.41,537.27,0.103,False,False,False,,0
CLM005726,20,United,pharmacy,imaging,orthopedics,in_network,True,True,False,51,1088.0,758.03,0.049,False,False,True,,0
CLM005727,24,Humana,professional,lab,general,in_network,False,True,True,87,352.92,301.78,0.17,False,False,True,,0
CLM005728,45,Humana,outpatient,evaluation,cardiology,in_network,False,True,False,65,618.87,530.29,0.257,False,False,True,incomplete_documentation,1
CLM005729,40,Humana,pharmacy,evaluation,oncology,out_of_network,False,False,True,35,1152.85,691.42,0.178,False,True,True,,0
CLM005730,24,United,outpatient,surgery,cardiology,in_network,True,True,True,24,7538.88,4341.0,0.05,False,False,True,,0
CLM005731,34,Humana,outpatient,evaluation,respiratory,in_network,False,True,True,26,429.24,335.68,0.237,False,False,True,,1
CLM005732,89,Humana,pharmacy,lab,cardiology,in_network,False,False,True,44,105.28,78.79,0.183,False,False,True,,0
CLM005733,62,Humana,professional,pharmacy,oncology,out_of_network,False,True,True,15,534.75,308.27,0.093,False,True,True,coding_mismatch,1
CLM005734,88,Humana,pharmacy,imaging,oncology,out_of_network,True,True,False,19,1695.62,1412.22,0.135,False,False,True,network_coverage,1
CLM005735,54,Humana,inpatient,evaluation,respiratory,in_network,True,True,True,35,461.54,377.97,0.102,False,False,True,,0
CLM005736,58,Aetna,pharmacy,pharmacy,cardiology,in_network,False,True,True,7,260.23,181.35,0.161,False,False,True,,1
CLM005737,53,Cigna,professional,evaluation,oncology,in_network,False,False,True,15,415.55,328.06,0.063,False,False,True,,0
CLM005738,52,BlueCross,professional,evaluation,oncology,in_network,False,False,True,11,252.65,151.91,0.169,False,False,True,,1
CLM005739,39,United,pharmacy,lab,orthopedics,in_network,False,False,True,55,171.08,123.31,0.195,False,False,True,,0
CLM005740,87,Cigna,outpatient,evaluation,orthopedics,in_network,False,True,True,9,506.78,343.43,0.107,False,False,True,,0
CLM005741,23,Cigna,professional,therapy,respiratory,in_network,True,True,True,17,387.08,310.55,0.093,False,False,True,,0
CLM005742,66,Cigna,professional,lab,oncology,out_of_network,False,True,True,14,234.95,194.17,0.223,False,False,True,,0
CLM005743,81,Humana,professional,pharmacy,oncology,in_network,False,True,True,19,185.75,145.16,0.32,False,True,False,coverage_inactive,1
CLM005744,27,Humana,pharmacy,lab,general,in_network,False,True,True,33,224.31,137.49,0.273,False,False,True,,0
CLM005745,84,BlueCross,professional,lab,oncology,in_network,False,True,True,30,197.07,103.84,0.069,False,False,True,,0
CLM005746,33,United,inpatient,pharmacy,general,out_of_network,True,True,True,27,246.67,208.2,0.114,False,False,False,coverage_inactive,1
CLM005747,87,Humana,outpatient,lab,general,in_network,False,True,True,35,269.56,182.47,0.057,False,False,True,,0
CLM005748,65,BlueCross,pharmacy,imaging,oncology,in_network,True,True,True,30,859.85,495.29,0.238,False,False,True,,0
CLM005749,50,Humana,pharmacy,lab,orthopedics,in_network,False,True,True,1,141.09,110.97,0.111,False,False,True,,0
CLM005750,86,Cigna,pharmacy,evaluation,oncology,in_network,False,False,True,36,433.74,345.9,0.077,True,False,True,,0
CLM005751,31,BlueCross,inpatient,evaluation,cardiology,in_network,True,True,True,27,403.57,270.87,0.201,False,False,True,,0
CLM005752,41,United,outpatient,imaging,respiratory,out_of_network,True,True,True,57,1568.33,1269.57,0.302,False,False,True,,0
CLM005753,60,BlueCross,professional,therapy,orthopedics,in_network,True,False,True,11,378.99,294.82,0.123,False,False,True,missing_prior_authorization,1
CLM005754,26,United,professional,therapy,general,in_network,True,False,True,24,697.74,461.43,0.142,False,False,True,,0
CLM005755,29,Humana,inpatient,evaluation,respiratory,in_network,True,False,True,30,197.71,109.34,0.051,False,True,False,coverage_inactive,1
CLM005756,72,United,professional,evaluation,oncology,in_network,False,True,True,67,201.55,130.29,0.138,False,False,True,,0
CLM005757,27,Humana,inpatient,pharmacy,cardiology,out_of_network,True,False,True,8,186.4,157.1,0.093,False,False,True,network_coverage,1
CLM005758,32,Humana,outpatient,lab,cardiology,in_network,False,True,False,26,79.23,56.24,0.257,False,False,True,incomplete_documentation,1
CLM005759,82,Aetna,outpatient,lab,respiratory,in_network,False,True,False,27,581.92,393.19,0.153,False,False,True,incomplete_documentation,1
CLM005760,24,United,inpatient,therapy,respiratory,in_network,True,True,True,11,271.08,159.45,0.05,False,False,True,,0
CLM005761,63,Humana,inpatient,lab,orthopedics,in_network,True,True,True,19,377.23,237.4,0.418,False,False,True,,0
CLM005762,67,BlueCross,pharmacy,lab,cardiology,out_of_network,False,True,True,19,366.06,242.96,0.143,False,False,True,,0
CLM005763,24,BlueCross,professional,imaging,orthopedics,in_network,True,True,True,13,1605.51,1268.74,0.225,False,False,True,,1
CLM005764,57,Aetna,pharmacy,imaging,respiratory,out_of_network,True,True,False,28,3861.77,2045.29,0.188,False,False,True,network_coverage,1
CLM005765,47,BlueCross,outpatient,pharmacy,oncology,in_network,False,True,True,30,239.28,196.5,0.11,False,False,True,,0
CLM005766,49,Aetna,outpatient,imaging,cardiology,out_of_network,True,True,True,28,1783.91,1393.49,0.276,False,False,True,network_coverage,1
CLM005767,41,United,outpatient,therapy,cardiology,out_of_network,True,True,True,7,1285.04,732.02,0.183,False,False,True,,0
CLM005768,21,Cigna,professional,evaluation,cardiology,in_network,False,True,True,15,127.7,92.36,0.098,False,False,True,,1
CLM005769,54,Humana,outpatient,imaging,respiratory,in_network,True,True,True,72,2406.33,2061.14,0.173,False,False,True,,0
CLM005770,18,United,professional,surgery,respiratory,in_network,True,True,False,14,9618.01,8188.16,0.147,False,True,True,coding_mismatch,1
CLM005771,48,United,professional,lab,oncology,in_network,False,True,True,7,229.67,176.56,0.209,False,False,True,,0
CLM005772,47,Cigna,professional,therapy,respiratory,in_network,True,True,True,19,436.69,371.89,0.103,False,False,True,,0
CLM005773,61,Aetna,outpatient,lab,cardiology,in_network,False,True,True,3,279.7,191.41,0.053,False,False,True,,0
CLM005774,61,Humana,outpatient,evaluation,oncology,out_of_network,False,True,True,99,362.72,266.59,0.058,False,False,True,,0
CLM005775,72,United,outpatient,surgery,orthopedics,in_network,True,True,False,6,5974.14,4108.05,0.198,False,False,True,incomplete_documentation,1
CLM005776,81,BlueCross,inpatient,imaging,general,out_of_network,True,True,True,11,1891.88,1530.77,0.19,True,False,False,duplicate_claim,1
CLM005777,54,Aetna,professional,imaging,oncology,in_network,True,False,True,13,1862.09,1166.56,0.34,False,False,True,missing_prior_authorization,1
CLM005778,60,Humana,outpatient,lab,general,in_network,False,True,True,30,225.4,128.38,0.148,False,False,True,,0
CLM005779,55,Humana,professional,lab,oncology,in_network,False,True,True,5,296.19,205.91,0.071,False,False,True,,0
CLM005780,53,Aetna,inpatient,pharmacy,oncology,in_network,True,True,True,119,269.65,173.56,0.149,False,False,True,,0
CLM005781,61,Aetna,pharmacy,imaging,general,in_network,True,False,True,23,1825.32,1459.18,0.108,False,False,False,coverage_inactive,1
CLM005782,30,Cigna,pharmacy,therapy,general,in_network,True,True,False,4,630.42,437.57,0.201,False,False,True,,0
CLM005783,20,Aetna,outpatient,therapy,oncology,out_of_network,True,False,True,73,870.16,477.19,0.264,False,False,True,network_coverage,1
CLM005784,29,Aetna,professional,evaluation,orthopedics,in_network,False,True,True,30,382.71,291.85,0.311,False,False,True,,0
CLM005785,30,BlueCross,outpatient,evaluation,respiratory,in_network,False,True,True,18,128.76,73.87,0.044,False,False,True,,0
CLM005786,62,Cigna,professional,imaging,cardiology,in_network,True,False,True,4,979.81,646.89,0.028,False,False,True,,0
CLM005787,25,United,professional,evaluation,orthopedics,in_network,False,True,True,24,297.26,181.6,0.098,False,False,True,,0
CLM005788,43,Cigna,professional,lab,general,in_network,False,True,True,18,345.08,231.35,0.288,False,False,True,,0
CLM005789,25,United,professional,evaluation,general,out_of_network,False,True,True,6,364.76,306.84,0.134,False,False,True,,0
CLM005790,29,Humana,outpatient,surgery,oncology,in_network,True,True,True,26,14305.35,9878.18,0.353,False,False,True,,0
CLM005791,64,BlueCross,professional,evaluation,orthopedics,in_network,False,True,True,17,639.96,392.7,0.08,False,False,True,,0
CLM005792,46,Cigna,professional,therapy,general,in_network,True,True,True,16,1310.23,957.21,0.122,True,False,True,,0
CLM005793,76,Aetna,inpatient,evaluation,orthopedics,out_of_network,True,True,True,47,602.64,460.28,0.337,False,False,True,network_coverage,1
CLM005794,70,United,inpatient,imaging,cardiology,in_network,True,True,True,56,1003.88,858.26,0.295,True,False,True,duplicate_claim,1
CLM005795,35,BlueCross,professional,evaluation,cardiology,in_network,False,True,True,40,400.48,229.96,0.046,False,False,False,coverage_inactive,1
CLM005796,23,United,professional,evaluation,cardiology,in_network,False,True,False,35,488.0,313.88,0.086,False,False,True,,0
CLM005797,87,Humana,outpatient,therapy,general,in_network,True,False,True,39,248.23,182.99,0.256,False,False,True,missing_prior_authorization,1
CLM005798,27,BlueCross,pharmacy,lab,cardiology,in_network,False,True,True,11,408.11,319.11,0.072,False,False,True,,0
CLM005799,67,Cigna,professional,imaging,orthopedics,in_network,True,True,True,19,1078.36,818.3,0.051,False,False,True,,0
CLM005800,60,Aetna,outpatient,lab,respiratory,in_network,False,True,True,38,261.17,188.29,0.201,False,False,True,,0
CLM005801,77,Humana,outpatient,evaluation,respiratory,in_network,False,True,True,34,211.49,137.64,0.018,False,False,True,,0
CLM005802,57,Aetna,professional,lab,general,out_of_network,False,True,False,11,520.33,434.54,0.101,False,False,True,,0
CLM005803,18,Humana,professional,evaluation,general,out_of_network,False,True,True,27,196.72,156.13,0.082,False,False,True,,0
CLM005804,29,Aetna,outpatient,evaluation,oncology,in_network,False,True,True,10,326.76,234.81,0.122,False,False,True,,1
CLM005805,77,Aetna,outpatient,evaluation,orthopedics,in_network,False,True,False,12,268.27,141.3,0.171,True,False,True,duplicate_claim,1
CLM005806,61,BlueCross,professional,evaluation,cardiology,out_of_network,False,True,True,39,645.61,534.84,0.061,True,False,True,duplicate_claim,1
CLM005807,73,Aetna,professional,therapy,general,in_network,True,True,False,30,402.68,214.16,0.423,False,False,True,incomplete_documentation,1
CLM005808,63,United,professional,therapy,orthopedics,out_of_network,True,True,False,29,1152.96,939.9,0.383,True,True,True,duplicate_claim,1
CLM005809,88,United,inpatient,surgery,general,in_network,True,True,True,20,8083.68,6087.77,0.138,False,False,True,,0
CLM005810,23,United,professional,evaluation,orthopedics,in_network,False,True,False,29,441.6,239.28,0.107,False,True,True,coding_mismatch,1
CLM005811,23,Humana,outpatient,pharmacy,respiratory,in_network,False,True,True,22,267.19,150.39,0.011,False,False,True,,0
CLM005812,70,BlueCross,inpatient,lab,respiratory,out_of_network,True,False,True,14,383.0,327.82,0.115,False,False,True,network_coverage,1
CLM005813,21,Humana,professional,pharmacy,respiratory,in_network,False,True,True,39,248.72,171.26,0.15,False,False,False,coverage_inactive,1
CLM005814,26,Humana,professional,pharmacy,respiratory,in_network,False,True,True,3,95.41,63.85,0.185,False,False,True,,0
CLM005815,70,BlueCross,outpatient,therapy,orthopedics,in_network,True,True,True,18,376.48,222.73,0.125,False,False,True,,0
CLM005816,72,United,professional,evaluation,cardiology,out_of_network,False,True,True,56,362.34,210.91,0.55,False,False,True,,0
CLM005817,78,United,outpatient,evaluation,cardiology,in_network,False,True,True,17,452.56,236.83,0.154,False,True,True,coding_mismatch,1
CLM005818,35,BlueCross,outpatient,surgery,oncology,out_of_network,True,False,True,15,21112.74,13033.58,0.137,False,False,True,network_coverage,1
CLM005819,66,Cigna,outpatient,imaging,general,in_network,True,False,True,4,1534.94,1149.48,0.034,False,False,True,,0
CLM005820,34,United,outpatient,lab,respiratory,out_of_network,False,True,True,16,280.67,208.86,0.351,False,False,True,,0
CLM005821,89,BlueCross,professional,evaluation,respiratory,in_network,False,True,True,43,339.48,260.0,0.154,False,False,True,,0
CLM005822,66,United,professional,lab,orthopedics,in_network,False,True,True,63,273.27,207.36,0.157,False,False,True,,1
CLM005823,73,BlueCross,professional,evaluation,oncology,in_network,False,True,False,30,323.38,219.34,0.277,False,True,True,coding_mismatch,1
CLM005824,65,United,outpatient,evaluation,oncology,in_network,False,True,True,14,249.22,209.26,0.062,False,False,True,,0
CLM005825,89,BlueCross,outpatient,evaluation,cardiology,in_network,False,True,False,55,199.5,107.27,0.195,False,True,True,coding_mismatch,1
CLM005826,37,Humana,inpatient,lab,respiratory,in_network,True,True,True,54,151.35,107.13,0.11,False,False,True,,0
CLM005827,72,Cigna,professional,lab,orthopedics,in_network,False,True,True,32,142.12,114.93,0.163,False,True,True,,0
CLM005828,87,BlueCross,outpatient,surgery,oncology,out_of_network,True,True,True,9,13420.35,8609.03,0.082,False,False,True,,0
CLM005829,33,Cigna,outpatient,surgery,oncology,in_network,True,True,False,16,6917.62,4798.47,0.402,False,False,True,,0
CLM005830,45,BlueCross,professional,imaging,cardiology,out_of_network,True,True,True,18,2429.76,1844.06,0.22,False,False,True,,0
CLM005831,68,Humana,professional,imaging,general,in_network,True,False,False,11,498.18,399.75,0.312,False,False,True,incomplete_documentation,1
CLM005832,47,United,outpatient,surgery,orthopedics,in_network,True,True,True,34,6401.18,3832.52,0.03,False,False,True,,0
CLM005833,68,Cigna,outpatient,therapy,respiratory,in_network,True,False,True,22,450.21,281.2,0.249,False,False,True,,0
CLM005834,32,BlueCross,professional,lab,respiratory,in_network,False,True,False,17,257.32,134.85,0.224,False,False,True,,0
CLM005835,23,Humana,outpatient,surgery,cardiology,in_network,True,False,True,21,9535.48,7498.57,0.044,False,False,True,,0
CLM005836,22,Cigna,inpatient,evaluation,orthopedics,in_network,True,True,True,7,521.26,313.87,0.163,False,False,True,,0
CLM005837,31,United,professional,therapy,oncology,in_network,True,False,True,19,951.17,599.31,0.046,False,True,True,,0
CLM005838,76,BlueCross,outpatient,pharmacy,general,in_network,False,True,True,56,239.6,128.03,0.146,False,False,True,,0
CLM005839,66,Cigna,outpatient,evaluation,respiratory,out_of_network,False,True,True,23,479.31,324.19,0.051,False,False,True,,0
CLM005840,42,Cigna,outpatient,imaging,oncology,out_of_network,True,True,True,13,2327.25,1920.64,0.204,False,False,True,,0
CLM005841,66,United,outpatient,pharmacy,general,in_network,False,True,True,14,186.28,108.27,0.167,False,False,True,,0
CLM005842,53,Aetna,outpatient,evaluation,oncology,in_network,False,True,True,9,576.07,460.24,0.168,False,False,True,,0
CLM005843,30,Humana,outpatient,evaluation,general,in_network,False,True,True,30,329.45,208.35,0.113,False,False,True,,0
CLM005844,74,United,outpatient,therapy,respiratory,in_network,True,True,True,16,447.27,247.82,0.17,False,False,True,,0
CLM005845,20,BlueCross,outpatient,lab,cardiology,in_network,False,True,True,60,297.93,247.88,0.202,False,False,True,,0
CLM005846,25,Cigna,pharmacy,therapy,orthopedics,in_network,True,False,True,76,361.01,291.74,0.451,False,False,True,,0
CLM005847,36,BlueCross,pharmacy,evaluation,cardiology,in_network,False,True,True,1,670.76,456.86,0.28,True,False,True,,0
CLM005848,62,Cigna,outpatient,therapy,orthopedics,in_network,True,True,True,33,247.51,193.27,0.113,False,False,True,,0
CLM005849,43,United,inpatient,imaging,cardiology,in_network,True,True,True,19,850.53,506.08,0.101,False,False,True,,0
CLM005850,44,BlueCross,professional,imaging,cardiology,in_network,True,False,True,17,2218.5,1367.46,0.023,False,False,True,,0
CLM005851,56,BlueCross,pharmacy,imaging,cardiology,in_network,True,True,True,44,2821.39,2218.39,0.085,False,False,True,,1
CLM005852,78,Cigna,professional,surgery,respiratory,out_of_network,True,True,True,39,30433.62,16035.81,0.173,False,True,True,coding_mismatch,1
CLM005853,41,Cigna,inpatient,lab,oncology,in_network,True,False,True,73,187.17,98.55,0.155,False,False,True,missing_prior_authorization,1
CLM005854,46,Humana,outpatient,pharmacy,oncology,in_network,False,True,True,20,187.84,134.47,0.184,False,False,True,,0
CLM005855,20,Aetna,inpatient,surgery,respiratory,in_network,True,True,True,85,10647.61,8561.69,0.098,False,False,True,,0
CLM005856,86,United,professional,lab,general,in_network,False,True,True,20,292.05,173.63,0.266,False,False,True,,0
CLM005857,78,Humana,professional,surgery,oncology,in_network,True,True,True,33,14932.38,8157.85,0.098,False,False,True,,0
CLM005858,44,United,outpatient,therapy,oncology,in_network,True,True,True,10,597.55,334.4,0.062,False,False,True,,0
CLM005859,79,Cigna,outpatient,therapy,respiratory,in_network,True,True,True,11,1567.22,1084.59,0.12,False,False,True,,0
CLM005860,20,Cigna,outpatient,therapy,oncology,in_network,True,False,True,14,809.36,421.54,0.115,False,False,True,,0
CLM005861,23,BlueCross,professional,pharmacy,oncology,in_network,True,True,True,21,337.37,281.73,0.133,False,False,False,coverage_inactive,1
CLM005862,57,United,inpatient,pharmacy,orthopedics,in_network,True,True,True,10,132.0,79.12,0.252,False,False,True,,0
CLM005863,58,Aetna,professional,evaluation,cardiology,in_network,False,True,True,53,507.72,422.76,0.127,False,False,True,,0
CLM005864,27,Cigna,professional,evaluation,cardiology,in_network,False,True,True,39,566.39,365.63,0.207,False,False,True,,0
CLM005865,54,BlueCross,professional,lab,respiratory,in_network,False,True,True,15,366.61,215.44,0.091,False,False,True,,0
CLM005866,28,Humana,outpatient,therapy,general,in_network,True,True,False,6,229.39,131.45,0.161,True,False,True,duplicate_claim,1
CLM005867,50,United,professional,lab,oncology,in_network,False,True,True,91,170.78,143.49,0.069,False,False,True,,0
CLM005868,52,Humana,professional,evaluation,cardiology,in_network,True,False,True,62,241.89,182.83,0.106,False,False,True,,0
CLM005869,32,Aetna,inpatient,imaging,respiratory,in_network,True,True,True,11,1269.27,966.33,0.064,False,False,True,,0
CLM005870,38,BlueCross,outpatient,surgery,general,out_of_network,True,True,True,17,11009.58,6496.72,0.198,False,False,True,,0
CLM005871,55,Aetna,professional,imaging,oncology,in_network,True,False,True,33,5538.4,4068.31,0.258,False,False,True,missing_prior_authorization,1
CLM005872,57,Cigna,outpatient,therapy,cardiology,in_network,True,True,True,28,396.71,217.65,0.302,False,False,True,,0
CLM005873,88,Aetna,inpatient,evaluation,cardiology,in_network,True,True,True,14,348.88,197.21,0.221,False,False,True,,0
CLM005874,65,Humana,inpatient,imaging,oncology,in_network,True,True,False,38,1830.96,971.18,0.268,False,False,True,,0
CLM005875,72,Cigna,outpatient,therapy,general,in_network,True,True,True,35,521.69,378.84,0.18,False,False,True,,1
CLM005876,82,BlueCross,outpatient,lab,cardiology,in_network,False,True,True,30,580.14,477.95,0.156,False,False,True,,0
CLM005877,45,United,professional,evaluation,respiratory,out_of_network,False,True,True,47,583.45,449.57,0.352,False,False,True,network_coverage,1
CLM005878,38,Humana,outpatient,imaging,respiratory,out_of_network,True,True,True,15,1664.49,923.1,0.032,False,False,True,,0
CLM005879,60,Humana,professional,imaging,cardiology,in_network,True,False,True,31,1213.07,660.79,0.188,False,True,True,coding_mismatch,1
CLM005880,54,BlueCross,outpatient,therapy,orthopedics,in_network,True,False,True,10,769.32,474.22,0.184,False,False,True,missing_prior_authorization,1
CLM005881,64,BlueCross,outpatient,therapy,cardiology,in_network,True,True,True,30,906.44,608.16,0.085,False,False,True,,0
CLM005882,72,Cigna,outpatient,evaluation,oncology,in_network,True,True,True,39,450.1,264.31,0.127,False,True,True,coding_mismatch,1
CLM005883,61,Humana,professional,therapy,cardiology,in_network,True,True,True,2,396.96,210.9,0.194,False,False,True,,0
CLM005884,59,United,pharmacy,pharmacy,general,in_network,False,True,True,45,154.45,120.67,0.022,False,False,True,,0
CLM005885,76,Humana,outpatient,lab,cardiology,in_network,False,True,True,97,322.48,255.3,0.3,False,False,True,timely_filing,1
CLM005886,43,Aetna,inpatient,lab,respiratory,in_network,True,True,True,89,508.08,335.55,0.105,False,False,True,,0
CLM005887,31,United,outpatient,pharmacy,respiratory,in_network,True,True,True,8,284.66,208.76,0.053,False,False,True,,0
CLM005888,24,BlueCross,inpatient,imaging,cardiology,in_network,True,True,True,7,1196.21,647.69,0.107,False,False,True,,0
CLM005889,30,Aetna,professional,evaluation,orthopedics,in_network,False,True,True,64,320.3,197.5,0.054,False,False,True,,0
CLM005890,31,Cigna,inpatient,imaging,respiratory,in_network,True,True,True,5,564.44,341.39,0.134,False,False,True,,0
CLM005891,49,Cigna,pharmacy,therapy,cardiology,in_network,True,False,True,56,837.66,450.44,0.43,False,False,True,missing_prior_authorization,1
CLM005892,20,Aetna,professional,imaging,oncology,in_network,True,True,True,7,823.99,642.9,0.11,False,False,True,,0
CLM005893,73,BlueCross,outpatient,therapy,orthopedics,in_network,True,True,True,8,832.24,576.86,0.207,False,False,True,,0
CLM005894,62,BlueCross,professional,evaluation,cardiology,out_of_network,False,True,True,59,489.65,327.66,0.158,False,False,True,,0
CLM005895,36,Cigna,inpatient,imaging,oncology,in_network,True,False,True,33,3543.21,1932.79,0.275,False,False,True,missing_prior_authorization,1
CLM005896,54,Humana,professional,imaging,oncology,in_network,True,True,True,12,2244.9,1622.5,0.221,False,False,True,,0
CLM005897,24,Humana,inpatient,lab,orthopedics,in_network,True,True,True,46,288.8,202.2,0.308,False,False,True,,1
CLM005898,39,Aetna,professional,surgery,general,in_network,True,False,True,28,9556.92,6853.64,0.128,False,False,True,missing_prior_authorization,1
CLM005899,52,Aetna,outpatient,lab,cardiology,in_network,False,True,True,22,185.32,121.77,0.056,False,False,True,,0
CLM005900,86,Humana,inpatient,pharmacy,oncology,in_network,True,True,True,9,207.3,132.79,0.069,False,False,True,,0
CLM005901,64,United,professional,imaging,cardiology,in_network,True,True,True,10,1320.37,716.25,0.187,False,False,True,,0
CLM005902,54,Aetna,inpatient,lab,respiratory,in_network,True,True,True,36,125.97,98.36,0.068,False,False,True,,0
CLM005903,89,BlueCross,inpatient,lab,oncology,in_network,True,True,True,9,435.95,296.19,0.119,False,False,True,,0
CLM005904,89,Aetna,professional,lab,respiratory,in_network,False,True,True,16,215.79,128.74,0.11,False,False,True,,0
CLM005905,56,Cigna,outpatient,surgery,cardiology,in_network,True,True,True,14,8238.02,4777.01,0.05,False,False,True,,0
CLM005906,44,BlueCross,pharmacy,evaluation,oncology,in_network,True,True,True,63,152.85,95.66,0.111,False,False,True,,0
CLM005907,44,Aetna,professional,therapy,cardiology,in_network,True,True,True,17,413.16,348.33,0.08,False,True,True,coding_mismatch,1
CLM005908,62,United,professional,evaluation,orthopedics,out_of_network,False,True,True,23,646.49,436.64,0.057,False,False,True,,0
CLM005909,74,Humana,outpatient,lab,general,in_network,False,True,True,5,172.56,116.57,0.075,False,False,True,,0
CLM005910,40,Cigna,inpatient,therapy,respiratory,in_network,True,True,True,19,317.98,181.9,0.349,False,False,True,,0
CLM005911,79,Humana,pharmacy,pharmacy,cardiology,in_network,False,True,True,11,177.06,144.42,0.099,False,False,False,,0
CLM005912,85,BlueCross,inpatient,evaluation,orthopedics,in_network,True,False,True,21,360.35,236.52,0.08,False,False,True,,0
CLM005913,58,United,outpatient,pharmacy,general,in_network,False,True,True,16,312.59,172.19,0.098,False,False,False,,0
CLM005914,36,Cigna,outpatient,surgery,cardiology,in_network,True,True,False,8,16502.62,9159.47,0.167,False,True,True,coding_mismatch,1
CLM005915,39,BlueCross,outpatient,pharmacy,respiratory,in_network,False,True,False,17,191.2,120.26,0.064,True,False,True,duplicate_claim,1
CLM005916,32,Cigna,professional,evaluation,orthopedics,in_network,False,True,True,2,188.61,110.18,0.165,False,False,True,,0
CLM005917,37,Cigna,professional,evaluation,oncology,out_of_network,False,True,True,14,354.65,242.14,0.233,False,False,True,,0
CLM005918,63,Humana,professional,evaluation,general,in_network,False,True,False,130,534.0,377.69,0.175,False,False,True,,0
CLM005919,21,United,professional,pharmacy,respiratory,in_network,False,True,True,33,118.65,95.54,0.254,True,False,True,duplicate_claim,1
CLM005920,41,BlueCross,outpatient,lab,orthopedics,in_network,False,True,False,27,322.14,201.95,0.059,False,False,True,incomplete_documentation,1
CLM005921,78,Humana,outpatient,evaluation,cardiology,in_network,True,False,True,12,971.45,635.12,0.081,False,False,True,missing_prior_authorization,1
CLM005922,80,Aetna,inpatient,evaluation,orthopedics,in_network,True,True,True,33,518.35,322.21,0.216,False,False,True,,0
CLM005923,23,BlueCross,professional,evaluation,oncology,in_network,False,True,True,11,397.93,336.12,0.072,False,False,True,,0
CLM005924,26,Cigna,outpatient,evaluation,cardiology,in_network,False,True,True,62,620.27,513.03,0.13,False,False,True,,0
CLM005925,34,Cigna,outpatient,surgery,general,in_network,True,True,True,48,11217.06,6659.34,0.119,False,False,True,,0
CLM005926,22,Humana,outpatient,lab,cardiology,out_of_network,False,True,True,10,272.64,202.64,0.127,False,False,True,,0
CLM005927,58,Aetna,professional,lab,oncology,in_network,True,True,True,16,263.24,148.55,0.15,False,True,True,,0
CLM005928,19,United,professional,evaluation,general,in_network,False,True,False,34,208.27,160.89,0.141,False,False,True,,0
CLM005929,35,Cigna,professional,evaluation,orthopedics,in_network,False,True,True,17,188.88,151.02,0.025,False,True,True,coding_mismatch,1
CLM005930,39,Cigna,inpatient,evaluation,oncology,in_network,True,False,True,28,317.28,191.27,0.295,False,False,False,coverage_inactive,1
CLM005931,81,Humana,pharmacy,evaluation,cardiology,in_network,False,True,True,58,245.3,208.67,0.111,True,False,True,duplicate_claim,1
CLM005932,76,Humana,outpatient,therapy,respiratory,out_of_network,True,True,True,50,477.73,383.33,0.211,False,False,True,,0
CLM005933,71,Cigna,outpatient,imaging,general,in_network,True,False,True,15,843.39,581.07,0.121,False,False,True,missing_prior_authorization,1
CLM005934,84,Cigna,outpatient,evaluation,respiratory,out_of_network,False,True,False,30,401.3,221.9,0.105,False,False,True,,0
CLM005935,88,BlueCross,outpatient,pharmacy,cardiology,in_network,False,True,True,3,141.49,92.61,0.102,False,False,False,,0
CLM005936,83,Cigna,outpatient,evaluation,orthopedics,in_network,False,True,True,11,340.62,232.34,0.084,False,False,True,,0
CLM005937,85,BlueCross,outpatient,pharmacy,respiratory,in_network,False,True,True,32,144.55,116.39,0.204,False,False,True,,0
CLM005938,85,Humana,outpatient,pharmacy,respiratory,out_of_network,False,True,False,24,192.17,128.31,0.15,False,False,True,network_coverage,1
CLM005939,33,Cigna,professional,lab,oncology,in_network,False,False,True,16,217.5,114.14,0.217,False,False,True,,0
CLM005940,39,BlueCross,professional,evaluation,general,in_network,False,True,True,11,159.97,103.01,0.186,False,False,True,,1
CLM005941,52,Cigna,professional,therapy,orthopedics,in_network,True,True,True,18,327.78,210.39,0.223,False,False,True,,0
CLM005942,57,United,professional,lab,respiratory,in_network,False,True,True,78,415.72,310.41,0.122,False,False,True,,0
CLM005943,50,Cigna,inpatient,surgery,oncology,out_of_network,True,False,True,27,16890.56,10186.68,0.116,False,False,True,network_coverage,1
CLM005944,43,BlueCross,professional,surgery,respiratory,in_network,True,True,True,14,9262.15,5299.48,0.063,False,False,True,,1
CLM005945,49,Cigna,inpatient,surgery,oncology,out_of_network,True,False,True,8,6300.26,4159.19,0.056,False,False,True,network_coverage,1
CLM005946,68,Humana,outpatient,evaluation,oncology,in_network,False,True,True,14,209.83,152.35,0.225,False,False,True,,0
CLM005947,71,Aetna,inpatient,imaging,general,in_network,True,True,True,12,1207.97,741.94,0.081,False,False,True,,0
CLM005948,83,Cigna,professional,lab,general,in_network,True,True,True,6,283.94,190.25,0.09,True,False,True,duplicate_claim,1
CLM005949,75,Aetna,outpatient,therapy,general,in_network,True,True,True,16,368.03,278.97,0.137,False,False,True,,0
CLM005950,29,United,professional,lab,cardiology,in_network,False,True,True,23,306.87,224.59,0.133,False,False,True,,0
CLM005951,32,Humana,outpatient,evaluation,oncology,out_of_network,False,True,True,6,421.69,219.64,0.137,False,False,True,network_coverage,1
CLM005952,52,Aetna,outpatient,lab,respiratory,out_of_network,True,True,True,49,475.63,257.52,0.267,False,True,True,coding_mismatch,1
CLM005953,80,Cigna,outpatient,imaging,general,out_of_network,True,False,True,15,2211.35,1505.98,0.127,False,False,True,network_coverage,1
CLM005954,50,United,inpatient,pharmacy,orthopedics,in_network,True,False,True,18,290.23,159.1,0.326,False,False,True,missing_prior_authorization,1
CLM005955,27,United,outpatient,evaluation,respiratory,in_network,False,True,True,31,337.53,268.99,0.174,False,False,True,,0
CLM005956,83,Aetna,professional,evaluation,oncology,out_of_network,False,False,False,22,358.1,260.17,0.242,False,True,True,,0
CLM005957,60,BlueCross,outpatient,evaluation,orthopedics,in_network,False,True,True,9,492.54,263.19,0.247,False,False,True,,0
CLM005958,81,Aetna,inpatient,imaging,general,in_network,True,False,True,17,1454.28,1022.3,0.149,False,False,True,,0
CLM005959,43,BlueCross,professional,evaluation,oncology,in_network,True,True,True,5,365.79,235.68,0.132,False,False,True,,0
CLM005960,80,United,outpatient,surgery,respiratory,out_of_network,True,True,True,48,15388.05,8197.31,0.098,False,False,True,,0
CLM005961,21,Humana,inpatient,therapy,orthopedics,in_network,True,True,True,12,822.43,669.19,0.111,False,True,True,coding_mismatch,1
CLM005962,71,BlueCross,inpatient,imaging,cardiology,in_network,True,True,True,14,1638.3,906.96,0.067,False,False,True,,1
CLM005963,88,BlueCross,outpatient,evaluation,oncology,in_network,False,True,True,14,540.38,453.8,0.054,False,True,True,coding_mismatch,1
CLM005964,84,Humana,outpatient,surgery,respiratory,in_network,True,True,True,37,3256.73,2445.77,0.12,False,False,True,,0
CLM005965,51,Cigna,professional,surgery,orthopedics,in_network,True,True,False,8,11600.56,8382.33,0.172,False,True,True,coding_mismatch,1
CLM005966,89,Cigna,outpatient,imaging,general,in_network,True,True,False,10,2567.83,1877.55,0.163,False,False,True,,0
CLM005967,88,Cigna,professional,evaluation,respiratory,in_network,False,True,True,24,541.27,430.27,0.151,False,False,True,,0
CLM005968,27,United,outpatient,lab,respiratory,in_network,False,True,True,44,152.84,100.51,0.238,False,True,True,,0
CLM005969,53,Cigna,professional,therapy,general,in_network,True,True,True,23,362.81,191.79,0.05,False,False,True,,0
CLM005970,83,Humana,professional,lab,general,in_network,False,True,True,30,521.24,408.75,0.085,False,False,True,,0
CLM005971,80,United,outpatient,evaluation,respiratory,out_of_network,False,True,True,23,1341.81,703.42,0.086,False,False,True,,0
CLM005972,57,BlueCross,inpatient,surgery,general,in_network,True,False,True,21,11489.18,6369.34,0.273,False,False,True,,0
CLM005973,35,Humana,outpatient,pharmacy,respiratory,in_network,False,True,True,37,957.9,597.5,0.166,False,False,True,,0
CLM005974,37,United,pharmacy,lab,general,in_network,False,True,True,24,217.71,179.6,0.111,False,False,True,,0
CLM005975,24,BlueCross,pharmacy,imaging,cardiology,out_of_network,True,True,True,63,3219.25,1678.88,0.258,False,True,True,coding_mismatch,1
CLM005976,58,BlueCross,outpatient,surgery,orthopedics,in_network,True,True,True,14,6179.74,3417.53,0.093,False,False,True,,0
CLM005977,19,Aetna,professional,imaging,general,in_network,True,False,False,57,1690.38,1223.11,0.13,False,False,True,incomplete_documentation,1
CLM005978,53,Humana,outpatient,lab,oncology,in_network,False,True,True,12,137.72,82.24,0.149,False,False,True,,0
CLM005979,30,Humana,outpatient,surgery,cardiology,in_network,True,True,True,20,12303.39,7575.76,0.089,False,False,True,,0
CLM005980,56,Humana,professional,pharmacy,general,in_network,True,False,True,10,148.74,107.64,0.052,False,False,True,,0
CLM005981,22,BlueCross,outpatient,therapy,respiratory,out_of_network,True,True,True,17,431.46,250.53,0.117,False,False,True,,0
CLM005982,44,Humana,outpatient,surgery,general,in_network,True,True,False,12,18114.6,13658.37,0.16,False,False,True,,0
CLM005983,42,Aetna,professional,lab,cardiology,out_of_network,False,True,True,11,418.38,300.44,0.219,False,False,True,,0
CLM005984,64,Humana,outpatient,surgery,cardiology,in_network,True,True,True,8,6480.59,4444.33,0.163,True,False,True,,0
CLM005985,67,Cigna,professional,imaging,oncology,in_network,True,False,True,20,1008.79,687.73,0.059,False,False,True,missing_prior_authorization,1
CLM005986,66,United,outpatient,lab,cardiology,in_network,False,True,True,28,120.51,96.57,0.035,False,False,True,,1
CLM005987,53,United,inpatient,imaging,oncology,in_network,True,True,True,106,1019.89,655.33,0.254,False,False,True,,0
CLM005988,22,Cigna,outpatient,surgery,orthopedics,in_network,True,True,False,29,6791.9,4576.57,0.21,True,False,True,duplicate_claim,1
CLM005989,83,Humana,pharmacy,pharmacy,orthopedics,in_network,False,True,False,24,233.42,141.73,0.099,False,False,True,,0
CLM005990,73,United,outpatient,evaluation,respiratory,in_network,False,True,True,14,368.1,230.12,0.112,False,False,True,,0
CLM005991,66,BlueCross,inpatient,pharmacy,cardiology,in_network,True,True,True,20,127.18,101.59,0.06,False,False,True,,0
CLM005992,57,Aetna,professional,surgery,general,out_of_network,True,True,True,7,7949.34,5932.12,0.138,False,False,True,,0
CLM005993,58,Cigna,pharmacy,evaluation,cardiology,in_network,False,True,True,20,757.3,636.13,0.058,False,False,True,,1
CLM005994,80,BlueCross,pharmacy,lab,oncology,in_network,False,True,True,4,353.68,187.35,0.122,False,False,True,,0
CLM005995,40,Humana,outpatient,imaging,general,in_network,True,True,True,18,2058.31,1594.69,0.328,False,False,True,,1
CLM005996,64,Humana,outpatient,evaluation,cardiology,in_network,False,True,True,102,330.8,275.33,0.256,False,True,True,,0
CLM005997,89,Cigna,professional,imaging,general,out_of_network,True,True,True,23,1078.03,766.73,0.116,False,False,True,,0
CLM005998,89,BlueCross,professional,lab,orthopedics,in_network,False,True,True,65,283.32,177.53,0.303,False,False,True,,1
CLM005999,72,Cigna,professional,evaluation,respiratory,out_of_network,False,True,True,98,344.19,253.01,0.135,False,False,True,,0
CLM006000,71,Cigna,professional,therapy,general,in_network,True,True,False,7,1660.16,923.72,0.033,False,False,True,,0
